Using pre-set license
Built from '2022.3/release' branch; Version is '2022.3.18f1 (d29bea25151d) revision 13802474'; Using compiler version '192829333'; Build Type 'Release'
OS: 'Windows 11  (10.0.22631) 64bit Core' Language: 'en' Physical Memory: 32682 MB
BatchMode: 1, IsHumanControllingUs: 0, StartBugReporterOnCrash: 0, Is64bit: 1, IsPro: 1

COMMAND LINE ARGUMENTS:
C:\Program Files\Unity\Hub\Editor\2022.3.18f1\Editor\Unity.exe
-adb2
-batchMode
-noUpm
-name
AssetImportWorker23
-projectPath
C:/Users/Rose/OneDrive/Desktop/Coding/GitHub/CS465_OrdwayR/RosysWizards465
-logFile
Logs/AssetImportWorker23.log
-srvPort
55627
Successfully changed project path to: C:/Users/Rose/OneDrive/Desktop/Coding/GitHub/CS465_OrdwayR/RosysWizards465
C:/Users/Rose/OneDrive/Desktop/Coding/GitHub/CS465_OrdwayR/RosysWizards465
[UnityMemory] Configuration Parameters - Can be set up in boot.config
    "memorysetup-bucket-allocator-granularity=16"
    "memorysetup-bucket-allocator-bucket-count=8"
    "memorysetup-bucket-allocator-block-size=33554432"
    "memorysetup-bucket-allocator-block-count=8"
    "memorysetup-main-allocator-block-size=16777216"
    "memorysetup-thread-allocator-block-size=16777216"
    "memorysetup-gfx-main-allocator-block-size=16777216"
    "memorysetup-gfx-thread-allocator-block-size=16777216"
    "memorysetup-cache-allocator-block-size=4194304"
    "memorysetup-typetree-allocator-block-size=2097152"
    "memorysetup-profiler-bucket-allocator-granularity=16"
    "memorysetup-profiler-bucket-allocator-bucket-count=8"
    "memorysetup-profiler-bucket-allocator-block-size=33554432"
    "memorysetup-profiler-bucket-allocator-block-count=8"
    "memorysetup-profiler-allocator-block-size=16777216"
    "memorysetup-profiler-editor-allocator-block-size=1048576"
    "memorysetup-temp-allocator-size-main=16777216"
    "memorysetup-job-temp-allocator-block-size=2097152"
    "memorysetup-job-temp-allocator-block-size-background=1048576"
    "memorysetup-job-temp-allocator-reduction-small-platforms=262144"
    "memorysetup-allocator-temp-initial-block-size-main=262144"
    "memorysetup-allocator-temp-initial-block-size-worker=262144"
    "memorysetup-temp-allocator-size-background-worker=32768"
    "memorysetup-temp-allocator-size-job-worker=262144"
    "memorysetup-temp-allocator-size-preload-manager=33554432"
    "memorysetup-temp-allocator-size-nav-mesh-worker=65536"
    "memorysetup-temp-allocator-size-audio-worker=65536"
    "memorysetup-temp-allocator-size-cloud-worker=32768"
    "memorysetup-temp-allocator-size-gi-baking-worker=262144"
    "memorysetup-temp-allocator-size-gfx=262144"
Player connection [20952] Host "[IP] 10.0.0.179 [Port] 0 [Flags] 2 [Guid] 1841802898 [EditorId] 1841802898 [Version] 1048832 [Id] WindowsEditor(7,Rosy) [Debug] 1 [PackageName] WindowsEditor [ProjectName] Editor" joined multi-casting on [225.0.0.222:54997]...

Player connection [20952] Host "[IP] 10.0.0.179 [Port] 0 [Flags] 2 [Guid] 1841802898 [EditorId] 1841802898 [Version] 1048832 [Id] WindowsEditor(7,Rosy) [Debug] 1 [PackageName] WindowsEditor [ProjectName] Editor" joined alternative multi-casting on [225.0.0.222:34997]...

[Physics::Module] Initialized MultithreadedJobDispatcher with 15 workers.
Refreshing native plugins compatible for Editor in 70.80 ms, found 13 plugins.
Preloading 0 native plugins for Editor in 0.00 ms.
Initialize engine version: 2022.3.18f1 (d29bea25151d)
[Subsystems] Discovering subsystems at path C:/Program Files/Unity/Hub/Editor/2022.3.18f1/Editor/Data/Resources/UnitySubsystems
[Subsystems] Discovering subsystems at path C:/Users/Rose/OneDrive/Desktop/Coding/GitHub/CS465_OrdwayR/RosysWizards465/Assets
GfxDevice: creating device client; threaded=0; jobified=0
Direct3D:
    Version:  Direct3D 11.0 [level 11.1]
    Renderer: NVIDIA GeForce RTX 3080 Ti (ID=0x2208)
    Vendor:   NVIDIA
    VRAM:     12086 MB
    Driver:   32.0.15.6636
Shader 'Oculus/OVRMRCameraFrameLit': fallback shader 'Alpha-Diffuse' not found
Initialize mono
Mono path[0] = 'C:/Program Files/Unity/Hub/Editor/2022.3.18f1/Editor/Data/Managed'
Mono path[1] = 'C:/Program Files/Unity/Hub/Editor/2022.3.18f1/Editor/Data/MonoBleedingEdge/lib/mono/unityjit-win32'
Mono config path = 'C:/Program Files/Unity/Hub/Editor/2022.3.18f1/Editor/Data/MonoBleedingEdge/etc'
Using monoOptions --debugger-agent=transport=dt_socket,embedding=1,server=y,suspend=n,address=127.0.0.1:56380
Begin MonoManager ReloadAssembly
Registering precompiled unity dll's ...
Register platform support module: C:/Program Files/Unity/Hub/Editor/2022.3.18f1/Editor/Data/PlaybackEngines/WebGLSupport/UnityEditor.WebGL.Extensions.dll
Register platform support module: C:/Program Files/Unity/Hub/Editor/2022.3.18f1/Editor/Data/PlaybackEngines/AndroidPlayer/UnityEditor.Android.Extensions.dll
Register platform support module: C:/Program Files/Unity/Hub/Editor/2022.3.18f1/Editor/Data/PlaybackEngines/WindowsStandaloneSupport/UnityEditor.WindowsStandalone.Extensions.dll
Registered in 0.010494 seconds.
- Loaded All Assemblies, in  0.319 seconds
Native extension for WindowsStandalone target not found
Native extension for Android target not found
Android Extension - Scanning For ADB Devices 231 ms
Native extension for WebGL target not found
Mono: successfully reloaded assembly
- Finished resetting the current domain, in  0.500 seconds
Domain Reload Profiling: 818ms
	BeginReloadAssembly (89ms)
		ExecutionOrderSort (0ms)
		DisableScriptedObjects (0ms)
		BackupInstance (0ms)
		ReleaseScriptingObjects (0ms)
		CreateAndSetChildDomain (1ms)
	RebuildCommonClasses (27ms)
	RebuildNativeTypeToScriptingClass (8ms)
	initialDomainReloadingComplete (53ms)
	LoadAllAssembliesAndSetupDomain (140ms)
		LoadAssemblies (87ms)
		RebuildTransferFunctionScriptingTraits (0ms)
		AnalyzeDomain (138ms)
			TypeCache.Refresh (137ms)
				TypeCache.ScanAssembly (127ms)
			ScanForSourceGeneratedMonoScriptInfo (0ms)
			ResolveRequiredComponents (0ms)
	FinalizeReload (501ms)
		ReleaseScriptCaches (0ms)
		RebuildScriptCaches (0ms)
		SetupLoadedEditorAssemblies (458ms)
			LogAssemblyErrors (0ms)
			InitializePlatformSupportModulesInManaged (331ms)
			SetLoadedEditorAssemblies (3ms)
			RefreshPlugins (0ms)
			BeforeProcessingInitializeOnLoad (2ms)
			ProcessInitializeOnLoadAttributes (88ms)
			ProcessInitializeOnLoadMethodAttributes (35ms)
			AfterProcessingInitializeOnLoad (0ms)
			EditorAssembliesLoaded (0ms)
		ExecutionOrderSort2 (0ms)
		AwakeInstancesAfterBackupRestoration (0ms)
========================================================================
Worker process is ready to serve import requests
Begin MonoManager ReloadAssembly
Symbol file LoadedFromMemory is not a mono symbol file
- Loaded All Assemblies, in  0.823 seconds
Refreshing native plugins compatible for Editor in 46.06 ms, found 13 plugins.
Native extension for WindowsStandalone target not found
Native extension for Android target not found
Native extension for WebGL target not found
Package Manager log level set to [2]
[Package Manager] Server::EnsureServerProcessIsRunning -- launch failed, reason: Unity was launched with the -noUpm command-line argument
[Package Manager] UpmClient::Send -- Unable to send message (not connected to UPM process).
[Package Manager] Cannot connect to Unity Package Manager local server
[Package Manager] Server::EnsureServerProcessIsRunning -- launch failed, reason: Unity was launched with the -noUpm command-line argument
[Package Manager] UpmClient::Send -- Unable to send message (not connected to UPM process).
[Package Manager] Cannot connect to Unity Package Manager local server
[Package Manager] Server::EnsureServerProcessIsRunning -- launch failed, reason: Unity was launched with the -noUpm command-line argument
[Package Manager] UpmClient::Send -- Unable to send message (not connected to UPM process).
[Package Manager] Cannot connect to Unity Package Manager local server
System.Reflection.TargetInvocationException: Exception has been thrown by the target of an invocation. ---> System.TypeInitializationException: The type initializer for 'UnityEditor.XR.Interaction.Toolkit.Samples.Hands.Editor.HandsSampleProjectValidation' threw an exception. ---> System.NullReferenceException: Object reference not set to an instance of an object
  at Unity.XR.CoreUtils.Editor.PackageVersionUtility.UpdatePackageVersions () [0x00034] in .\Library\PackageCache\com.unity.xr.core-utils@2.2.3\Editor\ProjectValidation\PackageVersionUtility.cs:46 
  at Unity.XR.CoreUtils.Editor.PackageVersionUtility.GetPackageVersion (System.String packageName) [0x00011] in .\Library\PackageCache\com.unity.xr.core-utils@2.2.3\Editor\ProjectValidation\PackageVersionUtility.cs:67 
  at UnityEditor.XR.Interaction.Toolkit.Samples.Hands.Editor.HandsSampleProjectValidation..cctor () [0x00041] in C:\Users\Rose\OneDrive\Desktop\Coding\GitHub\CS465_OrdwayR\RosysWizards465\Assets\Samples\XR Interaction Toolkit\3.0.7\Hands Interaction Demo\Editor\Scripts\HandsSampleProjectValidation.cs:34 
   --- End of inner exception stack trace ---
  at (wrapper managed-to-native) System.Object.__icall_wrapper_mono_gc_wbarrier_generic_nostore_internal(intptr)
  at (wrapper write-barrier) System.Object.wbarrier_conc(intptr)
  at (wrapper managed-to-native) System.Reflection.RuntimeMethodInfo.InternalInvoke(System.Reflection.RuntimeMethodInfo,object,object[],System.Exception&)
  at System.Reflection.RuntimeMethodInfo.Invoke (System.Object obj, System.Reflection.BindingFlags invokeAttr, System.Reflection.Binder binder, System.Object[] parameters, System.Globalization.CultureInfo culture) [0x0006a] in <bfbc89a04b6b4dd49c3614d03fc31ce8>:0 
   --- End of inner exception stack trace ---
  at System.Reflection.RuntimeMethodInfo.Invoke (System.Object obj, System.Reflection.BindingFlags invokeAttr, System.Reflection.Binder binder, System.Object[] parameters, System.Globalization.CultureInfo culture) [0x00083] in <bfbc89a04b6b4dd49c3614d03fc31ce8>:0 
  at System.Reflection.MethodBase.Invoke (System.Object obj, System.Object[] parameters) [0x00000] in <bfbc89a04b6b4dd49c3614d03fc31ce8>:0 
  at UnityEditor.EditorAssemblies.ProcessInitializeOnLoadMethodAttributes () [0x000a5] in <8e887700cd7e4674989da7b046e8eaa6>:0 
UnityEngine.StackTraceUtility:ExtractStackTrace ()
UnityEngine.DebugLogHandler:LogFormat (UnityEngine.LogType,UnityEngine.Object,string,object[])
UnityEngine.Logger:Log (UnityEngine.LogType,object)
UnityEngine.Debug:LogError (object)
UnityEditor.EditorAssemblies:ProcessInitializeOnLoadMethodAttributes ()

Mono: successfully reloaded assembly
[Package Manager] Server::EnsureServerProcessIsRunning -- launch failed, reason: Unity was launched with the -noUpm command-line argument
[Package Manager] UpmClient::Send -- Unable to send message (not connected to UPM process).
[Package Manager] Cannot connect to Unity Package Manager local server
[Package Manager] Server::EnsureServerProcessIsRunning -- launch failed, reason: Unity was launched with the -noUpm command-line argument
[Package Manager] UpmClient::Send -- Unable to send message (not connected to UPM process).
[Package Manager] Cannot connect to Unity Package Manager local server
- Finished resetting the current domain, in  1.249 seconds
Domain Reload Profiling: 2064ms
	BeginReloadAssembly (117ms)
		ExecutionOrderSort (0ms)
		DisableScriptedObjects (5ms)
		BackupInstance (0ms)
		ReleaseScriptingObjects (0ms)
		CreateAndSetChildDomain (17ms)
	RebuildCommonClasses (26ms)
	RebuildNativeTypeToScriptingClass (8ms)
	initialDomainReloadingComplete (39ms)
	LoadAllAssembliesAndSetupDomain (623ms)
		LoadAssemblies (367ms)
		RebuildTransferFunctionScriptingTraits (0ms)
		AnalyzeDomain (324ms)
			TypeCache.Refresh (254ms)
				TypeCache.ScanAssembly (231ms)
			ScanForSourceGeneratedMonoScriptInfo (50ms)
			ResolveRequiredComponents (19ms)
	FinalizeReload (1250ms)
		ReleaseScriptCaches (0ms)
		RebuildScriptCaches (0ms)
		SetupLoadedEditorAssemblies (1029ms)
			LogAssemblyErrors (0ms)
			InitializePlatformSupportModulesInManaged (24ms)
			SetLoadedEditorAssemblies (4ms)
			RefreshPlugins (0ms)
			BeforeProcessingInitializeOnLoad (127ms)
			ProcessInitializeOnLoadAttributes (791ms)
			ProcessInitializeOnLoadMethodAttributes (75ms)
			AfterProcessingInitializeOnLoad (8ms)
			EditorAssembliesLoaded (0ms)
		ExecutionOrderSort2 (0ms)
		AwakeInstancesAfterBackupRestoration (6ms)
Shader 'Oculus/OVRMRCameraFrameLit': fallback shader 'Alpha-Diffuse' not found
Launched and connected shader compiler UnityShaderCompiler.exe after 0.04 seconds
Refreshing native plugins compatible for Editor in 42.31 ms, found 13 plugins.
Preloading 0 native plugins for Editor in 0.00 ms.
Unloading 10256 Unused Serialized files (Serialized files now loaded: 0)
Unloading 322 unused Assets / (16.0 MB). Loaded Objects now: 10596.
Memory consumption went from 450.8 MB to 434.8 MB.
Total: 9.570200 ms (FindLiveObjects: 0.501600 ms CreateObjectMapping: 0.317000 ms MarkObjects: 5.500300 ms  DeleteObjects: 3.250700 ms)

AssetImportParameters requested are different than current active one (requested -> active):
  custom:container-demuxer-ogg: 62fdf1f143b41e24485cea50d1cbac27 -> 
  custom:framework-win-MediaFoundation: 216162199b28c13a410421893ffa2e32 -> 
  custom:container-muxer-webm: aa71ff27fc2769a1b78a27578f13a17b -> 
  custom:video-decoder-webm-vp8: 9c59270c3fd7afecdb556c50c9e8de78 -> 
  custom:SearchIndexIgnoredProperties: e643bd26f0fe6173181afceb89e7c659 -> 
  custom:AudioImporter_EditorPlatform: d09bf68614088b80899f8185d706f6e7 -> 
  custom:audio-decoder-ogg-vorbis: bf7c407c2cedff20999df2af8eb42d56 -> 
  custom:audio-encoder-webm-vorbis: bf7c407c2cedff20999df2af8eb42d56 -> 
  custom:video-codec-MediaFoundation-h265: 746d11721c4dcdbdad8f713fa42b33f4 -> 
  custom:video-decoder-ogg-theora: a1e56fd34408186e4bbccfd4996cb3dc -> 
  custom:CustomObjectIndexerAttribute: 62b5816608c3102f162a1797e29626cf -> 
  custom:container-demuxer-webm: 4f35f7cbe854078d1ac9338744f61a02 -> 
  custom:video-encoder-webm-vp8: eb34c28f22e8b96e1ab97ce403110664 -> 
========================================================================
Received Import Request.
  Time since last request: 44711.209567 seconds.
  path: Assets/DuoDraconis Dungeon Set - Wizard Laboratory/Meshes/DS_WizLab_Clut_SmallCauldron.fbx
  artifactKey: Guid(1a851a71953e4ed46a43f3ac010e5307) Importer(815301076,1909f56bfc062723c751e8b465ee728b)
Start importing Assets/DuoDraconis Dungeon Set - Wizard Laboratory/Meshes/DS_WizLab_Clut_SmallCauldron.fbx using Guid(1a851a71953e4ed46a43f3ac010e5307) Importer(815301076,1909f56bfc062723c751e8b465ee728b)  -> (artifact id: '5825069cd7ccdb6bf3c8c9a8252e1799') in 0.502347 seconds
Number of updated asset objects reloaded before import = 0
Number of asset objects unloaded after import = 220
========================================================================
Received Import Request.
  Time since last request: 0.000021 seconds.
  path: Assets/DuoDraconis Dungeon Set - Wizard Laboratory/Textures/DS_WizLab_Clut_SmallChest_normal.png
  artifactKey: Guid(07179b511b2d91d44bb02258d5f7f17d) Importer(815301076,1909f56bfc062723c751e8b465ee728b)
Start importing Assets/DuoDraconis Dungeon Set - Wizard Laboratory/Textures/DS_WizLab_Clut_SmallChest_normal.png using Guid(07179b511b2d91d44bb02258d5f7f17d) Importer(815301076,1909f56bfc062723c751e8b465ee728b)  -> (artifact id: '3e51024536b295c1e6fc962ba9dcbc24') in 0.039662 seconds
Number of updated asset objects reloaded before import = 0
Number of asset objects unloaded after import = 2
========================================================================
Received Import Request.
  Time since last request: 0.000021 seconds.
  path: Assets/DuoDraconis Dungeon Set - Wizard Laboratory/Textures/DS_WizLab_Furn_SmallBookcase_roughness.png
  artifactKey: Guid(19646e48109ce5a4cb7d02e791a4af8a) Importer(815301076,1909f56bfc062723c751e8b465ee728b)
Start importing Assets/DuoDraconis Dungeon Set - Wizard Laboratory/Textures/DS_WizLab_Furn_SmallBookcase_roughness.png using Guid(19646e48109ce5a4cb7d02e791a4af8a) Importer(815301076,1909f56bfc062723c751e8b465ee728b)  -> (artifact id: 'bbc0c84426f54eac25929e62fd99bc7b') in 0.028659 seconds
Number of updated asset objects reloaded before import = 0
Number of asset objects unloaded after import = 2
========================================================================
Received Import Request.
  Time since last request: 0.000014 seconds.
  path: Assets/DuoDraconis Dungeon Set - Wizard Laboratory/Prefab/DS_WizLab_Clut_SmallChest.prefab
  artifactKey: Guid(a838821247c44b54bba06d23797eb846) Importer(815301076,1909f56bfc062723c751e8b465ee728b)
Start importing Assets/DuoDraconis Dungeon Set - Wizard Laboratory/Prefab/DS_WizLab_Clut_SmallChest.prefab using Guid(a838821247c44b54bba06d23797eb846) Importer(815301076,1909f56bfc062723c751e8b465ee728b)  -> (artifact id: 'e25d59b474537c3d9f53cfecb72279a2') in 0.031120 seconds
Number of updated asset objects reloaded before import = 0
Number of asset objects unloaded after import = 15
========================================================================
Received Import Request.
  Time since last request: 0.000012 seconds.
  path: Assets/DuoDraconis Dungeon Set - Wizard Laboratory/Textures/DS_WizLab_Furn_SmallBookcase_diffuse.png
  artifactKey: Guid(390ff96d780cfc24688d44b353901e8d) Importer(815301076,1909f56bfc062723c751e8b465ee728b)
Start importing Assets/DuoDraconis Dungeon Set - Wizard Laboratory/Textures/DS_WizLab_Furn_SmallBookcase_diffuse.png using Guid(390ff96d780cfc24688d44b353901e8d) Importer(815301076,1909f56bfc062723c751e8b465ee728b)  -> (artifact id: 'fafee25dfce23b80eca16f638a6d73b2') in 0.026477 seconds
Number of updated asset objects reloaded before import = 0
Number of asset objects unloaded after import = 2
========================================================================
Received Import Request.
  Time since last request: 0.000013 seconds.
  path: Assets/DuoDraconis Dungeon Set - Wizard Laboratory/Meshes/DS_WizLab_Clut_SmallChest.fbx
  artifactKey: Guid(b8416770dbc93e742ad109a593058653) Importer(815301076,1909f56bfc062723c751e8b465ee728b)
Start importing Assets/DuoDraconis Dungeon Set - Wizard Laboratory/Meshes/DS_WizLab_Clut_SmallChest.fbx using Guid(b8416770dbc93e742ad109a593058653) Importer(815301076,1909f56bfc062723c751e8b465ee728b)  -> (artifact id: '79a7c56d5170aa841733be0c36298c2f') in 0.050020 seconds
Number of updated asset objects reloaded before import = 0
Number of asset objects unloaded after import = 14
========================================================================
Received Import Request.
  Time since last request: 0.000016 seconds.
  path: Assets/DuoDraconis Dungeon Set - Wizard Laboratory/Textures/DS_WizLab_Clut_SmallCauldron_normal.png
  artifactKey: Guid(caada69667bd2ca488c03a42cdf9f937) Importer(815301076,1909f56bfc062723c751e8b465ee728b)
Start importing Assets/DuoDraconis Dungeon Set - Wizard Laboratory/Textures/DS_WizLab_Clut_SmallCauldron_normal.png using Guid(caada69667bd2ca488c03a42cdf9f937) Importer(815301076,1909f56bfc062723c751e8b465ee728b)  -> (artifact id: 'b031a495518383bf2d284cdc70c0b23b') in 0.034255 seconds
Number of updated asset objects reloaded before import = 0
Number of asset objects unloaded after import = 2
========================================================================
Received Import Request.
  Time since last request: 0.000020 seconds.
  path: Assets/DuoDraconis Dungeon Set - Wizard Laboratory/Textures/DS_WizLab_Clut_SmallCauldron_ambientocclusion.png
  artifactKey: Guid(7f6338bc251034a43860649062c50e4f) Importer(815301076,1909f56bfc062723c751e8b465ee728b)
Start importing Assets/DuoDraconis Dungeon Set - Wizard Laboratory/Textures/DS_WizLab_Clut_SmallCauldron_ambientocclusion.png using Guid(7f6338bc251034a43860649062c50e4f) Importer(815301076,1909f56bfc062723c751e8b465ee728b)  -> (artifact id: 'd3a29f02d6adcc638a5fe2d2c6e430ea') in 0.022996 seconds
Number of updated asset objects reloaded before import = 0
Number of asset objects unloaded after import = 2
========================================================================
Received Import Request.
  Time since last request: 0.000013 seconds.
  path: Assets/Imports/FantasyEnvironments/Environments/Town/FBXs/Furniture_table_small.fbx
  artifactKey: Guid(0215ca5a28009dc41bf0acf5ede23837) Importer(815301076,1909f56bfc062723c751e8b465ee728b)
Start importing Assets/Imports/FantasyEnvironments/Environments/Town/FBXs/Furniture_table_small.fbx using Guid(0215ca5a28009dc41bf0acf5ede23837) Importer(815301076,1909f56bfc062723c751e8b465ee728b)  -> (artifact id: '5a678cdd9194a01cec08520411f83dc1') in 0.051835 seconds
Number of updated asset objects reloaded before import = 0
Number of asset objects unloaded after import = 10
========================================================================
Received Import Request.
  Time since last request: 0.000012 seconds.
  path: Assets/DuoDraconis Dungeon Set - Wizard Laboratory/Textures/DS_WizLab_Furn_SmallBookcase_ambientocclusion.png
  artifactKey: Guid(9686c91f22ed11f478167dc9e66e3799) Importer(815301076,1909f56bfc062723c751e8b465ee728b)
Start importing Assets/DuoDraconis Dungeon Set - Wizard Laboratory/Textures/DS_WizLab_Furn_SmallBookcase_ambientocclusion.png using Guid(9686c91f22ed11f478167dc9e66e3799) Importer(815301076,1909f56bfc062723c751e8b465ee728b)  -> (artifact id: 'cbcbf3a48855ceb9a55526376eeaeb1f') in 0.038039 seconds
Number of updated asset objects reloaded before import = 0
Number of asset objects unloaded after import = 2
========================================================================
Received Import Request.
  Time since last request: 0.000015 seconds.
  path: Assets/DuoDraconis Dungeon Set - Wizard Laboratory/Meshes/DS_WizLab_Furn_SmallBookcase.fbx
  artifactKey: Guid(5144c2c107e96e841a89fbc489a27463) Importer(815301076,1909f56bfc062723c751e8b465ee728b)
Start importing Assets/DuoDraconis Dungeon Set - Wizard Laboratory/Meshes/DS_WizLab_Furn_SmallBookcase.fbx using Guid(5144c2c107e96e841a89fbc489a27463) Importer(815301076,1909f56bfc062723c751e8b465ee728b)  -> (artifact id: '8b170371d0aae4353174ec7ce1f7ec4f') in 0.030619 seconds
Number of updated asset objects reloaded before import = 0
Number of asset objects unloaded after import = 14
========================================================================
Received Import Request.
  Time since last request: 0.000013 seconds.
  path: Assets/DuoDraconis Dungeon Set - Wizard Laboratory/Textures/DS_WizLab_Clut_SmallCauldron_roughness.png
  artifactKey: Guid(819864ea27d8b6b4eaac26165c26b1b4) Importer(815301076,1909f56bfc062723c751e8b465ee728b)
Start importing Assets/DuoDraconis Dungeon Set - Wizard Laboratory/Textures/DS_WizLab_Clut_SmallCauldron_roughness.png using Guid(819864ea27d8b6b4eaac26165c26b1b4) Importer(815301076,1909f56bfc062723c751e8b465ee728b)  -> (artifact id: '9fc9e23c3bca0fc6e090cbf088171ba3') in 0.018534 seconds
Number of updated asset objects reloaded before import = 0
Number of asset objects unloaded after import = 2
========================================================================
Received Import Request.
  Time since last request: 0.000019 seconds.
  path: Assets/DuoDraconis Dungeon Set - Wizard Laboratory/Prefab/DS_WizLab_Furn_SmallBookcase.prefab
  artifactKey: Guid(f1bdd7fa760e5894fa3c6b9cc42395f2) Importer(815301076,1909f56bfc062723c751e8b465ee728b)
Start importing Assets/DuoDraconis Dungeon Set - Wizard Laboratory/Prefab/DS_WizLab_Furn_SmallBookcase.prefab using Guid(f1bdd7fa760e5894fa3c6b9cc42395f2) Importer(815301076,1909f56bfc062723c751e8b465ee728b)  -> (artifact id: 'e501675219cfafb97c48b057856a2a32') in 0.025916 seconds
Number of updated asset objects reloaded before import = 0
Number of asset objects unloaded after import = 15
========================================================================
Received Import Request.
  Time since last request: 0.000012 seconds.
  path: Assets/DuoDraconis Dungeon Set - Wizard Laboratory/Textures/DS_WizLab_Clut_SmallChest_metallic.png
  artifactKey: Guid(f2d8784f00df6f1458ddd5d96178db09) Importer(815301076,1909f56bfc062723c751e8b465ee728b)
Start importing Assets/DuoDraconis Dungeon Set - Wizard Laboratory/Textures/DS_WizLab_Clut_SmallChest_metallic.png using Guid(f2d8784f00df6f1458ddd5d96178db09) Importer(815301076,1909f56bfc062723c751e8b465ee728b)  -> (artifact id: '52f7cd86ae292e88afe4ea8b25c54816') in 0.016852 seconds
Number of updated asset objects reloaded before import = 0
Number of asset objects unloaded after import = 2
========================================================================
Received Import Request.
  Time since last request: 0.000012 seconds.
  path: Assets/DuoDraconis Dungeon Set - Wizard Laboratory/Textures/DS_WizLab_Furn_SmallBookcase_normal.png
  artifactKey: Guid(5f9d019530c1ca64baa169ffc503b9e7) Importer(815301076,1909f56bfc062723c751e8b465ee728b)
Start importing Assets/DuoDraconis Dungeon Set - Wizard Laboratory/Textures/DS_WizLab_Furn_SmallBookcase_normal.png using Guid(5f9d019530c1ca64baa169ffc503b9e7) Importer(815301076,1909f56bfc062723c751e8b465ee728b)  -> (artifact id: '9c3c4b25a027cad8840bdbfbaeacd716') in 0.017147 seconds
Number of updated asset objects reloaded before import = 0
Number of asset objects unloaded after import = 2
========================================================================
Received Import Request.
  Time since last request: 0.000016 seconds.
  path: Assets/DuoDraconis Dungeon Set - Wizard Laboratory/Textures/DS_WizLab_Clut_SmallChest_diffuse.png
  artifactKey: Guid(d0706be3d5ed67d4f857dfb7dce4c09d) Importer(815301076,1909f56bfc062723c751e8b465ee728b)
Start importing Assets/DuoDraconis Dungeon Set - Wizard Laboratory/Textures/DS_WizLab_Clut_SmallChest_diffuse.png using Guid(d0706be3d5ed67d4f857dfb7dce4c09d) Importer(815301076,1909f56bfc062723c751e8b465ee728b)  -> (artifact id: 'ebfefdf08d332fe5cae3289fcc91d8a5') in 0.022628 seconds
Number of updated asset objects reloaded before import = 0
Number of asset objects unloaded after import = 2
========================================================================
Received Import Request.
  Time since last request: 26.017657 seconds.
  path: Packages/com.unity.searcher/Editor/Resources/FlatSkin/SearchSmallDownOn.png
  artifactKey: Guid(f353e9d22eb9164499dd70cb41b00244) Importer(815301076,1909f56bfc062723c751e8b465ee728b)
Start importing Packages/com.unity.searcher/Editor/Resources/FlatSkin/SearchSmallDownOn.png using Guid(f353e9d22eb9164499dd70cb41b00244) Importer(815301076,1909f56bfc062723c751e8b465ee728b)  -> (artifact id: '19bdec3799ccb25fcd7bd8dd6f55dc4d') in 0.018709 seconds
Number of updated asset objects reloaded before import = 0
Number of asset objects unloaded after import = 2
========================================================================
Received Import Request.
  Time since last request: 0.000017 seconds.
  path: Packages/com.meta.xr.sdk.interaction/Runtime/Sample/Objects/Environment/Room/Models/SmallRoom.fbx
  artifactKey: Guid(479d627c07ecbfe49a4be981663e6aed) Importer(815301076,1909f56bfc062723c751e8b465ee728b)
Start importing Packages/com.meta.xr.sdk.interaction/Runtime/Sample/Objects/Environment/Room/Models/SmallRoom.fbx using Guid(479d627c07ecbfe49a4be981663e6aed) Importer(815301076,1909f56bfc062723c751e8b465ee728b)  -> (artifact id: '2fc2a8a303149bd44a59994f7db9e781') in 0.216514 seconds
Number of updated asset objects reloaded before import = 0
Number of asset objects unloaded after import = 103
========================================================================
Received Import Request.
  Time since last request: 0.000024 seconds.
  path: Packages/com.meta.xr.sdk.interaction/Runtime/Sample/Objects/Environment/SmallRoom/Materials/SmallRoomWoodMat.mat
  artifactKey: Guid(39529bfee90df16499ae08d968e12ea7) Importer(815301076,1909f56bfc062723c751e8b465ee728b)
Start importing Packages/com.meta.xr.sdk.interaction/Runtime/Sample/Objects/Environment/SmallRoom/Materials/SmallRoomWoodMat.mat using Guid(39529bfee90df16499ae08d968e12ea7) Importer(815301076,1909f56bfc062723c751e8b465ee728b)  -> (artifact id: '9e56d888a411963e01336848172eda2f') in 0.046079 seconds
Number of updated asset objects reloaded before import = 0
Number of asset objects unloaded after import = 4
========================================================================
Received Import Request.
  Time since last request: 0.000017 seconds.
  path: Packages/com.meta.xr.sdk.interaction/Runtime/Sample/Objects/Environment/Room/Materials/SmallRoomFurnitureMat.mat
  artifactKey: Guid(33b6566958c82294a880d2361ebcf5e8) Importer(815301076,1909f56bfc062723c751e8b465ee728b)
Start importing Packages/com.meta.xr.sdk.interaction/Runtime/Sample/Objects/Environment/Room/Materials/SmallRoomFurnitureMat.mat using Guid(33b6566958c82294a880d2361ebcf5e8) Importer(815301076,1909f56bfc062723c751e8b465ee728b)  -> (artifact id: 'e41148da5367400802c88d8e6e637559') in 0.031953 seconds
Number of updated asset objects reloaded before import = 0
Number of asset objects unloaded after import = 3
========================================================================
Received Import Request.
  Time since last request: 0.000012 seconds.
  path: Packages/com.meta.xr.sdk.interaction/Runtime/Sample/Objects/Environment/SmallRoom/Materials/SmallRoomRugMat.mat
  artifactKey: Guid(23e1dde719fbf8d47a9d537057eea96d) Importer(815301076,1909f56bfc062723c751e8b465ee728b)
Start importing Packages/com.meta.xr.sdk.interaction/Runtime/Sample/Objects/Environment/SmallRoom/Materials/SmallRoomRugMat.mat using Guid(23e1dde719fbf8d47a9d537057eea96d) Importer(815301076,1909f56bfc062723c751e8b465ee728b)  -> (artifact id: 'bdba8a93b5334ab0360caa872bd3f989') in 0.036316 seconds
Number of updated asset objects reloaded before import = 0
Number of asset objects unloaded after import = 4
========================================================================
Received Import Request.
  Time since last request: 0.000013 seconds.
  path: Packages/com.meta.xr.sdk.interaction/Runtime/Sample/Prefabs/SmallRoundedBoxToggle.prefab
  artifactKey: Guid(5afe68e7068abf9418e6848f4b3a2564) Importer(815301076,1909f56bfc062723c751e8b465ee728b)
Start importing Packages/com.meta.xr.sdk.interaction/Runtime/Sample/Prefabs/SmallRoundedBoxToggle.prefab using Guid(5afe68e7068abf9418e6848f4b3a2564) Importer(815301076,1909f56bfc062723c751e8b465ee728b)  -> (artifact id: 'b165652b0cf483f6a84983f43a7d6e07') in 0.012348 seconds
Number of updated asset objects reloaded before import = 0
Number of asset objects unloaded after import = 15
========================================================================
Received Import Request.
  Time since last request: 0.000576 seconds.
  path: Packages/com.meta.xr.sdk.interaction/Runtime/Sample/Objects/UISet/Prefabs/Slider/SmallSlider_LabelsAndIcons.prefab
  artifactKey: Guid(ab9e0a62c7bd05742b82217187604b90) Importer(815301076,1909f56bfc062723c751e8b465ee728b)
Start importing Packages/com.meta.xr.sdk.interaction/Runtime/Sample/Objects/UISet/Prefabs/Slider/SmallSlider_LabelsAndIcons.prefab using Guid(ab9e0a62c7bd05742b82217187604b90) Importer(815301076,1909f56bfc062723c751e8b465ee728b)  -> (artifact id: 'd72ea95789fa4b2b7660a8011f70f1be') in 0.038817 seconds
Number of updated asset objects reloaded before import = 0
Number of asset objects unloaded after import = 74
========================================================================
Received Import Request.
  Time since last request: 0.000015 seconds.
  path: Packages/com.meta.xr.sdk.interaction/Runtime/Sample/Objects/Environment/Room/Materials/SmallRoomRugMat.mat
  artifactKey: Guid(e3eadacbd4e650b4dbd950729cd19602) Importer(815301076,1909f56bfc062723c751e8b465ee728b)
Start importing Packages/com.meta.xr.sdk.interaction/Runtime/Sample/Objects/Environment/Room/Materials/SmallRoomRugMat.mat using Guid(e3eadacbd4e650b4dbd950729cd19602) Importer(815301076,1909f56bfc062723c751e8b465ee728b)  -> (artifact id: 'cd56712188bed9bd09107b8e2b61a024') in 0.040270 seconds
Number of updated asset objects reloaded before import = 0
Number of asset objects unloaded after import = 4
========================================================================
Received Import Request.
  Time since last request: 0.000013 seconds.
  path: Packages/com.meta.xr.sdk.interaction/Runtime/Sample/Objects/Environment/SmallRoom/Materials/SmallRoomFurnitureMat.mat
  artifactKey: Guid(c5f016c75329b6944b4f8f8141620a3e) Importer(815301076,1909f56bfc062723c751e8b465ee728b)
Start importing Packages/com.meta.xr.sdk.interaction/Runtime/Sample/Objects/Environment/SmallRoom/Materials/SmallRoomFurnitureMat.mat using Guid(c5f016c75329b6944b4f8f8141620a3e) Importer(815301076,1909f56bfc062723c751e8b465ee728b)  -> (artifact id: 'dcef8ea9453f8f1ca945190ad451bc96') in 0.027209 seconds
Number of updated asset objects reloaded before import = 0
Number of asset objects unloaded after import = 3
========================================================================
Received Import Request.
  Time since last request: 0.000013 seconds.
  path: Packages/com.meta.xr.sdk.interaction/Runtime/Sample/Objects/Environment/SmallRoom/SmallRoomEnvironment.prefab
  artifactKey: Guid(dc29a1b9eef1f684dac4d51fc9295eea) Importer(815301076,1909f56bfc062723c751e8b465ee728b)
Start importing Packages/com.meta.xr.sdk.interaction/Runtime/Sample/Objects/Environment/SmallRoom/SmallRoomEnvironment.prefab using Guid(dc29a1b9eef1f684dac4d51fc9295eea) Importer(815301076,1909f56bfc062723c751e8b465ee728b)  -> (artifact id: 'cd30bd726a07d6b15c2406e2fdda7621') in 0.111065 seconds
Number of updated asset objects reloaded before import = 0
Number of asset objects unloaded after import = 134
========================================================================
Received Import Request.
  Time since last request: 68.870211 seconds.
  path: Assets/DuoDraconis Dungeon Set - Wizard Laboratory/Textures/DS_WizLab_Furn_WallLight_normal.png
  artifactKey: Guid(a2d7e97a155ff7b4389bc5b9c02c1472) Importer(815301076,1909f56bfc062723c751e8b465ee728b)
Start importing Assets/DuoDraconis Dungeon Set - Wizard Laboratory/Textures/DS_WizLab_Furn_WallLight_normal.png using Guid(a2d7e97a155ff7b4389bc5b9c02c1472) Importer(815301076,1909f56bfc062723c751e8b465ee728b)  -> (artifact id: 'f0faa7b49ec6ad42ddf6f2f979f566a2') in 0.025301 seconds
Number of updated asset objects reloaded before import = 0
Number of asset objects unloaded after import = 2
========================================================================
Received Import Request.
  Time since last request: 0.000014 seconds.
  path: Assets/DuoDraconis Dungeon Set - Wizard Laboratory/Textures/DS_WizLab_Furn_WallLight_Emissive.png
  artifactKey: Guid(dc33ffd47d1481c4d97070620d7a5cb1) Importer(815301076,1909f56bfc062723c751e8b465ee728b)
Start importing Assets/DuoDraconis Dungeon Set - Wizard Laboratory/Textures/DS_WizLab_Furn_WallLight_Emissive.png using Guid(dc33ffd47d1481c4d97070620d7a5cb1) Importer(815301076,1909f56bfc062723c751e8b465ee728b)  -> (artifact id: '0de608ea9664d6b3eb250d02dda4ee72') in 0.020425 seconds
Number of updated asset objects reloaded before import = 0
Number of asset objects unloaded after import = 2
========================================================================
Received Import Request.
  Time since last request: 0.000013 seconds.
  path: Assets/DuoDraconis Dungeon Set - Wizard Laboratory/Textures/DS_WizLab_Furn_WallLight_roughness.png
  artifactKey: Guid(29499a8aa58507d44b902ee302bbc8df) Importer(815301076,1909f56bfc062723c751e8b465ee728b)
Start importing Assets/DuoDraconis Dungeon Set - Wizard Laboratory/Textures/DS_WizLab_Furn_WallLight_roughness.png using Guid(29499a8aa58507d44b902ee302bbc8df) Importer(815301076,1909f56bfc062723c751e8b465ee728b)  -> (artifact id: 'e1e16bb1cf61409e49f9e3fed74c5af9') in 0.018714 seconds
Number of updated asset objects reloaded before import = 0
Number of asset objects unloaded after import = 2
========================================================================
Received Prepare
Begin MonoManager ReloadAssembly
Symbol file LoadedFromMemory is not a mono symbol file
- Loaded All Assemblies, in  0.644 seconds
Refreshing native plugins compatible for Editor in 46.69 ms, found 13 plugins.
Native extension for WindowsStandalone target not found
Native extension for Android target not found
Native extension for WebGL target not found
[Package Manager] Server::EnsureServerProcessIsRunning -- launch failed, reason: Unity was launched with the -noUpm command-line argument
[Package Manager] UpmClient::Send -- Unable to send message (not connected to UPM process).
[Package Manager] Cannot connect to Unity Package Manager local server
[Package Manager] Server::EnsureServerProcessIsRunning -- launch failed, reason: Unity was launched with the -noUpm command-line argument
[Package Manager] UpmClient::Send -- Unable to send message (not connected to UPM process).
[Package Manager] Cannot connect to Unity Package Manager local server
[Package Manager] Server::EnsureServerProcessIsRunning -- launch failed, reason: Unity was launched with the -noUpm command-line argument
[Package Manager] UpmClient::Send -- Unable to send message (not connected to UPM process).
[Package Manager] Cannot connect to Unity Package Manager local server
System.Reflection.TargetInvocationException: Exception has been thrown by the target of an invocation. ---> System.TypeInitializationException: The type initializer for 'UnityEditor.XR.Interaction.Toolkit.Samples.Hands.Editor.HandsSampleProjectValidation' threw an exception. ---> System.NullReferenceException: Object reference not set to an instance of an object
  at Unity.XR.CoreUtils.Editor.PackageVersionUtility.UpdatePackageVersions () [0x00034] in .\Library\PackageCache\com.unity.xr.core-utils@2.2.3\Editor\ProjectValidation\PackageVersionUtility.cs:46 
  at Unity.XR.CoreUtils.Editor.PackageVersionUtility.GetPackageVersion (System.String packageName) [0x00011] in .\Library\PackageCache\com.unity.xr.core-utils@2.2.3\Editor\ProjectValidation\PackageVersionUtility.cs:67 
  at UnityEditor.XR.Interaction.Toolkit.Samples.Hands.Editor.HandsSampleProjectValidation..cctor () [0x00041] in C:\Users\Rose\OneDrive\Desktop\Coding\GitHub\CS465_OrdwayR\RosysWizards465\Assets\Samples\XR Interaction Toolkit\3.0.7\Hands Interaction Demo\Editor\Scripts\HandsSampleProjectValidation.cs:34 
   --- End of inner exception stack trace ---
  at (wrapper managed-to-native) System.Object.__icall_wrapper_mono_gc_wbarrier_generic_nostore_internal(intptr)
  at (wrapper write-barrier) System.Object.wbarrier_conc(intptr)
  at (wrapper managed-to-native) System.Reflection.RuntimeMethodInfo.InternalInvoke(System.Reflection.RuntimeMethodInfo,object,object[],System.Exception&)
  at System.Reflection.RuntimeMethodInfo.Invoke (System.Object obj, System.Reflection.BindingFlags invokeAttr, System.Reflection.Binder binder, System.Object[] parameters, System.Globalization.CultureInfo culture) [0x0006a] in <bfbc89a04b6b4dd49c3614d03fc31ce8>:0 
   --- End of inner exception stack trace ---
  at System.Reflection.RuntimeMethodInfo.Invoke (System.Object obj, System.Reflection.BindingFlags invokeAttr, System.Reflection.Binder binder, System.Object[] parameters, System.Globalization.CultureInfo culture) [0x00083] in <bfbc89a04b6b4dd49c3614d03fc31ce8>:0 
  at System.Reflection.MethodBase.Invoke (System.Object obj, System.Object[] parameters) [0x00000] in <bfbc89a04b6b4dd49c3614d03fc31ce8>:0 
  at UnityEditor.EditorAssemblies.ProcessInitializeOnLoadMethodAttributes () [0x000a5] in <8e887700cd7e4674989da7b046e8eaa6>:0 
UnityEngine.StackTraceUtility:ExtractStackTrace ()
UnityEngine.DebugLogHandler:LogFormat (UnityEngine.LogType,UnityEngine.Object,string,object[])
UnityEngine.Logger:Log (UnityEngine.LogType,object)
UnityEngine.Debug:LogError (object)
UnityEditor.EditorAssemblies:ProcessInitializeOnLoadMethodAttributes ()

Mono: successfully reloaded assembly
[Package Manager] Server::EnsureServerProcessIsRunning -- launch failed, reason: Unity was launched with the -noUpm command-line argument
[Package Manager] UpmClient::Send -- Unable to send message (not connected to UPM process).
[Package Manager] Cannot connect to Unity Package Manager local server
- Finished resetting the current domain, in  2.455 seconds
Domain Reload Profiling: 3091ms
	BeginReloadAssembly (203ms)
		ExecutionOrderSort (0ms)
		DisableScriptedObjects (10ms)
		BackupInstance (0ms)
		ReleaseScriptingObjects (0ms)
		CreateAndSetChildDomain (64ms)
	RebuildCommonClasses (32ms)
	RebuildNativeTypeToScriptingClass (13ms)
	initialDomainReloadingComplete (28ms)
	LoadAllAssembliesAndSetupDomain (358ms)
		LoadAssemblies (403ms)
		RebuildTransferFunctionScriptingTraits (0ms)
		AnalyzeDomain (30ms)
			TypeCache.Refresh (6ms)
				TypeCache.ScanAssembly (0ms)
			ScanForSourceGeneratedMonoScriptInfo (0ms)
			ResolveRequiredComponents (23ms)
	FinalizeReload (2456ms)
		ReleaseScriptCaches (0ms)
		RebuildScriptCaches (0ms)
		SetupLoadedEditorAssemblies (931ms)
			LogAssemblyErrors (0ms)
			InitializePlatformSupportModulesInManaged (22ms)
			SetLoadedEditorAssemblies (3ms)
			RefreshPlugins (0ms)
			BeforeProcessingInitializeOnLoad (119ms)
			ProcessInitializeOnLoadAttributes (704ms)
			ProcessInitializeOnLoadMethodAttributes (75ms)
			AfterProcessingInitializeOnLoad (7ms)
			EditorAssembliesLoaded (0ms)
		ExecutionOrderSort2 (0ms)
		AwakeInstancesAfterBackupRestoration (21ms)
Shader 'Oculus/OVRMRCameraFrameLit': fallback shader 'Alpha-Diffuse' not found
Refreshing native plugins compatible for Editor in 46.65 ms, found 13 plugins.
Preloading 0 native plugins for Editor in 0.00 ms.
Unloading 9860 Unused Serialized files (Serialized files now loaded: 0)
Unloading 261 unused Assets / (15.6 MB). Loaded Objects now: 10779.
Memory consumption went from 397.0 MB to 381.4 MB.
Total: 9.704700 ms (FindLiveObjects: 0.712100 ms CreateObjectMapping: 0.443400 ms MarkObjects: 5.214500 ms  DeleteObjects: 3.334100 ms)

Prepare: number of updated asset objects reloaded= 0
AssetImportParameters requested are different than current active one (requested -> active):
  custom:container-demuxer-ogg: 62fdf1f143b41e24485cea50d1cbac27 -> 
  custom:framework-win-MediaFoundation: 216162199b28c13a410421893ffa2e32 -> 
  custom:container-muxer-webm: aa71ff27fc2769a1b78a27578f13a17b -> 
  custom:video-decoder-webm-vp8: 9c59270c3fd7afecdb556c50c9e8de78 -> 
  custom:SearchIndexIgnoredProperties: e643bd26f0fe6173181afceb89e7c659 -> 
  custom:AudioImporter_EditorPlatform: d09bf68614088b80899f8185d706f6e7 -> 
  custom:audio-decoder-ogg-vorbis: bf7c407c2cedff20999df2af8eb42d56 -> 
  custom:audio-encoder-webm-vorbis: bf7c407c2cedff20999df2af8eb42d56 -> 
  custom:video-codec-MediaFoundation-h265: 746d11721c4dcdbdad8f713fa42b33f4 -> 
  custom:video-decoder-ogg-theora: a1e56fd34408186e4bbccfd4996cb3dc -> 
  custom:CustomObjectIndexerAttribute: 62b5816608c3102f162a1797e29626cf -> 
  custom:container-demuxer-webm: 4f35f7cbe854078d1ac9338744f61a02 -> 
  custom:video-encoder-webm-vp8: eb34c28f22e8b96e1ab97ce403110664 -> 
========================================================================
Received Import Request.
  Time since last request: 46.108356 seconds.
  path: Assets/DuoDraconis Dungeon Set - Wizard Laboratory/Material/DS_WizLab_Arch_Door.mat
  artifactKey: Guid(487857752b3cd8d40b9b0ce22dfdc1d1) Importer(815301076,1909f56bfc062723c751e8b465ee728b)
Start importing Assets/DuoDraconis Dungeon Set - Wizard Laboratory/Material/DS_WizLab_Arch_Door.mat using Guid(487857752b3cd8d40b9b0ce22dfdc1d1) Importer(815301076,1909f56bfc062723c751e8b465ee728b)  -> (artifact id: '3e9826edad967d3014124cc6d9f30f97') in 0.426787 seconds
Number of updated asset objects reloaded before import = 0
Number of asset objects unloaded after import = 275
========================================================================
Received Import Request.
  Time since last request: 0.000017 seconds.
  path: Assets/DuoDraconis Dungeon Set - Wizard Laboratory/Material/DS_WizLab_Arch_FloorF.mat
  artifactKey: Guid(a90bb720ff0326b43bcf3f0f387dee26) Importer(815301076,1909f56bfc062723c751e8b465ee728b)
Start importing Assets/DuoDraconis Dungeon Set - Wizard Laboratory/Material/DS_WizLab_Arch_FloorF.mat using Guid(a90bb720ff0326b43bcf3f0f387dee26) Importer(815301076,1909f56bfc062723c751e8b465ee728b)  -> (artifact id: '577d14bef727769b1dc89d1a2a7c1671') in 0.018192 seconds
Number of updated asset objects reloaded before import = 0
Number of asset objects unloaded after import = 7
========================================================================
Received Import Request.
  Time since last request: 0.000021 seconds.
  path: Assets/DuoDraconis Dungeon Set - Wizard Laboratory/Material/DS_WizLab_Clut_ProbesIngot_03.mat
  artifactKey: Guid(233ca46ecf69da94e889aac4e7637384) Importer(815301076,1909f56bfc062723c751e8b465ee728b)
Start importing Assets/DuoDraconis Dungeon Set - Wizard Laboratory/Material/DS_WizLab_Clut_ProbesIngot_03.mat using Guid(233ca46ecf69da94e889aac4e7637384) Importer(815301076,1909f56bfc062723c751e8b465ee728b)  -> (artifact id: '137e222a74de81f488bf318cc1ed11c4') in 0.034064 seconds
Number of updated asset objects reloaded before import = 0
Number of asset objects unloaded after import = 7
========================================================================
Received Import Request.
  Time since last request: 0.000013 seconds.
  path: Assets/DuoDraconis Dungeon Set - Wizard Laboratory/Material/DS_WizLab_Furn_Shelf.mat
  artifactKey: Guid(5cccb7cbbaf81c54787fe86a007677cb) Importer(815301076,1909f56bfc062723c751e8b465ee728b)
Start importing Assets/DuoDraconis Dungeon Set - Wizard Laboratory/Material/DS_WizLab_Furn_Shelf.mat using Guid(5cccb7cbbaf81c54787fe86a007677cb) Importer(815301076,1909f56bfc062723c751e8b465ee728b)  -> (artifact id: '93148249c66add7f00429f9abf64dae9') in 0.029031 seconds
Number of updated asset objects reloaded before import = 0
Number of asset objects unloaded after import = 7
========================================================================
Received Import Request.
  Time since last request: 0.000012 seconds.
  path: Assets/DuoDraconis Dungeon Set - Wizard Laboratory/Material/DS_WizLab_Arch_WindowD_Glass_01.mat
  artifactKey: Guid(5d345a94b68570343a61ac7eebde204f) Importer(815301076,1909f56bfc062723c751e8b465ee728b)
Start importing Assets/DuoDraconis Dungeon Set - Wizard Laboratory/Material/DS_WizLab_Arch_WindowD_Glass_01.mat using Guid(5d345a94b68570343a61ac7eebde204f) Importer(815301076,1909f56bfc062723c751e8b465ee728b)  -> (artifact id: 'e37278e1b85e63378f5acc9a27573cac') in 0.030956 seconds
Number of updated asset objects reloaded before import = 0
Number of asset objects unloaded after import = 7
========================================================================
Received Import Request.
  Time since last request: 0.000012 seconds.
  path: Assets/DuoDraconis Dungeon Set - Wizard Laboratory/Material/DS_WizLab_Furn_WallLight.mat
  artifactKey: Guid(7762a91aab1eb9a47b66d5081c9f8fb7) Importer(815301076,1909f56bfc062723c751e8b465ee728b)
Start importing Assets/DuoDraconis Dungeon Set - Wizard Laboratory/Material/DS_WizLab_Furn_WallLight.mat using Guid(7762a91aab1eb9a47b66d5081c9f8fb7) Importer(815301076,1909f56bfc062723c751e8b465ee728b)  -> (artifact id: '4b4d1f8ec96ec21e332c2924c7873310') in 0.057365 seconds
Number of updated asset objects reloaded before import = 0
Number of asset objects unloaded after import = 8
========================================================================
Received Import Request.
  Time since last request: 0.000167 seconds.
  path: Assets/DuoDraconis Dungeon Set - Wizard Laboratory/Material/DS_WizLab_Clut_BookPile.mat
  artifactKey: Guid(e33215d51ca934d4c83b6443930b9b5f) Importer(815301076,1909f56bfc062723c751e8b465ee728b)
Start importing Assets/DuoDraconis Dungeon Set - Wizard Laboratory/Material/DS_WizLab_Clut_BookPile.mat using Guid(e33215d51ca934d4c83b6443930b9b5f) Importer(815301076,1909f56bfc062723c751e8b465ee728b)  -> (artifact id: '7e9c3f621f80e189b9595be2533adcf5') in 0.045520 seconds
Number of updated asset objects reloaded before import = 0
Number of asset objects unloaded after import = 7
========================================================================
Received Import Request.
  Time since last request: 0.000017 seconds.
  path: Assets/DuoDraconis Dungeon Set - Wizard Laboratory/Material/DS_WizLab_Arch_FloorG.mat
  artifactKey: Guid(dadd1636d8b2a8245933dc55e9097f5a) Importer(815301076,1909f56bfc062723c751e8b465ee728b)
Start importing Assets/DuoDraconis Dungeon Set - Wizard Laboratory/Material/DS_WizLab_Arch_FloorG.mat using Guid(dadd1636d8b2a8245933dc55e9097f5a) Importer(815301076,1909f56bfc062723c751e8b465ee728b)  -> (artifact id: '76a2381f60fab99aab6f1a4b788d3cce') in 0.022330 seconds
Number of updated asset objects reloaded before import = 0
Number of asset objects unloaded after import = 7
========================================================================
Received Import Request.
  Time since last request: 0.000013 seconds.
  path: Assets/DuoDraconis Dungeon Set - Wizard Laboratory/Material/DS_WizLab_Clut_MortarAndPestal.mat
  artifactKey: Guid(5a0b1d456e5086d4c9b2238492f15634) Importer(815301076,1909f56bfc062723c751e8b465ee728b)
Start importing Assets/DuoDraconis Dungeon Set - Wizard Laboratory/Material/DS_WizLab_Clut_MortarAndPestal.mat using Guid(5a0b1d456e5086d4c9b2238492f15634) Importer(815301076,1909f56bfc062723c751e8b465ee728b)  -> (artifact id: '7cd4c5549e3aec947b9b84bd0a285178') in 0.031987 seconds
Number of updated asset objects reloaded before import = 0
Number of asset objects unloaded after import = 7
========================================================================
Received Import Request.
  Time since last request: 0.000013 seconds.
  path: Assets/DuoDraconis Dungeon Set - Wizard Laboratory/Material/DS_WizLab_Arch_FloorB.mat
  artifactKey: Guid(dd6c160861eb1254d966ab926839662a) Importer(815301076,1909f56bfc062723c751e8b465ee728b)
Start importing Assets/DuoDraconis Dungeon Set - Wizard Laboratory/Material/DS_WizLab_Arch_FloorB.mat using Guid(dd6c160861eb1254d966ab926839662a) Importer(815301076,1909f56bfc062723c751e8b465ee728b)  -> (artifact id: 'ea1b9815c26164d9ea4cfacf149d7190') in 0.022332 seconds
Number of updated asset objects reloaded before import = 0
Number of asset objects unloaded after import = 7
========================================================================
Received Import Request.
  Time since last request: 0.000014 seconds.
  path: Assets/DuoDraconis Dungeon Set - Wizard Laboratory/Material/DS_WizLab_Clut_ChalkBoard_01.mat
  artifactKey: Guid(58a9d524b4defad42bed438f824f4ed8) Importer(815301076,1909f56bfc062723c751e8b465ee728b)
Start importing Assets/DuoDraconis Dungeon Set - Wizard Laboratory/Material/DS_WizLab_Clut_ChalkBoard_01.mat using Guid(58a9d524b4defad42bed438f824f4ed8) Importer(815301076,1909f56bfc062723c751e8b465ee728b)  -> (artifact id: '28f976aa68d28440cc03e88cdb20f427') in 0.023600 seconds
Number of updated asset objects reloaded before import = 0
Number of asset objects unloaded after import = 6
========================================================================
Received Import Request.
  Time since last request: 0.000020 seconds.
  path: Assets/DuoDraconis Dungeon Set - Wizard Laboratory/Material/DS_WizLab_Furn_DeskChair.mat
  artifactKey: Guid(3d4b738c2d4cf2d419926d0cc7d4f4f4) Importer(815301076,1909f56bfc062723c751e8b465ee728b)
Start importing Assets/DuoDraconis Dungeon Set - Wizard Laboratory/Material/DS_WizLab_Furn_DeskChair.mat using Guid(3d4b738c2d4cf2d419926d0cc7d4f4f4) Importer(815301076,1909f56bfc062723c751e8b465ee728b)  -> (artifact id: '0cfe47e076195189bf675e427fb30508') in 0.040404 seconds
Number of updated asset objects reloaded before import = 0
Number of asset objects unloaded after import = 7
========================================================================
Received Import Request.
  Time since last request: 0.000301 seconds.
  path: Assets/DuoDraconis Dungeon Set - Wizard Laboratory/Material/DS_WizLab_Arch_FloorA.mat
  artifactKey: Guid(a89a6617194016445a3ed7abe9f06b01) Importer(815301076,1909f56bfc062723c751e8b465ee728b)
Start importing Assets/DuoDraconis Dungeon Set - Wizard Laboratory/Material/DS_WizLab_Arch_FloorA.mat using Guid(a89a6617194016445a3ed7abe9f06b01) Importer(815301076,1909f56bfc062723c751e8b465ee728b)  -> (artifact id: '44aa00fc4bee0fe9327d1b1859e76ee0') in 0.025740 seconds
Number of updated asset objects reloaded before import = 0
Number of asset objects unloaded after import = 7
========================================================================
Received Import Request.
  Time since last request: 0.000014 seconds.
  path: Assets/DuoDraconis Dungeon Set - Wizard Laboratory/Material/DS_WizLab_Arch_Staircase.mat
  artifactKey: Guid(f470ed2cb2091ab4bab5a64be0e0ca0b) Importer(815301076,1909f56bfc062723c751e8b465ee728b)
Start importing Assets/DuoDraconis Dungeon Set - Wizard Laboratory/Material/DS_WizLab_Arch_Staircase.mat using Guid(f470ed2cb2091ab4bab5a64be0e0ca0b) Importer(815301076,1909f56bfc062723c751e8b465ee728b)  -> (artifact id: 'f2d0a0461331364cc9101afec096f35f') in 0.035031 seconds
Number of updated asset objects reloaded before import = 0
Number of asset objects unloaded after import = 7
========================================================================
Received Import Request.
  Time since last request: 0.000015 seconds.
  path: Assets/DuoDraconis Dungeon Set - Wizard Laboratory/Material/DS_WizLab_Clut_SmallChest.mat
  artifactKey: Guid(133f86fda2465dc4a9cd23670bf3907d) Importer(815301076,1909f56bfc062723c751e8b465ee728b)
Start importing Assets/DuoDraconis Dungeon Set - Wizard Laboratory/Material/DS_WizLab_Clut_SmallChest.mat using Guid(133f86fda2465dc4a9cd23670bf3907d) Importer(815301076,1909f56bfc062723c751e8b465ee728b)  -> (artifact id: '72d8308ee00064defca90ccf124c1431') in 0.035781 seconds
Number of updated asset objects reloaded before import = 0
Number of asset objects unloaded after import = 7
========================================================================
Received Import Request.
  Time since last request: 0.000018 seconds.
  path: Assets/DuoDraconis Dungeon Set - Wizard Laboratory/Material/DS_WizLab_Arch_WindowA_Glass.mat
  artifactKey: Guid(42876d5350beb6b45865c64981bd0f65) Importer(815301076,1909f56bfc062723c751e8b465ee728b)
Start importing Assets/DuoDraconis Dungeon Set - Wizard Laboratory/Material/DS_WizLab_Arch_WindowA_Glass.mat using Guid(42876d5350beb6b45865c64981bd0f65) Importer(815301076,1909f56bfc062723c751e8b465ee728b)  -> (artifact id: 'b15d37ba0ced68eb11c3bc24e6d1d8b2') in 0.022624 seconds
Number of updated asset objects reloaded before import = 0
Number of asset objects unloaded after import = 7
========================================================================
Received Import Request.
  Time since last request: 0.000023 seconds.
  path: Assets/DuoDraconis Dungeon Set - Wizard Laboratory/Material/DS_WizLab_Arch_WindowC_Glass_01.mat
  artifactKey: Guid(30307730ccb55ab45b3fcf077fa6d94f) Importer(815301076,1909f56bfc062723c751e8b465ee728b)
Start importing Assets/DuoDraconis Dungeon Set - Wizard Laboratory/Material/DS_WizLab_Arch_WindowC_Glass_01.mat using Guid(30307730ccb55ab45b3fcf077fa6d94f) Importer(815301076,1909f56bfc062723c751e8b465ee728b)  -> (artifact id: '4fc5386e05107584e30d34c8757a585e') in 0.021543 seconds
Number of updated asset objects reloaded before import = 0
Number of asset objects unloaded after import = 7
========================================================================
Received Import Request.
  Time since last request: 0.000013 seconds.
  path: Assets/DuoDraconis Dungeon Set - Wizard Laboratory/Material/DS_WizLab_Clut_ProbesIngot_00.mat
  artifactKey: Guid(4bc732b68fcd08946aa4d676feda5d0a) Importer(815301076,1909f56bfc062723c751e8b465ee728b)
Start importing Assets/DuoDraconis Dungeon Set - Wizard Laboratory/Material/DS_WizLab_Clut_ProbesIngot_00.mat using Guid(4bc732b68fcd08946aa4d676feda5d0a) Importer(815301076,1909f56bfc062723c751e8b465ee728b)  -> (artifact id: '7b9a527ec68c703bdb75aae44f9ef1ca') in 0.026995 seconds
Number of updated asset objects reloaded before import = 0
Number of asset objects unloaded after import = 7
========================================================================
Received Import Request.
  Time since last request: 0.000012 seconds.
  path: Assets/DuoDraconis Dungeon Set - Wizard Laboratory/Material/DS_WizLab_Arch_WindowB_Glass_00.mat
  artifactKey: Guid(eeee4488973aeb846826803b1c6efd3f) Importer(815301076,1909f56bfc062723c751e8b465ee728b)
Start importing Assets/DuoDraconis Dungeon Set - Wizard Laboratory/Material/DS_WizLab_Arch_WindowB_Glass_00.mat using Guid(eeee4488973aeb846826803b1c6efd3f) Importer(815301076,1909f56bfc062723c751e8b465ee728b)  -> (artifact id: '3f7987043409502e8bf5255209f2ea76') in 0.028150 seconds
Number of updated asset objects reloaded before import = 0
Number of asset objects unloaded after import = 7
========================================================================
Received Import Request.
  Time since last request: 0.000017 seconds.
  path: Assets/DuoDraconis Dungeon Set - Wizard Laboratory/Material/DS_WizLab_Furn_FlatDrawerRack.mat
  artifactKey: Guid(a77d57f011bb7934dad146ebcef6cdec) Importer(815301076,1909f56bfc062723c751e8b465ee728b)
Start importing Assets/DuoDraconis Dungeon Set - Wizard Laboratory/Material/DS_WizLab_Furn_FlatDrawerRack.mat using Guid(a77d57f011bb7934dad146ebcef6cdec) Importer(815301076,1909f56bfc062723c751e8b465ee728b)  -> (artifact id: '962304ad4151fac68c6731c02ec7ef72') in 0.035421 seconds
Number of updated asset objects reloaded before import = 0
Number of asset objects unloaded after import = 7
========================================================================
Received Import Request.
  Time since last request: 0.000017 seconds.
  path: Assets/DuoDraconis Dungeon Set - Wizard Laboratory/Material/DS_WizLab_Clut_ProbesHorns.mat
  artifactKey: Guid(d774ecc9ea607a64d8057098eef8004d) Importer(815301076,1909f56bfc062723c751e8b465ee728b)
Start importing Assets/DuoDraconis Dungeon Set - Wizard Laboratory/Material/DS_WizLab_Clut_ProbesHorns.mat using Guid(d774ecc9ea607a64d8057098eef8004d) Importer(815301076,1909f56bfc062723c751e8b465ee728b)  -> (artifact id: '6e4778a0dd5a284c929f2b44ccd4b338') in 0.028478 seconds
Number of updated asset objects reloaded before import = 0
Number of asset objects unloaded after import = 7
========================================================================
Received Import Request.
  Time since last request: 7.363928 seconds.
  path: Assets/DuoDraconis Dungeon Set - Wizard Laboratory/Textures/DS_WizLab_Furn_Table_normal.png
  artifactKey: Guid(b9fae28b5911c024e83055cdb9220545) Importer(815301076,1909f56bfc062723c751e8b465ee728b)
Start importing Assets/DuoDraconis Dungeon Set - Wizard Laboratory/Textures/DS_WizLab_Furn_Table_normal.png using Guid(b9fae28b5911c024e83055cdb9220545) Importer(815301076,1909f56bfc062723c751e8b465ee728b)  -> (artifact id: '6f2fd432170b30bef84c3b3c7ded6480') in 0.031507 seconds
Number of updated asset objects reloaded before import = 0
Number of asset objects unloaded after import = 2
========================================================================
Received Import Request.
  Time since last request: 0.000013 seconds.
  path: Assets/DuoDraconis Dungeon Set - Wizard Laboratory/Textures/DS_WizLab_Furn_Table_roughness.png
  artifactKey: Guid(f1ba194721270be489d8cf8a9a5afe80) Importer(815301076,1909f56bfc062723c751e8b465ee728b)
Start importing Assets/DuoDraconis Dungeon Set - Wizard Laboratory/Textures/DS_WizLab_Furn_Table_roughness.png using Guid(f1ba194721270be489d8cf8a9a5afe80) Importer(815301076,1909f56bfc062723c751e8b465ee728b)  -> (artifact id: 'ddd453a824898d93d5fbc9ae48a67773') in 0.022530 seconds
Number of updated asset objects reloaded before import = 0
Number of asset objects unloaded after import = 2
========================================================================
Received Prepare
Begin MonoManager ReloadAssembly
Symbol file LoadedFromMemory is not a mono symbol file
- Loaded All Assemblies, in  0.612 seconds
Refreshing native plugins compatible for Editor in 47.05 ms, found 13 plugins.
Native extension for WindowsStandalone target not found
Native extension for Android target not found
Native extension for WebGL target not found
[Package Manager] Server::EnsureServerProcessIsRunning -- launch failed, reason: Unity was launched with the -noUpm command-line argument
[Package Manager] UpmClient::Send -- Unable to send message (not connected to UPM process).
[Package Manager] Cannot connect to Unity Package Manager local server
[Package Manager] Server::EnsureServerProcessIsRunning -- launch failed, reason: Unity was launched with the -noUpm command-line argument
[Package Manager] UpmClient::Send -- Unable to send message (not connected to UPM process).
[Package Manager] Cannot connect to Unity Package Manager local server
[Package Manager] Server::EnsureServerProcessIsRunning -- launch failed, reason: Unity was launched with the -noUpm command-line argument
[Package Manager] UpmClient::Send -- Unable to send message (not connected to UPM process).
[Package Manager] Cannot connect to Unity Package Manager local server
System.Reflection.TargetInvocationException: Exception has been thrown by the target of an invocation. ---> System.TypeInitializationException: The type initializer for 'UnityEditor.XR.Interaction.Toolkit.Samples.Hands.Editor.HandsSampleProjectValidation' threw an exception. ---> System.NullReferenceException: Object reference not set to an instance of an object
  at Unity.XR.CoreUtils.Editor.PackageVersionUtility.UpdatePackageVersions () [0x00034] in .\Library\PackageCache\com.unity.xr.core-utils@2.2.3\Editor\ProjectValidation\PackageVersionUtility.cs:46 
  at Unity.XR.CoreUtils.Editor.PackageVersionUtility.GetPackageVersion (System.String packageName) [0x00011] in .\Library\PackageCache\com.unity.xr.core-utils@2.2.3\Editor\ProjectValidation\PackageVersionUtility.cs:67 
  at UnityEditor.XR.Interaction.Toolkit.Samples.Hands.Editor.HandsSampleProjectValidation..cctor () [0x00041] in C:\Users\Rose\OneDrive\Desktop\Coding\GitHub\CS465_OrdwayR\RosysWizards465\Assets\Samples\XR Interaction Toolkit\3.0.7\Hands Interaction Demo\Editor\Scripts\HandsSampleProjectValidation.cs:34 
   --- End of inner exception stack trace ---
  at (wrapper managed-to-native) System.Object.__icall_wrapper_mono_gc_wbarrier_generic_nostore_internal(intptr)
  at (wrapper write-barrier) System.Object.wbarrier_conc(intptr)
  at (wrapper managed-to-native) System.Reflection.RuntimeMethodInfo.InternalInvoke(System.Reflection.RuntimeMethodInfo,object,object[],System.Exception&)
  at System.Reflection.RuntimeMethodInfo.Invoke (System.Object obj, System.Reflection.BindingFlags invokeAttr, System.Reflection.Binder binder, System.Object[] parameters, System.Globalization.CultureInfo culture) [0x0006a] in <bfbc89a04b6b4dd49c3614d03fc31ce8>:0 
   --- End of inner exception stack trace ---
  at System.Reflection.RuntimeMethodInfo.Invoke (System.Object obj, System.Reflection.BindingFlags invokeAttr, System.Reflection.Binder binder, System.Object[] parameters, System.Globalization.CultureInfo culture) [0x00083] in <bfbc89a04b6b4dd49c3614d03fc31ce8>:0 
  at System.Reflection.MethodBase.Invoke (System.Object obj, System.Object[] parameters) [0x00000] in <bfbc89a04b6b4dd49c3614d03fc31ce8>:0 
  at UnityEditor.EditorAssemblies.ProcessInitializeOnLoadMethodAttributes () [0x000a5] in <8e887700cd7e4674989da7b046e8eaa6>:0 
UnityEngine.StackTraceUtility:ExtractStackTrace ()
UnityEngine.DebugLogHandler:LogFormat (UnityEngine.LogType,UnityEngine.Object,string,object[])
UnityEngine.Logger:Log (UnityEngine.LogType,object)
UnityEngine.Debug:LogError (object)
UnityEditor.EditorAssemblies:ProcessInitializeOnLoadMethodAttributes ()

Mono: successfully reloaded assembly
[Package Manager] Server::EnsureServerProcessIsRunning -- launch failed, reason: Unity was launched with the -noUpm command-line argument
[Package Manager] UpmClient::Send -- Unable to send message (not connected to UPM process).
[Package Manager] Cannot connect to Unity Package Manager local server
- Finished resetting the current domain, in  2.640 seconds
Domain Reload Profiling: 3242ms
	BeginReloadAssembly (204ms)
		ExecutionOrderSort (0ms)
		DisableScriptedObjects (12ms)
		BackupInstance (0ms)
		ReleaseScriptingObjects (0ms)
		CreateAndSetChildDomain (70ms)
	RebuildCommonClasses (27ms)
	RebuildNativeTypeToScriptingClass (9ms)
	initialDomainReloadingComplete (29ms)
	LoadAllAssembliesAndSetupDomain (333ms)
		LoadAssemblies (373ms)
		RebuildTransferFunctionScriptingTraits (0ms)
		AnalyzeDomain (34ms)
			TypeCache.Refresh (7ms)
				TypeCache.ScanAssembly (0ms)
			ScanForSourceGeneratedMonoScriptInfo (0ms)
			ResolveRequiredComponents (25ms)
	FinalizeReload (2640ms)
		ReleaseScriptCaches (0ms)
		RebuildScriptCaches (0ms)
		SetupLoadedEditorAssemblies (1026ms)
			LogAssemblyErrors (0ms)
			InitializePlatformSupportModulesInManaged (27ms)
			SetLoadedEditorAssemblies (3ms)
			RefreshPlugins (0ms)
			BeforeProcessingInitializeOnLoad (139ms)
			ProcessInitializeOnLoadAttributes (781ms)
			ProcessInitializeOnLoadMethodAttributes (67ms)
			AfterProcessingInitializeOnLoad (8ms)
			EditorAssembliesLoaded (0ms)
		ExecutionOrderSort2 (0ms)
		AwakeInstancesAfterBackupRestoration (23ms)
Shader 'Oculus/OVRMRCameraFrameLit': fallback shader 'Alpha-Diffuse' not found
Refreshing native plugins compatible for Editor in 53.89 ms, found 13 plugins.
Preloading 0 native plugins for Editor in 0.00 ms.
Unloading 9859 Unused Serialized files (Serialized files now loaded: 0)
Unloading 261 unused Assets / (15.6 MB). Loaded Objects now: 10910.
Memory consumption went from 399.0 MB to 383.4 MB.
Total: 11.812900 ms (FindLiveObjects: 0.751800 ms CreateObjectMapping: 0.496500 ms MarkObjects: 5.932800 ms  DeleteObjects: 4.631200 ms)

Prepare: number of updated asset objects reloaded= 0
AssetImportParameters requested are different than current active one (requested -> active):
  custom:container-demuxer-ogg: 62fdf1f143b41e24485cea50d1cbac27 -> 
  custom:framework-win-MediaFoundation: 216162199b28c13a410421893ffa2e32 -> 
  custom:container-muxer-webm: aa71ff27fc2769a1b78a27578f13a17b -> 
  custom:video-decoder-webm-vp8: 9c59270c3fd7afecdb556c50c9e8de78 -> 
  custom:SearchIndexIgnoredProperties: e643bd26f0fe6173181afceb89e7c659 -> 
  custom:AudioImporter_EditorPlatform: d09bf68614088b80899f8185d706f6e7 -> 
  custom:audio-decoder-ogg-vorbis: bf7c407c2cedff20999df2af8eb42d56 -> 
  custom:audio-encoder-webm-vorbis: bf7c407c2cedff20999df2af8eb42d56 -> 
  custom:video-codec-MediaFoundation-h265: 746d11721c4dcdbdad8f713fa42b33f4 -> 
  custom:video-decoder-ogg-theora: a1e56fd34408186e4bbccfd4996cb3dc -> 
  custom:CustomObjectIndexerAttribute: 62b5816608c3102f162a1797e29626cf -> 
  custom:container-demuxer-webm: 4f35f7cbe854078d1ac9338744f61a02 -> 
  custom:video-encoder-webm-vp8: eb34c28f22e8b96e1ab97ce403110664 -> 
========================================================================
Received Import Request.
  Time since last request: 19.224997 seconds.
  path: Assets/DuoDraconis Dungeon Set - Wizard Laboratory/Material/DS_WizLab_Arch_FloorF.mat
  artifactKey: Guid(a90bb720ff0326b43bcf3f0f387dee26) Importer(815301076,1909f56bfc062723c751e8b465ee728b)
Start importing Assets/DuoDraconis Dungeon Set - Wizard Laboratory/Material/DS_WizLab_Arch_FloorF.mat using Guid(a90bb720ff0326b43bcf3f0f387dee26) Importer(815301076,1909f56bfc062723c751e8b465ee728b)  -> (artifact id: 'd1be6ff8da9e19737179fd2cafb47c83') in 0.465595 seconds
Number of updated asset objects reloaded before import = 0
Number of asset objects unloaded after import = 275
========================================================================
Received Import Request.
  Time since last request: 0.000019 seconds.
  path: Assets/DuoDraconis Dungeon Set - Wizard Laboratory/Material/DS_WizLab_Furn_Desk.mat
  artifactKey: Guid(71c891467a7b4dd4797494aeefd11c73) Importer(815301076,1909f56bfc062723c751e8b465ee728b)
Start importing Assets/DuoDraconis Dungeon Set - Wizard Laboratory/Material/DS_WizLab_Furn_Desk.mat using Guid(71c891467a7b4dd4797494aeefd11c73) Importer(815301076,1909f56bfc062723c751e8b465ee728b)  -> (artifact id: '4694374308a04fcc363f34fe7cff25aa') in 0.025677 seconds
Number of updated asset objects reloaded before import = 0
Number of asset objects unloaded after import = 7
========================================================================
Received Import Request.
  Time since last request: 0.000012 seconds.
  path: Assets/DuoDraconis Dungeon Set - Wizard Laboratory/Material/DS_WizLab_Furn_Bookcase.mat
  artifactKey: Guid(1b5cf21bb0150594c92c3b7e520412a4) Importer(815301076,1909f56bfc062723c751e8b465ee728b)
Start importing Assets/DuoDraconis Dungeon Set - Wizard Laboratory/Material/DS_WizLab_Furn_Bookcase.mat using Guid(1b5cf21bb0150594c92c3b7e520412a4) Importer(815301076,1909f56bfc062723c751e8b465ee728b)  -> (artifact id: 'ac6f4ba6f926397c16f7c4f169428c16') in 0.072653 seconds
Number of updated asset objects reloaded before import = 0
Number of asset objects unloaded after import = 7
========================================================================
Received Import Request.
  Time since last request: 0.000278 seconds.
  path: Assets/DuoDraconis Dungeon Set - Wizard Laboratory/Material/DS_WizLab_Furn_Console.mat
  artifactKey: Guid(2c16e99c9296eb942945ebcffed26ad7) Importer(815301076,1909f56bfc062723c751e8b465ee728b)
Start importing Assets/DuoDraconis Dungeon Set - Wizard Laboratory/Material/DS_WizLab_Furn_Console.mat using Guid(2c16e99c9296eb942945ebcffed26ad7) Importer(815301076,1909f56bfc062723c751e8b465ee728b)  -> (artifact id: 'e009cb1b80fa52e495c411bcb60b23c0') in 0.038399 seconds
Number of updated asset objects reloaded before import = 0
Number of asset objects unloaded after import = 7
========================================================================
Received Import Request.
  Time since last request: 0.000018 seconds.
  path: Assets/DuoDraconis Dungeon Set - Wizard Laboratory/Material/DS_WizLab_Clut_GlassBottles.mat
  artifactKey: Guid(abba5c48867fb1d41bf0e9f0255914d1) Importer(815301076,1909f56bfc062723c751e8b465ee728b)
Start importing Assets/DuoDraconis Dungeon Set - Wizard Laboratory/Material/DS_WizLab_Clut_GlassBottles.mat using Guid(abba5c48867fb1d41bf0e9f0255914d1) Importer(815301076,1909f56bfc062723c751e8b465ee728b)  -> (artifact id: '3066c0c49838de704f4359e18d6beb7d') in 0.044309 seconds
Number of updated asset objects reloaded before import = 0
Number of asset objects unloaded after import = 7
========================================================================
Received Import Request.
  Time since last request: 0.000020 seconds.
  path: Assets/DuoDraconis Dungeon Set - Wizard Laboratory/Material/DS_WizLab_Clut_TestTubeStand.mat
  artifactKey: Guid(0054b7a4d2415544ebcffe440c45ef12) Importer(815301076,1909f56bfc062723c751e8b465ee728b)
Start importing Assets/DuoDraconis Dungeon Set - Wizard Laboratory/Material/DS_WizLab_Clut_TestTubeStand.mat using Guid(0054b7a4d2415544ebcffe440c45ef12) Importer(815301076,1909f56bfc062723c751e8b465ee728b)  -> (artifact id: '0497c81b8ac23a1504b7dc93ed12c196') in 0.042362 seconds
Number of updated asset objects reloaded before import = 0
Number of asset objects unloaded after import = 7
========================================================================
Received Import Request.
  Time since last request: 0.000013 seconds.
  path: Assets/DuoDraconis Dungeon Set - Wizard Laboratory/Material/DS_WizLab_Clut_FlaskBox.mat
  artifactKey: Guid(ec25192028e1f1447acd6557688ffe21) Importer(815301076,1909f56bfc062723c751e8b465ee728b)
Start importing Assets/DuoDraconis Dungeon Set - Wizard Laboratory/Material/DS_WizLab_Clut_FlaskBox.mat using Guid(ec25192028e1f1447acd6557688ffe21) Importer(815301076,1909f56bfc062723c751e8b465ee728b)  -> (artifact id: 'ec3590d6ca7cd0877782fca4c6e335b7') in 0.037716 seconds
Number of updated asset objects reloaded before import = 0
Number of asset objects unloaded after import = 7
========================================================================
Received Import Request.
  Time since last request: 0.000015 seconds.
  path: Assets/DuoDraconis Dungeon Set - Wizard Laboratory/Material/DS_WizLab_Clut_Map.mat
  artifactKey: Guid(3f10423cecf773b488d39d65eae0c8a4) Importer(815301076,1909f56bfc062723c751e8b465ee728b)
Start importing Assets/DuoDraconis Dungeon Set - Wizard Laboratory/Material/DS_WizLab_Clut_Map.mat using Guid(3f10423cecf773b488d39d65eae0c8a4) Importer(815301076,1909f56bfc062723c751e8b465ee728b)  -> (artifact id: '17d59fb3231d4a2c9c7f0d9991436958') in 0.031244 seconds
Number of updated asset objects reloaded before import = 0
Number of asset objects unloaded after import = 7
========================================================================
Received Import Request.
  Time since last request: 0.000014 seconds.
  path: Assets/DuoDraconis Dungeon Set - Wizard Laboratory/Material/DS_WizLab_Clut_SmallChest.mat
  artifactKey: Guid(133f86fda2465dc4a9cd23670bf3907d) Importer(815301076,1909f56bfc062723c751e8b465ee728b)
Start importing Assets/DuoDraconis Dungeon Set - Wizard Laboratory/Material/DS_WizLab_Clut_SmallChest.mat using Guid(133f86fda2465dc4a9cd23670bf3907d) Importer(815301076,1909f56bfc062723c751e8b465ee728b)  -> (artifact id: '4b904fabafa62f9c0d7a7e651616d002') in 0.026988 seconds
Number of updated asset objects reloaded before import = 0
Number of asset objects unloaded after import = 7
========================================================================
Received Import Request.
  Time since last request: 0.000316 seconds.
  path: Assets/DuoDraconis Dungeon Set - Wizard Laboratory/Material/DS_WizLab_Arch_WindowA_Glass.mat
  artifactKey: Guid(42876d5350beb6b45865c64981bd0f65) Importer(815301076,1909f56bfc062723c751e8b465ee728b)
Start importing Assets/DuoDraconis Dungeon Set - Wizard Laboratory/Material/DS_WizLab_Arch_WindowA_Glass.mat using Guid(42876d5350beb6b45865c64981bd0f65) Importer(815301076,1909f56bfc062723c751e8b465ee728b)  -> (artifact id: '48a0f4565b1914603477940efb0f8e91') in 0.029021 seconds
Number of updated asset objects reloaded before import = 0
Number of asset objects unloaded after import = 7
========================================================================
Received Import Request.
  Time since last request: 0.000017 seconds.
  path: Assets/DuoDraconis Dungeon Set - Wizard Laboratory/Material/DS_WizLab_Arch_FloorJ.mat
  artifactKey: Guid(66e7992783fc1084aa1df7da37adac69) Importer(815301076,1909f56bfc062723c751e8b465ee728b)
Start importing Assets/DuoDraconis Dungeon Set - Wizard Laboratory/Material/DS_WizLab_Arch_FloorJ.mat using Guid(66e7992783fc1084aa1df7da37adac69) Importer(815301076,1909f56bfc062723c751e8b465ee728b)  -> (artifact id: '2f48a34d81554c4c7358188d6b86ddfd') in 0.016454 seconds
Number of updated asset objects reloaded before import = 0
Number of asset objects unloaded after import = 7
========================================================================
Received Import Request.
  Time since last request: 0.000012 seconds.
  path: Assets/DuoDraconis Dungeon Set - Wizard Laboratory/Material/DS_WizLab_Furn_Table.mat
  artifactKey: Guid(4da1ebeaf38500a4cb264de6f329da72) Importer(815301076,1909f56bfc062723c751e8b465ee728b)
Start importing Assets/DuoDraconis Dungeon Set - Wizard Laboratory/Material/DS_WizLab_Furn_Table.mat using Guid(4da1ebeaf38500a4cb264de6f329da72) Importer(815301076,1909f56bfc062723c751e8b465ee728b)  -> (artifact id: '2938d817b01d2dffb36ebd6bb13a7cde') in 0.064861 seconds
Number of updated asset objects reloaded before import = 0
Number of asset objects unloaded after import = 7
========================================================================
Received Import Request.
  Time since last request: 0.000012 seconds.
  path: Assets/DuoDraconis Dungeon Set - Wizard Laboratory/Material/DS_WizLab_Furn_FlatDrawerRack.mat
  artifactKey: Guid(a77d57f011bb7934dad146ebcef6cdec) Importer(815301076,1909f56bfc062723c751e8b465ee728b)
Start importing Assets/DuoDraconis Dungeon Set - Wizard Laboratory/Material/DS_WizLab_Furn_FlatDrawerRack.mat using Guid(a77d57f011bb7934dad146ebcef6cdec) Importer(815301076,1909f56bfc062723c751e8b465ee728b)  -> (artifact id: '67b94aa4f38e932c78cb6f33901313f2') in 0.040569 seconds
Number of updated asset objects reloaded before import = 0
Number of asset objects unloaded after import = 7
========================================================================
Received Import Request.
  Time since last request: 0.000257 seconds.
  path: Assets/DuoDraconis Dungeon Set - Wizard Laboratory/Material/DS_WizLab_Clut_ProbesHorns.mat
  artifactKey: Guid(d774ecc9ea607a64d8057098eef8004d) Importer(815301076,1909f56bfc062723c751e8b465ee728b)
Start importing Assets/DuoDraconis Dungeon Set - Wizard Laboratory/Material/DS_WizLab_Clut_ProbesHorns.mat using Guid(d774ecc9ea607a64d8057098eef8004d) Importer(815301076,1909f56bfc062723c751e8b465ee728b)  -> (artifact id: 'f42ac0fc1406bdc7bd6712e0abdea0ad') in 0.029865 seconds
Number of updated asset objects reloaded before import = 0
Number of asset objects unloaded after import = 7
========================================================================
Received Import Request.
  Time since last request: 1.618634 seconds.
  path: Assets/DuoDraconis Dungeon Set - Wizard Laboratory/Textures/DS_WizLab_Clut_ChalkBoard_normal.png
  artifactKey: Guid(ee2b0cece862e3746b04b2694b1f173d) Importer(815301076,1909f56bfc062723c751e8b465ee728b)
Start importing Assets/DuoDraconis Dungeon Set - Wizard Laboratory/Textures/DS_WizLab_Clut_ChalkBoard_normal.png using Guid(ee2b0cece862e3746b04b2694b1f173d) Importer(815301076,1909f56bfc062723c751e8b465ee728b)  -> (artifact id: '430b09c1d6d05198c937c71ac9db9d1c') in 0.030807 seconds
Number of updated asset objects reloaded before import = 0
Number of asset objects unloaded after import = 2
========================================================================
Received Import Request.
  Time since last request: 0.000013 seconds.
  path: Assets/DuoDraconis Dungeon Set - Wizard Laboratory/Textures/DS_WizLab_Clut_ChalkBoard_ambientocclusion.png
  artifactKey: Guid(789b0dbd28717dd4fbde405a36821062) Importer(815301076,1909f56bfc062723c751e8b465ee728b)
Start importing Assets/DuoDraconis Dungeon Set - Wizard Laboratory/Textures/DS_WizLab_Clut_ChalkBoard_ambientocclusion.png using Guid(789b0dbd28717dd4fbde405a36821062) Importer(815301076,1909f56bfc062723c751e8b465ee728b)  -> (artifact id: 'c5a92f4fcd98bea1f80029b0e8b563b6') in 0.019781 seconds
Number of updated asset objects reloaded before import = 0
Number of asset objects unloaded after import = 2
========================================================================
Received Import Request.
  Time since last request: 98.783256 seconds.
  path: Assets/DuoDraconis Dungeon Set - Wizard Laboratory/Textures/DS_WizLab_Clut_Rug_diffuse.png
  artifactKey: Guid(78c8117438a789448ae3fb186cbdb9d3) Importer(815301076,1909f56bfc062723c751e8b465ee728b)
Start importing Assets/DuoDraconis Dungeon Set - Wizard Laboratory/Textures/DS_WizLab_Clut_Rug_diffuse.png using Guid(78c8117438a789448ae3fb186cbdb9d3) Importer(815301076,1909f56bfc062723c751e8b465ee728b)  -> (artifact id: '9417909b79e9216c906edfb04cf8330a') in 0.027668 seconds
Number of updated asset objects reloaded before import = 0
Number of asset objects unloaded after import = 2
========================================================================
Received Import Request.
  Time since last request: 0.000016 seconds.
  path: Assets/DuoDraconis Dungeon Set - Wizard Laboratory/Textures/DS_WizLab_Clut_Rug_roughness.png
  artifactKey: Guid(73292a467ab285f47acf42c84d623b49) Importer(815301076,1909f56bfc062723c751e8b465ee728b)
Start importing Assets/DuoDraconis Dungeon Set - Wizard Laboratory/Textures/DS_WizLab_Clut_Rug_roughness.png using Guid(73292a467ab285f47acf42c84d623b49) Importer(815301076,1909f56bfc062723c751e8b465ee728b)  -> (artifact id: 'fc931cffaceec1b9be13f43ddc8d17c9') in 0.018573 seconds
Number of updated asset objects reloaded before import = 0
Number of asset objects unloaded after import = 2
========================================================================
Received Import Request.
  Time since last request: 0.000016 seconds.
  path: Assets/DuoDraconis Dungeon Set - Wizard Laboratory/Textures/DS_WizLab_Clut_Rug_ambientocclusion.png
  artifactKey: Guid(4e2ab0a0cf0765a45841e777d00588d3) Importer(815301076,1909f56bfc062723c751e8b465ee728b)
Start importing Assets/DuoDraconis Dungeon Set - Wizard Laboratory/Textures/DS_WizLab_Clut_Rug_ambientocclusion.png using Guid(4e2ab0a0cf0765a45841e777d00588d3) Importer(815301076,1909f56bfc062723c751e8b465ee728b)  -> (artifact id: '4b0edae31607dae3416826a1ec04538b') in 0.024552 seconds
Number of updated asset objects reloaded before import = 0
Number of asset objects unloaded after import = 2
========================================================================
Received Import Request.
  Time since last request: 167.273373 seconds.
  path: Assets/DuoDraconis Dungeon Set - Wizard Laboratory/Material/DS_WizLab_Arch_Column.mat
  artifactKey: Guid(ae21bfe9e7d9cd243b3407c5fbf87bc5) Importer(815301076,1909f56bfc062723c751e8b465ee728b)
Start importing Assets/DuoDraconis Dungeon Set - Wizard Laboratory/Material/DS_WizLab_Arch_Column.mat using Guid(ae21bfe9e7d9cd243b3407c5fbf87bc5) Importer(815301076,1909f56bfc062723c751e8b465ee728b)  -> (artifact id: '804096b6cbea6ec4034bf0cb6753ccb4') in 0.036678 seconds
Number of updated asset objects reloaded before import = 0
Number of asset objects unloaded after import = 7
========================================================================
Received Import Request.
  Time since last request: 0.000013 seconds.
  path: Assets/DuoDraconis Dungeon Set - Wizard Laboratory/Material/DS_WizLab_Clut_ContraptionA.mat
  artifactKey: Guid(f7959f177a966a141aea4e068fd83f08) Importer(815301076,1909f56bfc062723c751e8b465ee728b)
Start importing Assets/DuoDraconis Dungeon Set - Wizard Laboratory/Material/DS_WizLab_Clut_ContraptionA.mat using Guid(f7959f177a966a141aea4e068fd83f08) Importer(815301076,1909f56bfc062723c751e8b465ee728b)  -> (artifact id: '04add2f6e1b954b291ee88d361388556') in 0.038503 seconds
Number of updated asset objects reloaded before import = 0
Number of asset objects unloaded after import = 7
========================================================================
Received Import Request.
  Time since last request: 0.000013 seconds.
  path: Assets/DuoDraconis Dungeon Set - Wizard Laboratory/Material/DS_WizLab_Arch_FloorF.mat
  artifactKey: Guid(a90bb720ff0326b43bcf3f0f387dee26) Importer(815301076,1909f56bfc062723c751e8b465ee728b)
Start importing Assets/DuoDraconis Dungeon Set - Wizard Laboratory/Material/DS_WizLab_Arch_FloorF.mat using Guid(a90bb720ff0326b43bcf3f0f387dee26) Importer(815301076,1909f56bfc062723c751e8b465ee728b)  -> (artifact id: '7bc13f99598cf98a4cc56c7a258d63fd') in 0.016998 seconds
Number of updated asset objects reloaded before import = 0
Number of asset objects unloaded after import = 7
========================================================================
Received Import Request.
  Time since last request: 0.000012 seconds.
  path: Assets/DuoDraconis Dungeon Set - Wizard Laboratory/Material/DS_WizLab_Clut_ProbesIngot_03.mat
  artifactKey: Guid(233ca46ecf69da94e889aac4e7637384) Importer(815301076,1909f56bfc062723c751e8b465ee728b)
Start importing Assets/DuoDraconis Dungeon Set - Wizard Laboratory/Material/DS_WizLab_Clut_ProbesIngot_03.mat using Guid(233ca46ecf69da94e889aac4e7637384) Importer(815301076,1909f56bfc062723c751e8b465ee728b)  -> (artifact id: '9ebc2aa1c2b8e02c140304b71cd6e1f7') in 0.023405 seconds
Number of updated asset objects reloaded before import = 0
Number of asset objects unloaded after import = 7
========================================================================
Received Import Request.
  Time since last request: 0.000014 seconds.
  path: Assets/DuoDraconis Dungeon Set - Wizard Laboratory/Material/DS_WizLab_Arch_FloorE.mat
  artifactKey: Guid(bf2ccecfe7f85114395ca6402adb7599) Importer(815301076,1909f56bfc062723c751e8b465ee728b)
Start importing Assets/DuoDraconis Dungeon Set - Wizard Laboratory/Material/DS_WizLab_Arch_FloorE.mat using Guid(bf2ccecfe7f85114395ca6402adb7599) Importer(815301076,1909f56bfc062723c751e8b465ee728b)  -> (artifact id: 'ae8bbd2f216b17701d7e1468f8b12830') in 0.014586 seconds
Number of updated asset objects reloaded before import = 0
Number of asset objects unloaded after import = 7
========================================================================
Received Import Request.
  Time since last request: 0.000019 seconds.
  path: Assets/DuoDraconis Dungeon Set - Wizard Laboratory/Material/DS_WizLab_Furn_Chimney.mat
  artifactKey: Guid(bbc3abcd0ea0a3e4b8ca287ae4f994c8) Importer(815301076,1909f56bfc062723c751e8b465ee728b)
Start importing Assets/DuoDraconis Dungeon Set - Wizard Laboratory/Material/DS_WizLab_Furn_Chimney.mat using Guid(bbc3abcd0ea0a3e4b8ca287ae4f994c8) Importer(815301076,1909f56bfc062723c751e8b465ee728b)  -> (artifact id: '3c65a374ca21bdb0bf4e5d35004eb4b6') in 0.022104 seconds
Number of updated asset objects reloaded before import = 0
Number of asset objects unloaded after import = 7
========================================================================
Received Import Request.
  Time since last request: 0.000012 seconds.
  path: Assets/DuoDraconis Dungeon Set - Wizard Laboratory/Material/DS_WizLab_Arch_Wall_Inside.mat
  artifactKey: Guid(47695456b7f17924887e282cb25fdfb3) Importer(815301076,1909f56bfc062723c751e8b465ee728b)
Start importing Assets/DuoDraconis Dungeon Set - Wizard Laboratory/Material/DS_WizLab_Arch_Wall_Inside.mat using Guid(47695456b7f17924887e282cb25fdfb3) Importer(815301076,1909f56bfc062723c751e8b465ee728b)  -> (artifact id: '00900cca22e832938b1fbc41faa3a0c8') in 0.013841 seconds
Number of updated asset objects reloaded before import = 0
Number of asset objects unloaded after import = 7
========================================================================
Received Import Request.
  Time since last request: 0.000012 seconds.
  path: Assets/DuoDraconis Dungeon Set - Wizard Laboratory/Material/DS_WizLab_Furn_Shelf.mat
  artifactKey: Guid(5cccb7cbbaf81c54787fe86a007677cb) Importer(815301076,1909f56bfc062723c751e8b465ee728b)
Start importing Assets/DuoDraconis Dungeon Set - Wizard Laboratory/Material/DS_WizLab_Furn_Shelf.mat using Guid(5cccb7cbbaf81c54787fe86a007677cb) Importer(815301076,1909f56bfc062723c751e8b465ee728b)  -> (artifact id: '5abd7aa600461cfeb62e91bb2d1c1dc8') in 0.029289 seconds
Number of updated asset objects reloaded before import = 0
Number of asset objects unloaded after import = 7
========================================================================
Received Import Request.
  Time since last request: 0.000013 seconds.
  path: Assets/DuoDraconis Dungeon Set - Wizard Laboratory/Material/DS_WizLab_Arch_FloorI.mat
  artifactKey: Guid(c1917e31087b1f641bad23ec12f70d3f) Importer(815301076,1909f56bfc062723c751e8b465ee728b)
Start importing Assets/DuoDraconis Dungeon Set - Wizard Laboratory/Material/DS_WizLab_Arch_FloorI.mat using Guid(c1917e31087b1f641bad23ec12f70d3f) Importer(815301076,1909f56bfc062723c751e8b465ee728b)  -> (artifact id: '7b278b462e90e299c5669db11f9b7666') in 0.015432 seconds
Number of updated asset objects reloaded before import = 0
Number of asset objects unloaded after import = 7
========================================================================
Received Import Request.
  Time since last request: 0.000013 seconds.
  path: Assets/DuoDraconis Dungeon Set - Wizard Laboratory/Material/DS_WizLab_Furn_SmallBookcase.mat
  artifactKey: Guid(5d23dddd42f73a548810b009f1e0e4ca) Importer(815301076,1909f56bfc062723c751e8b465ee728b)
Start importing Assets/DuoDraconis Dungeon Set - Wizard Laboratory/Material/DS_WizLab_Furn_SmallBookcase.mat using Guid(5d23dddd42f73a548810b009f1e0e4ca) Importer(815301076,1909f56bfc062723c751e8b465ee728b)  -> (artifact id: '921700dd3d146ec8f180fac0b8d834b4') in 0.024472 seconds
Number of updated asset objects reloaded before import = 0
Number of asset objects unloaded after import = 7
========================================================================
Received Import Request.
  Time since last request: 0.000014 seconds.
  path: Assets/DuoDraconis Dungeon Set - Wizard Laboratory/Material/DS_WizLab_Arch_WindowD_Glass_01.mat
  artifactKey: Guid(5d345a94b68570343a61ac7eebde204f) Importer(815301076,1909f56bfc062723c751e8b465ee728b)
Start importing Assets/DuoDraconis Dungeon Set - Wizard Laboratory/Material/DS_WizLab_Arch_WindowD_Glass_01.mat using Guid(5d345a94b68570343a61ac7eebde204f) Importer(815301076,1909f56bfc062723c751e8b465ee728b)  -> (artifact id: '436ffc6116172fdccc95f81b855db6fa') in 0.015722 seconds
Number of updated asset objects reloaded before import = 0
Number of asset objects unloaded after import = 7
========================================================================
Received Import Request.
  Time since last request: 0.000018 seconds.
  path: Assets/DuoDraconis Dungeon Set - Wizard Laboratory/Material/DS_WizLab_Furn_Desk.mat
  artifactKey: Guid(71c891467a7b4dd4797494aeefd11c73) Importer(815301076,1909f56bfc062723c751e8b465ee728b)
Start importing Assets/DuoDraconis Dungeon Set - Wizard Laboratory/Material/DS_WizLab_Furn_Desk.mat using Guid(71c891467a7b4dd4797494aeefd11c73) Importer(815301076,1909f56bfc062723c751e8b465ee728b)  -> (artifact id: 'fe790727db2f68f8cea95126cd847365') in 0.024012 seconds
Number of updated asset objects reloaded before import = 0
Number of asset objects unloaded after import = 7
========================================================================
Received Import Request.
  Time since last request: 0.000013 seconds.
  path: Assets/DuoDraconis Dungeon Set - Wizard Laboratory/Material/DS_WizLab_Clut_ContraptionB.mat
  artifactKey: Guid(77584e6d9e5aebd4a8d1ec534ff007cf) Importer(815301076,1909f56bfc062723c751e8b465ee728b)
Start importing Assets/DuoDraconis Dungeon Set - Wizard Laboratory/Material/DS_WizLab_Clut_ContraptionB.mat using Guid(77584e6d9e5aebd4a8d1ec534ff007cf) Importer(815301076,1909f56bfc062723c751e8b465ee728b)  -> (artifact id: 'de39266594e0b927902973fbbe5afe56') in 0.032359 seconds
Number of updated asset objects reloaded before import = 0
Number of asset objects unloaded after import = 7
========================================================================
Received Import Request.
  Time since last request: 0.001853 seconds.
  path: Assets/DuoDraconis Dungeon Set - Wizard Laboratory/Material/DS_WizLab_Furn_Bookcase.mat
  artifactKey: Guid(1b5cf21bb0150594c92c3b7e520412a4) Importer(815301076,1909f56bfc062723c751e8b465ee728b)
Start importing Assets/DuoDraconis Dungeon Set - Wizard Laboratory/Material/DS_WizLab_Furn_Bookcase.mat using Guid(1b5cf21bb0150594c92c3b7e520412a4) Importer(815301076,1909f56bfc062723c751e8b465ee728b)  -> (artifact id: '2c618e6036a65e07f2666242f6ba2423') in 0.068566 seconds
Number of updated asset objects reloaded before import = 0
Number of asset objects unloaded after import = 7
========================================================================
Received Import Request.
  Time since last request: 0.000015 seconds.
  path: Assets/DuoDraconis Dungeon Set - Wizard Laboratory/Material/DS_WizLab_Arch_WindowC_Glass_00.mat
  artifactKey: Guid(02b96a464d052ee40b2ea33f50f7323b) Importer(815301076,1909f56bfc062723c751e8b465ee728b)
Start importing Assets/DuoDraconis Dungeon Set - Wizard Laboratory/Material/DS_WizLab_Arch_WindowC_Glass_00.mat using Guid(02b96a464d052ee40b2ea33f50f7323b) Importer(815301076,1909f56bfc062723c751e8b465ee728b)  -> (artifact id: '8142cdf6a430a9a21e6d86fa9ccde4f9') in 0.019471 seconds
Number of updated asset objects reloaded before import = 0
Number of asset objects unloaded after import = 7
========================================================================
Received Import Request.
  Time since last request: 0.000018 seconds.
  path: Assets/DuoDraconis Dungeon Set - Wizard Laboratory/Material/DS_WizLab_Furn_Console.mat
  artifactKey: Guid(2c16e99c9296eb942945ebcffed26ad7) Importer(815301076,1909f56bfc062723c751e8b465ee728b)
Start importing Assets/DuoDraconis Dungeon Set - Wizard Laboratory/Material/DS_WizLab_Furn_Console.mat using Guid(2c16e99c9296eb942945ebcffed26ad7) Importer(815301076,1909f56bfc062723c751e8b465ee728b)  -> (artifact id: '36348373e565b762d37ef8e9fa1bd6f5') in 0.026761 seconds
Number of updated asset objects reloaded before import = 0
Number of asset objects unloaded after import = 7
========================================================================
Received Import Request.
  Time since last request: 0.000021 seconds.
  path: Assets/DuoDraconis Dungeon Set - Wizard Laboratory/Material/DS_WizLab_Arch_FloorG.mat
  artifactKey: Guid(dadd1636d8b2a8245933dc55e9097f5a) Importer(815301076,1909f56bfc062723c751e8b465ee728b)
Start importing Assets/DuoDraconis Dungeon Set - Wizard Laboratory/Material/DS_WizLab_Arch_FloorG.mat using Guid(dadd1636d8b2a8245933dc55e9097f5a) Importer(815301076,1909f56bfc062723c751e8b465ee728b)  -> (artifact id: '2a4fcbc02b1d83537fe7899771b70846') in 0.015905 seconds
Number of updated asset objects reloaded before import = 0
Number of asset objects unloaded after import = 7
========================================================================
Received Import Request.
  Time since last request: 0.000014 seconds.
  path: Assets/DuoDraconis Dungeon Set - Wizard Laboratory/Material/DS_WizLab_Clut_MortarAndPestal.mat
  artifactKey: Guid(5a0b1d456e5086d4c9b2238492f15634) Importer(815301076,1909f56bfc062723c751e8b465ee728b)
Start importing Assets/DuoDraconis Dungeon Set - Wizard Laboratory/Material/DS_WizLab_Clut_MortarAndPestal.mat using Guid(5a0b1d456e5086d4c9b2238492f15634) Importer(815301076,1909f56bfc062723c751e8b465ee728b)  -> (artifact id: 'f960be1b0835ae2ad2887636a4e6f6b9') in 0.030509 seconds
Number of updated asset objects reloaded before import = 0
Number of asset objects unloaded after import = 7
========================================================================
Received Import Request.
  Time since last request: 0.000016 seconds.
  path: Assets/DuoDraconis Dungeon Set - Wizard Laboratory/Material/DS_WizLab_Clut_GlassBottles.mat
  artifactKey: Guid(abba5c48867fb1d41bf0e9f0255914d1) Importer(815301076,1909f56bfc062723c751e8b465ee728b)
Start importing Assets/DuoDraconis Dungeon Set - Wizard Laboratory/Material/DS_WizLab_Clut_GlassBottles.mat using Guid(abba5c48867fb1d41bf0e9f0255914d1) Importer(815301076,1909f56bfc062723c751e8b465ee728b)  -> (artifact id: '57c3b4af388f66350295b78cbfa46486') in 0.032758 seconds
Number of updated asset objects reloaded before import = 0
Number of asset objects unloaded after import = 7
========================================================================
Received Import Request.
  Time since last request: 0.000016 seconds.
  path: Assets/DuoDraconis Dungeon Set - Wizard Laboratory/Material/DS_WizLab_Arch_FloorB.mat
  artifactKey: Guid(dd6c160861eb1254d966ab926839662a) Importer(815301076,1909f56bfc062723c751e8b465ee728b)
Start importing Assets/DuoDraconis Dungeon Set - Wizard Laboratory/Material/DS_WizLab_Arch_FloorB.mat using Guid(dd6c160861eb1254d966ab926839662a) Importer(815301076,1909f56bfc062723c751e8b465ee728b)  -> (artifact id: 'e6fb826f6b29f37ae8baea849275c4b1') in 0.023531 seconds
Number of updated asset objects reloaded before import = 0
Number of asset objects unloaded after import = 7
========================================================================
Received Import Request.
  Time since last request: 0.000016 seconds.
  path: Assets/DuoDraconis Dungeon Set - Wizard Laboratory/Material/DS_WizLab_Clut_ChalkBoard_01.mat
  artifactKey: Guid(58a9d524b4defad42bed438f824f4ed8) Importer(815301076,1909f56bfc062723c751e8b465ee728b)
Start importing Assets/DuoDraconis Dungeon Set - Wizard Laboratory/Material/DS_WizLab_Clut_ChalkBoard_01.mat using Guid(58a9d524b4defad42bed438f824f4ed8) Importer(815301076,1909f56bfc062723c751e8b465ee728b)  -> (artifact id: 'c0f71630f8fafb1405c99cec347f7d1d') in 0.023294 seconds
Number of updated asset objects reloaded before import = 0
Number of asset objects unloaded after import = 6
========================================================================
Received Import Request.
  Time since last request: 0.000017 seconds.
  path: Assets/DuoDraconis Dungeon Set - Wizard Laboratory/Material/DS_WizLab_Arch_WindowE.mat
  artifactKey: Guid(7a3ce8ea8528c1047b26ca7889088a84) Importer(815301076,1909f56bfc062723c751e8b465ee728b)
Start importing Assets/DuoDraconis Dungeon Set - Wizard Laboratory/Material/DS_WizLab_Arch_WindowE.mat using Guid(7a3ce8ea8528c1047b26ca7889088a84) Importer(815301076,1909f56bfc062723c751e8b465ee728b)  -> (artifact id: 'b7fd2019dbac0d2150608331e5bc26c1') in 0.028092 seconds
Number of updated asset objects reloaded before import = 0
Number of asset objects unloaded after import = 7
========================================================================
Received Import Request.
  Time since last request: 0.000020 seconds.
  path: Assets/DuoDraconis Dungeon Set - Wizard Laboratory/Material/DS_WizLab_Clut_FlaskBox.mat
  artifactKey: Guid(ec25192028e1f1447acd6557688ffe21) Importer(815301076,1909f56bfc062723c751e8b465ee728b)
Start importing Assets/DuoDraconis Dungeon Set - Wizard Laboratory/Material/DS_WizLab_Clut_FlaskBox.mat using Guid(ec25192028e1f1447acd6557688ffe21) Importer(815301076,1909f56bfc062723c751e8b465ee728b)  -> (artifact id: 'af824e39ba2857b8ab71d004bfd8ac2a') in 0.023299 seconds
Number of updated asset objects reloaded before import = 0
Number of asset objects unloaded after import = 7
========================================================================
Received Import Request.
  Time since last request: 0.000011 seconds.
  path: Assets/DuoDraconis Dungeon Set - Wizard Laboratory/Material/DS_WizLab_Arch_FloorC.mat
  artifactKey: Guid(a1a722f61e1813c44b395302dc1da12b) Importer(815301076,1909f56bfc062723c751e8b465ee728b)
Start importing Assets/DuoDraconis Dungeon Set - Wizard Laboratory/Material/DS_WizLab_Arch_FloorC.mat using Guid(a1a722f61e1813c44b395302dc1da12b) Importer(815301076,1909f56bfc062723c751e8b465ee728b)  -> (artifact id: '4a0aa636df1bf801d7eb14155e551a04') in 0.020650 seconds
Number of updated asset objects reloaded before import = 0
Number of asset objects unloaded after import = 7
========================================================================
Received Import Request.
  Time since last request: 0.000013 seconds.
  path: Assets/DuoDraconis Dungeon Set - Wizard Laboratory/Material/DS_WizLab_Arch_Staircase.mat
  artifactKey: Guid(f470ed2cb2091ab4bab5a64be0e0ca0b) Importer(815301076,1909f56bfc062723c751e8b465ee728b)
Start importing Assets/DuoDraconis Dungeon Set - Wizard Laboratory/Material/DS_WizLab_Arch_Staircase.mat using Guid(f470ed2cb2091ab4bab5a64be0e0ca0b) Importer(815301076,1909f56bfc062723c751e8b465ee728b)  -> (artifact id: 'd055febfd2f1b9db3c9f8f6ea92ad032') in 0.027742 seconds
Number of updated asset objects reloaded before import = 0
Number of asset objects unloaded after import = 7
========================================================================
Received Import Request.
  Time since last request: 0.000012 seconds.
  path: Assets/DuoDraconis Dungeon Set - Wizard Laboratory/Material/DS_WizLab_Clut_ProbesIngot_01.mat
  artifactKey: Guid(8522e162b20e7dc449d1e8aae7223e87) Importer(815301076,1909f56bfc062723c751e8b465ee728b)
Start importing Assets/DuoDraconis Dungeon Set - Wizard Laboratory/Material/DS_WizLab_Clut_ProbesIngot_01.mat using Guid(8522e162b20e7dc449d1e8aae7223e87) Importer(815301076,1909f56bfc062723c751e8b465ee728b)  -> (artifact id: 'e9d3ff63df115428a143dfc274da3091') in 0.025378 seconds
Number of updated asset objects reloaded before import = 0
Number of asset objects unloaded after import = 7
========================================================================
Received Import Request.
  Time since last request: 0.000015 seconds.
  path: Assets/DuoDraconis Dungeon Set - Wizard Laboratory/Material/DS_WizLab_Arch_WindowB_Glass_01.mat
  artifactKey: Guid(2ab013322b31b7d4dad12469893ac8c5) Importer(815301076,1909f56bfc062723c751e8b465ee728b)
Start importing Assets/DuoDraconis Dungeon Set - Wizard Laboratory/Material/DS_WizLab_Arch_WindowB_Glass_01.mat using Guid(2ab013322b31b7d4dad12469893ac8c5) Importer(815301076,1909f56bfc062723c751e8b465ee728b)  -> (artifact id: 'f1857442b5c0549ea5c9aff839a772f5') in 0.015846 seconds
Number of updated asset objects reloaded before import = 0
Number of asset objects unloaded after import = 7
========================================================================
Received Import Request.
  Time since last request: 0.000015 seconds.
  path: Assets/DuoDraconis Dungeon Set - Wizard Laboratory/Material/DS_WizLab_Arch_WindowE_Glass.mat
  artifactKey: Guid(06e230bd235cb9c4397890b673e3fc95) Importer(815301076,1909f56bfc062723c751e8b465ee728b)
Start importing Assets/DuoDraconis Dungeon Set - Wizard Laboratory/Material/DS_WizLab_Arch_WindowE_Glass.mat using Guid(06e230bd235cb9c4397890b673e3fc95) Importer(815301076,1909f56bfc062723c751e8b465ee728b)  -> (artifact id: 'c460443f07fd6fd585ee51537d816195') in 0.015032 seconds
Number of updated asset objects reloaded before import = 0
Number of asset objects unloaded after import = 7
========================================================================
Received Import Request.
  Time since last request: 0.000020 seconds.
  path: Assets/DuoDraconis Dungeon Set - Wizard Laboratory/Material/DS_WizLab_Arch_Staircase_Upper.mat
  artifactKey: Guid(2b543562852ffd3498c2c37267ef8b5a) Importer(815301076,1909f56bfc062723c751e8b465ee728b)
Start importing Assets/DuoDraconis Dungeon Set - Wizard Laboratory/Material/DS_WizLab_Arch_Staircase_Upper.mat using Guid(2b543562852ffd3498c2c37267ef8b5a) Importer(815301076,1909f56bfc062723c751e8b465ee728b)  -> (artifact id: 'd95bf670d38f3c33cadfa29aabf43f64') in 0.026975 seconds
Number of updated asset objects reloaded before import = 0
Number of asset objects unloaded after import = 7
========================================================================
Received Import Request.
  Time since last request: 0.000015 seconds.
  path: Assets/DuoDraconis Dungeon Set - Wizard Laboratory/Material/DS_WizLab_Arch_FloorD.mat
  artifactKey: Guid(e8dfd3ddf54cdc74f9a48bf0fd55b6f4) Importer(815301076,1909f56bfc062723c751e8b465ee728b)
Start importing Assets/DuoDraconis Dungeon Set - Wizard Laboratory/Material/DS_WizLab_Arch_FloorD.mat using Guid(e8dfd3ddf54cdc74f9a48bf0fd55b6f4) Importer(815301076,1909f56bfc062723c751e8b465ee728b)  -> (artifact id: 'cc5418f5d03f3ec73dfbfe32368212d6') in 0.015035 seconds
Number of updated asset objects reloaded before import = 0
Number of asset objects unloaded after import = 7
========================================================================
Received Import Request.
  Time since last request: 0.000013 seconds.
  path: Assets/DuoDraconis Dungeon Set - Wizard Laboratory/Material/DS_WizLab_Arch_FloorH.mat
  artifactKey: Guid(d35a9c2576f625c4bb30998584ede8d3) Importer(815301076,1909f56bfc062723c751e8b465ee728b)
Start importing Assets/DuoDraconis Dungeon Set - Wizard Laboratory/Material/DS_WizLab_Arch_FloorH.mat using Guid(d35a9c2576f625c4bb30998584ede8d3) Importer(815301076,1909f56bfc062723c751e8b465ee728b)  -> (artifact id: '75b71716caa230c9722bdf147c48d317') in 0.016570 seconds
Number of updated asset objects reloaded before import = 0
Number of asset objects unloaded after import = 7
========================================================================
Received Import Request.
  Time since last request: 0.000332 seconds.
  path: Assets/DuoDraconis Dungeon Set - Wizard Laboratory/Material/DS_WizLab_Furn_Table.mat
  artifactKey: Guid(4da1ebeaf38500a4cb264de6f329da72) Importer(815301076,1909f56bfc062723c751e8b465ee728b)
Start importing Assets/DuoDraconis Dungeon Set - Wizard Laboratory/Material/DS_WizLab_Furn_Table.mat using Guid(4da1ebeaf38500a4cb264de6f329da72) Importer(815301076,1909f56bfc062723c751e8b465ee728b)  -> (artifact id: 'f1140e0279af242f0a995e53473d6e6b') in 0.053030 seconds
Number of updated asset objects reloaded before import = 0
Number of asset objects unloaded after import = 7
========================================================================
Received Import Request.
  Time since last request: 0.000015 seconds.
  path: Assets/DuoDraconis Dungeon Set - Wizard Laboratory/Material/DS_WizLab_Arch_WindowB_Glass_00.mat
  artifactKey: Guid(eeee4488973aeb846826803b1c6efd3f) Importer(815301076,1909f56bfc062723c751e8b465ee728b)
Start importing Assets/DuoDraconis Dungeon Set - Wizard Laboratory/Material/DS_WizLab_Arch_WindowB_Glass_00.mat using Guid(eeee4488973aeb846826803b1c6efd3f) Importer(815301076,1909f56bfc062723c751e8b465ee728b)  -> (artifact id: '7fed138ec52d990641d590a627315ce3') in 0.016670 seconds
Number of updated asset objects reloaded before import = 0
Number of asset objects unloaded after import = 7
========================================================================
Received Import Request.
  Time since last request: 0.000017 seconds.
  path: Assets/DuoDraconis Dungeon Set - Wizard Laboratory/Material/DS_WizLab_Furn_FlatDrawerRack.mat
  artifactKey: Guid(a77d57f011bb7934dad146ebcef6cdec) Importer(815301076,1909f56bfc062723c751e8b465ee728b)
Start importing Assets/DuoDraconis Dungeon Set - Wizard Laboratory/Material/DS_WizLab_Furn_FlatDrawerRack.mat using Guid(a77d57f011bb7934dad146ebcef6cdec) Importer(815301076,1909f56bfc062723c751e8b465ee728b)  -> (artifact id: '65360e98a7a1c4685476ae35c3951e15') in 0.023380 seconds
Number of updated asset objects reloaded before import = 0
Number of asset objects unloaded after import = 7
========================================================================
Received Import Request.
  Time since last request: 0.001120 seconds.
  path: Assets/DuoDraconis Dungeon Set - Wizard Laboratory/Material/DS_WizLab_Furn_SideTable.mat
  artifactKey: Guid(8f7ef56b7326d024c8b4481820ee9364) Importer(815301076,1909f56bfc062723c751e8b465ee728b)
Start importing Assets/DuoDraconis Dungeon Set - Wizard Laboratory/Material/DS_WizLab_Furn_SideTable.mat using Guid(8f7ef56b7326d024c8b4481820ee9364) Importer(815301076,1909f56bfc062723c751e8b465ee728b)  -> (artifact id: 'b19bdc26c378cda1aff1dd922139d481') in 0.023681 seconds
Number of updated asset objects reloaded before import = 0
Number of asset objects unloaded after import = 7
========================================================================
Received Import Request.
  Time since last request: 0.000013 seconds.
  path: Assets/DuoDraconis Dungeon Set - Wizard Laboratory/Material/DS_WizLab_Clut_ProbesHorns.mat
  artifactKey: Guid(d774ecc9ea607a64d8057098eef8004d) Importer(815301076,1909f56bfc062723c751e8b465ee728b)
Start importing Assets/DuoDraconis Dungeon Set - Wizard Laboratory/Material/DS_WizLab_Clut_ProbesHorns.mat using Guid(d774ecc9ea607a64d8057098eef8004d) Importer(815301076,1909f56bfc062723c751e8b465ee728b)  -> (artifact id: 'ab9bf878dae593bc99315ef20e09b9e9') in 0.026520 seconds
Number of updated asset objects reloaded before import = 0
Number of asset objects unloaded after import = 7
========================================================================
Received Import Request.
  Time since last request: 0.000017 seconds.
  path: Assets/DuoDraconis Dungeon Set - Wizard Laboratory/Material/DS_WizLab_Clut_SmallCauldron.mat
  artifactKey: Guid(7217fda5b498da04cb6cb7f38cc396c0) Importer(815301076,1909f56bfc062723c751e8b465ee728b)
Start importing Assets/DuoDraconis Dungeon Set - Wizard Laboratory/Material/DS_WizLab_Clut_SmallCauldron.mat using Guid(7217fda5b498da04cb6cb7f38cc396c0) Importer(815301076,1909f56bfc062723c751e8b465ee728b)  -> (artifact id: '792086f55ec2a4ca74814fbbd7e26197') in 0.026520 seconds
Number of updated asset objects reloaded before import = 0
Number of asset objects unloaded after import = 7
========================================================================
Received Import Request.
  Time since last request: 28.412834 seconds.
  path: Assets/DuoDraconis Dungeon Set - Wizard Laboratory/Textures/DS_WizLab_Arch_Wall_Inside_normal.png
  artifactKey: Guid(27285695e2343904996d35c2242a5a97) Importer(815301076,1909f56bfc062723c751e8b465ee728b)
Start importing Assets/DuoDraconis Dungeon Set - Wizard Laboratory/Textures/DS_WizLab_Arch_Wall_Inside_normal.png using Guid(27285695e2343904996d35c2242a5a97) Importer(815301076,1909f56bfc062723c751e8b465ee728b)  -> (artifact id: 'fc838f7d9b8222e5d91f4ed0d47c4235') in 0.024511 seconds
Number of updated asset objects reloaded before import = 0
Number of asset objects unloaded after import = 2
========================================================================
Received Import Request.
  Time since last request: 0.000017 seconds.
  path: Assets/DuoDraconis Dungeon Set - Wizard Laboratory/Textures/DS_WizLab_Arch_Wall_Inside_ambientocclusion.png
  artifactKey: Guid(a4fa929b7840f8b40962ba532ec78672) Importer(815301076,1909f56bfc062723c751e8b465ee728b)
Start importing Assets/DuoDraconis Dungeon Set - Wizard Laboratory/Textures/DS_WizLab_Arch_Wall_Inside_ambientocclusion.png using Guid(a4fa929b7840f8b40962ba532ec78672) Importer(815301076,1909f56bfc062723c751e8b465ee728b)  -> (artifact id: '972d8ef57a268c5ef38e875edd5eaf47') in 0.024576 seconds
Number of updated asset objects reloaded before import = 0
Number of asset objects unloaded after import = 2
Editor requested this worker to shutdown with reason: Scaling down because of idle timeout
TcpMessagingSession - receive error: operation aborted. errorcode: 995, details: The I/O operation has been aborted because of either a thread exit or an application request.
AssetImportWorker is now disconnected from the server
Process exiting
Exiting without the bug reporter. Application will terminate with return code 0