Using pre-set license
Built from '2022.3/release' branch; Version is '2022.3.18f1 (d29bea25151d) revision 13802474'; Using compiler version '192829333'; Build Type 'Release'
OS: 'Windows 11  (10.0.22631) 64bit Core' Language: 'en' Physical Memory: 32682 MB
BatchMode: 1, IsHumanControllingUs: 0, StartBugReporterOnCrash: 0, Is64bit: 1, IsPro: 1

COMMAND LINE ARGUMENTS:
C:\Program Files\Unity\Hub\Editor\2022.3.18f1\Editor\Unity.exe
-adb2
-batchMode
-noUpm
-name
AssetImportWorker18
-projectPath
C:/Users/Rose/OneDrive/Desktop/Coding/GitHub/CS465_OrdwayR/RosysWizards465
-logFile
Logs/AssetImportWorker18.log
-srvPort
55627
Successfully changed project path to: C:/Users/Rose/OneDrive/Desktop/Coding/GitHub/CS465_OrdwayR/RosysWizards465
C:/Users/Rose/OneDrive/Desktop/Coding/GitHub/CS465_OrdwayR/RosysWizards465
[UnityMemory] Configuration Parameters - Can be set up in boot.config
    "memorysetup-bucket-allocator-granularity=16"
    "memorysetup-bucket-allocator-bucket-count=8"
    "memorysetup-bucket-allocator-block-size=33554432"
    "memorysetup-bucket-allocator-block-count=8"
    "memorysetup-main-allocator-block-size=16777216"
    "memorysetup-thread-allocator-block-size=16777216"
    "memorysetup-gfx-main-allocator-block-size=16777216"
    "memorysetup-gfx-thread-allocator-block-size=16777216"
    "memorysetup-cache-allocator-block-size=4194304"
    "memorysetup-typetree-allocator-block-size=2097152"
    "memorysetup-profiler-bucket-allocator-granularity=16"
    "memorysetup-profiler-bucket-allocator-bucket-count=8"
    "memorysetup-profiler-bucket-allocator-block-size=33554432"
    "memorysetup-profiler-bucket-allocator-block-count=8"
    "memorysetup-profiler-allocator-block-size=16777216"
    "memorysetup-profiler-editor-allocator-block-size=1048576"
    "memorysetup-temp-allocator-size-main=16777216"
    "memorysetup-job-temp-allocator-block-size=2097152"
    "memorysetup-job-temp-allocator-block-size-background=1048576"
    "memorysetup-job-temp-allocator-reduction-small-platforms=262144"
    "memorysetup-allocator-temp-initial-block-size-main=262144"
    "memorysetup-allocator-temp-initial-block-size-worker=262144"
    "memorysetup-temp-allocator-size-background-worker=32768"
    "memorysetup-temp-allocator-size-job-worker=262144"
    "memorysetup-temp-allocator-size-preload-manager=33554432"
    "memorysetup-temp-allocator-size-nav-mesh-worker=65536"
    "memorysetup-temp-allocator-size-audio-worker=65536"
    "memorysetup-temp-allocator-size-cloud-worker=32768"
    "memorysetup-temp-allocator-size-gi-baking-worker=262144"
    "memorysetup-temp-allocator-size-gfx=262144"
Player connection [37200] Host "[IP] 10.0.0.179 [Port] 0 [Flags] 2 [Guid] 1250985963 [EditorId] 1250985963 [Version] 1048832 [Id] WindowsEditor(7,Rosy) [Debug] 1 [PackageName] WindowsEditor [ProjectName] Editor" joined multi-casting on [225.0.0.222:54997]...

Player connection [37200] Host "[IP] 10.0.0.179 [Port] 0 [Flags] 2 [Guid] 1250985963 [EditorId] 1250985963 [Version] 1048832 [Id] WindowsEditor(7,Rosy) [Debug] 1 [PackageName] WindowsEditor [ProjectName] Editor" joined alternative multi-casting on [225.0.0.222:34997]...

[Physics::Module] Initialized MultithreadedJobDispatcher with 15 workers.
Refreshing native plugins compatible for Editor in 104.54 ms, found 13 plugins.
Preloading 0 native plugins for Editor in 0.00 ms.
Initialize engine version: 2022.3.18f1 (d29bea25151d)
[Subsystems] Discovering subsystems at path C:/Program Files/Unity/Hub/Editor/2022.3.18f1/Editor/Data/Resources/UnitySubsystems
[Subsystems] Discovering subsystems at path C:/Users/Rose/OneDrive/Desktop/Coding/GitHub/CS465_OrdwayR/RosysWizards465/Assets
GfxDevice: creating device client; threaded=0; jobified=0
Direct3D:
    Version:  Direct3D 11.0 [level 11.1]
    Renderer: NVIDIA GeForce RTX 3080 Ti (ID=0x2208)
    Vendor:   NVIDIA
    VRAM:     12086 MB
    Driver:   32.0.15.6636
Shader 'Oculus/OVRMRCameraFrameLit': fallback shader 'Alpha-Diffuse' not found
Initialize mono
Mono path[0] = 'C:/Program Files/Unity/Hub/Editor/2022.3.18f1/Editor/Data/Managed'
Mono path[1] = 'C:/Program Files/Unity/Hub/Editor/2022.3.18f1/Editor/Data/MonoBleedingEdge/lib/mono/unityjit-win32'
Mono config path = 'C:/Program Files/Unity/Hub/Editor/2022.3.18f1/Editor/Data/MonoBleedingEdge/etc'
Using monoOptions --debugger-agent=transport=dt_socket,embedding=1,server=y,suspend=n,address=127.0.0.1:56816
Begin MonoManager ReloadAssembly
Registering precompiled unity dll's ...
Register platform support module: C:/Program Files/Unity/Hub/Editor/2022.3.18f1/Editor/Data/PlaybackEngines/WebGLSupport/UnityEditor.WebGL.Extensions.dll
Register platform support module: C:/Program Files/Unity/Hub/Editor/2022.3.18f1/Editor/Data/PlaybackEngines/AndroidPlayer/UnityEditor.Android.Extensions.dll
Register platform support module: C:/Program Files/Unity/Hub/Editor/2022.3.18f1/Editor/Data/PlaybackEngines/WindowsStandaloneSupport/UnityEditor.WindowsStandalone.Extensions.dll
Registered in 0.023902 seconds.
- Loaded All Assemblies, in  0.564 seconds
Native extension for WindowsStandalone target not found
Native extension for Android target not found
Android Extension - Scanning For ADB Devices 625 ms
Native extension for WebGL target not found
Mono: successfully reloaded assembly
- Finished resetting the current domain, in  1.092 seconds
Domain Reload Profiling: 1652ms
	BeginReloadAssembly (179ms)
		ExecutionOrderSort (0ms)
		DisableScriptedObjects (0ms)
		BackupInstance (0ms)
		ReleaseScriptingObjects (0ms)
		CreateAndSetChildDomain (1ms)
	RebuildCommonClasses (48ms)
	RebuildNativeTypeToScriptingClass (17ms)
	initialDomainReloadingComplete (97ms)
	LoadAllAssembliesAndSetupDomain (219ms)
		LoadAssemblies (175ms)
		RebuildTransferFunctionScriptingTraits (0ms)
		AnalyzeDomain (215ms)
			TypeCache.Refresh (213ms)
				TypeCache.ScanAssembly (197ms)
			ScanForSourceGeneratedMonoScriptInfo (0ms)
			ResolveRequiredComponents (0ms)
	FinalizeReload (1093ms)
		ReleaseScriptCaches (0ms)
		RebuildScriptCaches (0ms)
		SetupLoadedEditorAssemblies (1017ms)
			LogAssemblyErrors (0ms)
			InitializePlatformSupportModulesInManaged (805ms)
			SetLoadedEditorAssemblies (6ms)
			RefreshPlugins (0ms)
			BeforeProcessingInitializeOnLoad (3ms)
			ProcessInitializeOnLoadAttributes (147ms)
			ProcessInitializeOnLoadMethodAttributes (56ms)
			AfterProcessingInitializeOnLoad (0ms)
			EditorAssembliesLoaded (0ms)
		ExecutionOrderSort2 (0ms)
		AwakeInstancesAfterBackupRestoration (0ms)
========================================================================
Worker process is ready to serve import requests
Begin MonoManager ReloadAssembly
Symbol file LoadedFromMemory is not a mono symbol file
- Loaded All Assemblies, in  2.500 seconds
Refreshing native plugins compatible for Editor in 66.17 ms, found 13 plugins.
Native extension for WindowsStandalone target not found
Native extension for Android target not found
Native extension for WebGL target not found
Package Manager log level set to [2]
[Package Manager] Server::EnsureServerProcessIsRunning -- launch failed, reason: Unity was launched with the -noUpm command-line argument
[Package Manager] UpmClient::Send -- Unable to send message (not connected to UPM process).
[Package Manager] Cannot connect to Unity Package Manager local server
[Package Manager] Server::EnsureServerProcessIsRunning -- launch failed, reason: Unity was launched with the -noUpm command-line argument
[Package Manager] UpmClient::Send -- Unable to send message (not connected to UPM process).
[Package Manager] Cannot connect to Unity Package Manager local server
[Package Manager] Server::EnsureServerProcessIsRunning -- launch failed, reason: Unity was launched with the -noUpm command-line argument
[Package Manager] UpmClient::Send -- Unable to send message (not connected to UPM process).
[Package Manager] Cannot connect to Unity Package Manager local server
System.Reflection.TargetInvocationException: Exception has been thrown by the target of an invocation. ---> System.TypeInitializationException: The type initializer for 'UnityEditor.XR.Interaction.Toolkit.Samples.Hands.Editor.HandsSampleProjectValidation' threw an exception. ---> System.NullReferenceException: Object reference not set to an instance of an object
  at Unity.XR.CoreUtils.Editor.PackageVersionUtility.UpdatePackageVersions () [0x00034] in .\Library\PackageCache\com.unity.xr.core-utils@2.2.3\Editor\ProjectValidation\PackageVersionUtility.cs:46 
  at Unity.XR.CoreUtils.Editor.PackageVersionUtility.GetPackageVersion (System.String packageName) [0x00011] in .\Library\PackageCache\com.unity.xr.core-utils@2.2.3\Editor\ProjectValidation\PackageVersionUtility.cs:67 
  at UnityEditor.XR.Interaction.Toolkit.Samples.Hands.Editor.HandsSampleProjectValidation..cctor () [0x00041] in C:\Users\Rose\OneDrive\Desktop\Coding\GitHub\CS465_OrdwayR\RosysWizards465\Assets\Samples\XR Interaction Toolkit\3.0.7\Hands Interaction Demo\Editor\Scripts\HandsSampleProjectValidation.cs:34 
   --- End of inner exception stack trace ---
  at (wrapper managed-to-native) System.Object.__icall_wrapper_mono_gc_wbarrier_generic_nostore_internal(intptr)
  at (wrapper write-barrier) System.Object.wbarrier_conc(intptr)
  at (wrapper managed-to-native) System.Reflection.RuntimeMethodInfo.InternalInvoke(System.Reflection.RuntimeMethodInfo,object,object[],System.Exception&)
  at System.Reflection.RuntimeMethodInfo.Invoke (System.Object obj, System.Reflection.BindingFlags invokeAttr, System.Reflection.Binder binder, System.Object[] parameters, System.Globalization.CultureInfo culture) [0x0006a] in <bfbc89a04b6b4dd49c3614d03fc31ce8>:0 
   --- End of inner exception stack trace ---
  at System.Reflection.RuntimeMethodInfo.Invoke (System.Object obj, System.Reflection.BindingFlags invokeAttr, System.Reflection.Binder binder, System.Object[] parameters, System.Globalization.CultureInfo culture) [0x00083] in <bfbc89a04b6b4dd49c3614d03fc31ce8>:0 
  at System.Reflection.MethodBase.Invoke (System.Object obj, System.Object[] parameters) [0x00000] in <bfbc89a04b6b4dd49c3614d03fc31ce8>:0 
  at UnityEditor.EditorAssemblies.ProcessInitializeOnLoadMethodAttributes () [0x000a5] in <8e887700cd7e4674989da7b046e8eaa6>:0 
UnityEngine.StackTraceUtility:ExtractStackTrace ()
UnityEngine.DebugLogHandler:LogFormat (UnityEngine.LogType,UnityEngine.Object,string,object[])
UnityEngine.Logger:Log (UnityEngine.LogType,object)
UnityEngine.Debug:LogError (object)
UnityEditor.EditorAssemblies:ProcessInitializeOnLoadMethodAttributes ()

Mono: successfully reloaded assembly
[Package Manager] Server::EnsureServerProcessIsRunning -- launch failed, reason: Unity was launched with the -noUpm command-line argument
[Package Manager] UpmClient::Send -- Unable to send message (not connected to UPM process).
[Package Manager] Cannot connect to Unity Package Manager local server
[Package Manager] Server::EnsureServerProcessIsRunning -- launch failed, reason: Unity was launched with the -noUpm command-line argument
[Package Manager] UpmClient::Send -- Unable to send message (not connected to UPM process).
[Package Manager] Cannot connect to Unity Package Manager local server
- Finished resetting the current domain, in  2.917 seconds
Domain Reload Profiling: 5398ms
	BeginReloadAssembly (234ms)
		ExecutionOrderSort (0ms)
		DisableScriptedObjects (8ms)
		BackupInstance (0ms)
		ReleaseScriptingObjects (0ms)
		CreateAndSetChildDomain (36ms)
	RebuildCommonClasses (49ms)
	RebuildNativeTypeToScriptingClass (17ms)
	initialDomainReloadingComplete (77ms)
	LoadAllAssembliesAndSetupDomain (2103ms)
		LoadAssemblies (1317ms)
		RebuildTransferFunctionScriptingTraits (0ms)
		AnalyzeDomain (922ms)
			TypeCache.Refresh (815ms)
				TypeCache.ScanAssembly (781ms)
			ScanForSourceGeneratedMonoScriptInfo (71ms)
			ResolveRequiredComponents (34ms)
	FinalizeReload (2918ms)
		ReleaseScriptCaches (0ms)
		RebuildScriptCaches (0ms)
		SetupLoadedEditorAssemblies (2608ms)
			LogAssemblyErrors (0ms)
			InitializePlatformSupportModulesInManaged (116ms)
			SetLoadedEditorAssemblies (6ms)
			RefreshPlugins (0ms)
			BeforeProcessingInitializeOnLoad (187ms)
			ProcessInitializeOnLoadAttributes (2160ms)
			ProcessInitializeOnLoadMethodAttributes (125ms)
			AfterProcessingInitializeOnLoad (13ms)
			EditorAssembliesLoaded (0ms)
		ExecutionOrderSort2 (0ms)
		AwakeInstancesAfterBackupRestoration (12ms)
Shader 'Oculus/OVRMRCameraFrameLit': fallback shader 'Alpha-Diffuse' not found
Launched and connected shader compiler UnityShaderCompiler.exe after 0.08 seconds
Refreshing native plugins compatible for Editor in 481.70 ms, found 13 plugins.
Preloading 0 native plugins for Editor in 0.00 ms.
Unloading 10256 Unused Serialized files (Serialized files now loaded: 0)
Unloading 322 unused Assets / (15.7 MB). Loaded Objects now: 10596.
Memory consumption went from 451.2 MB to 435.5 MB.
Total: 52.100900 ms (FindLiveObjects: 1.308800 ms CreateObjectMapping: 0.748400 ms MarkObjects: 9.311800 ms  DeleteObjects: 40.730300 ms)

AssetImportParameters requested are different than current active one (requested -> active):
  custom:container-demuxer-ogg: 62fdf1f143b41e24485cea50d1cbac27 -> 
  custom:framework-win-MediaFoundation: 216162199b28c13a410421893ffa2e32 -> 
  custom:container-muxer-webm: aa71ff27fc2769a1b78a27578f13a17b -> 
  custom:video-decoder-webm-vp8: 9c59270c3fd7afecdb556c50c9e8de78 -> 
  custom:SearchIndexIgnoredProperties: e643bd26f0fe6173181afceb89e7c659 -> 
  custom:AudioImporter_EditorPlatform: d09bf68614088b80899f8185d706f6e7 -> 
  custom:audio-decoder-ogg-vorbis: bf7c407c2cedff20999df2af8eb42d56 -> 
  custom:audio-encoder-webm-vorbis: bf7c407c2cedff20999df2af8eb42d56 -> 
  custom:video-codec-MediaFoundation-h265: 746d11721c4dcdbdad8f713fa42b33f4 -> 
  custom:video-decoder-ogg-theora: a1e56fd34408186e4bbccfd4996cb3dc -> 
  custom:CustomObjectIndexerAttribute: 62b5816608c3102f162a1797e29626cf -> 
  custom:container-demuxer-webm: 4f35f7cbe854078d1ac9338744f61a02 -> 
  custom:video-encoder-webm-vp8: eb34c28f22e8b96e1ab97ce403110664 -> 
========================================================================
Received Import Request.
  Time since last request: 44322.652160 seconds.
  path: Assets/Samples/XR Interaction Toolkit/3.0.7/Starter Assets/Animations/ArrowBounce.anim
  artifactKey: Guid(ebfa13455423c254e943b87bf6e1f310) Importer(2089858483,0ecaa5967403d082aa24f35e1b516d23)
Start importing Assets/Samples/XR Interaction Toolkit/3.0.7/Starter Assets/Animations/ArrowBounce.anim using Guid(ebfa13455423c254e943b87bf6e1f310) Importer(2089858483,0ecaa5967403d082aa24f35e1b516d23) Generated GUIDs only implemented for interfaces!
 -> (artifact id: 'cee36719c0dbfdad0b140cdaa0101285') in 2.331882 seconds
Number of updated asset objects reloaded before import = 0
Number of asset objects unloaded after import = 1
========================================================================
Received Import Request.
  Time since last request: 0.000027 seconds.
  path: Assets/Samples/XR Interaction Toolkit/3.0.7/Hands Interaction Demo/HandsDemoSceneAssets/Audio/ButtonHover.wav
  artifactKey: Guid(9a6d738025ed59f4fb946bb59c20e774) Importer(2089858483,0ecaa5967403d082aa24f35e1b516d23)
Start importing Assets/Samples/XR Interaction Toolkit/3.0.7/Hands Interaction Demo/HandsDemoSceneAssets/Audio/ButtonHover.wav using Guid(9a6d738025ed59f4fb946bb59c20e774) Importer(2089858483,0ecaa5967403d082aa24f35e1b516d23) Generated GUIDs only implemented for interfaces!
 -> (artifact id: '3e7045b179c4e7f565f8be6dc8128c9d') in 1.068594 seconds
Number of updated asset objects reloaded before import = 0
Number of asset objects unloaded after import = 1
========================================================================
Received Import Request.
  Time since last request: 0.000022 seconds.
  path: Assets/Imports/FantasyEnvironments/Environments/Prefabs/Flower7.prefab
  artifactKey: Guid(7f72c76c87dff5149967072a8aabddef) Importer(2089858483,3d70f49cd1c2eb9ae422958d1c652c6b)
Start importing Assets/Imports/FantasyEnvironments/Environments/Prefabs/Flower7.prefab using Guid(7f72c76c87dff5149967072a8aabddef) Importer(2089858483,3d70f49cd1c2eb9ae422958d1c652c6b) Generated GUIDs only implemented for interfaces!
 -> (artifact id: 'e04abba07ea7bbdb5801cebda857f917') in 0.346728 seconds
Number of updated asset objects reloaded before import = 0
Number of asset objects unloaded after import = 13
========================================================================
Received Import Request.
  Time since last request: 0.000029 seconds.
  path: Assets/Samples/XR Interaction Toolkit/3.0.7/Hands Interaction Demo/HandsDemoSceneAssets/Models
  artifactKey: Guid(244d416b583e0204289c36456c6419cd) Importer(2089858483,0ecaa5967403d082aa24f35e1b516d23)
Start importing Assets/Samples/XR Interaction Toolkit/3.0.7/Hands Interaction Demo/HandsDemoSceneAssets/Models using Guid(244d416b583e0204289c36456c6419cd) Importer(2089858483,0ecaa5967403d082aa24f35e1b516d23) Generated GUIDs only implemented for interfaces!
 -> (artifact id: 'c694ba33ab6c2b7bdd0f8721099ec603') in 0.014929 seconds
Number of updated asset objects reloaded before import = 0
Number of asset objects unloaded after import = 1
========================================================================
Received Import Request.
  Time since last request: 0.000020 seconds.
  path: Assets/Imports/FantasyEnvironments/Environments/Prefabs/Mushroom3.prefab
  artifactKey: Guid(1ceaf06647257394f8d75a1759c6be00) Importer(2089858483,3d70f49cd1c2eb9ae422958d1c652c6b)
Start importing Assets/Imports/FantasyEnvironments/Environments/Prefabs/Mushroom3.prefab using Guid(1ceaf06647257394f8d75a1759c6be00) Importer(2089858483,3d70f49cd1c2eb9ae422958d1c652c6b) Generated GUIDs only implemented for interfaces!
 -> (artifact id: 'acfc2e1f6573053c6d42f1659fad9539') in 0.174853 seconds
Number of updated asset objects reloaded before import = 0
Number of asset objects unloaded after import = 13
========================================================================
Received Import Request.
  Time since last request: 0.000020 seconds.
  path: Assets/DuoDraconis Dungeon Set - Wizard Laboratory/DemoScene_Content.unity
  artifactKey: Guid(940e6238d481e9847a6a7d9ea2e5daee) Importer(2089858483,3d70f49cd1c2eb9ae422958d1c652c6b)
Start importing Assets/DuoDraconis Dungeon Set - Wizard Laboratory/DemoScene_Content.unity using Guid(940e6238d481e9847a6a7d9ea2e5daee) Importer(2089858483,3d70f49cd1c2eb9ae422958d1c652c6b) Opening scene 'Assets/DuoDraconis Dungeon Set - Wizard Laboratory/DemoScene_Content.unity additively'
Loaded scene 'Assets/DuoDraconis Dungeon Set - Wizard Laboratory/DemoScene_Content.unity'
	Deserialize:            16.193 ms
	Integration:            827.222 ms
	Integration of assets:  0.003 ms
	Thread Wait Time:       1.498 ms
	Total Operation Time:   844.917 ms
Generated GUIDs only implemented for interfaces!
 -> (artifact id: 'bd04488996b12918a5270d86c6e16767') in 1.409823 seconds
Number of updated asset objects reloaded before import = 0
Number of asset objects unloaded after import = 684
========================================================================
Received Import Request.
  Time since last request: 0.000038 seconds.
  path: Assets/Samples/XR Interaction Toolkit/3.0.7/Starter Assets/DemoScene.unity
  artifactKey: Guid(319dafa5c80f29f428dc1e0d03f04177) Importer(2089858483,3d70f49cd1c2eb9ae422958d1c652c6b)
Start importing Assets/Samples/XR Interaction Toolkit/3.0.7/Starter Assets/DemoScene.unity using Guid(319dafa5c80f29f428dc1e0d03f04177) Importer(2089858483,3d70f49cd1c2eb9ae422958d1c652c6b) Opening scene 'Assets/Samples/XR Interaction Toolkit/3.0.7/Starter Assets/DemoScene.unity additively'
Loaded scene 'Assets/Samples/XR Interaction Toolkit/3.0.7/Starter Assets/DemoScene.unity'
	Deserialize:            39.228 ms
	Integration:            345.637 ms
	Integration of assets:  0.856 ms
	Thread Wait Time:       -0.001 ms
	Total Operation Time:   385.720 ms
Generated GUIDs only implemented for interfaces!
 -> (artifact id: 'c9d3dee4b0fa7896cd22e896883dbd5d') in 1.107477 seconds
Number of updated asset objects reloaded before import = 0
Number of asset objects unloaded after import = 3563
========================================================================
Received Import Request.
  Time since last request: 0.000022 seconds.
  path: Assets/Imports/FantasyEnvironments/Environments/Town/Prefabs/Food_corn.prefab
  artifactKey: Guid(10506fa9e2a850e4cbd99310b1057c33) Importer(2089858483,3d70f49cd1c2eb9ae422958d1c652c6b)
Start importing Assets/Imports/FantasyEnvironments/Environments/Town/Prefabs/Food_corn.prefab using Guid(10506fa9e2a850e4cbd99310b1057c33) Importer(2089858483,3d70f49cd1c2eb9ae422958d1c652c6b) Generated GUIDs only implemented for interfaces!
 -> (artifact id: 'e700b84b246e63b839eacdd3990bfd48') in 0.017048 seconds
Number of updated asset objects reloaded before import = 0
Number of asset objects unloaded after import = 8
========================================================================
Received Import Request.
  Time since last request: 0.000025 seconds.
  path: Assets/TextMesh Pro/Examples & Extras/Scenes/10 - Bullets & Numbered List Example.unity
  artifactKey: Guid(c3f814e1d12c45568daf3dd9a86a0e61) Importer(2089858483,3d70f49cd1c2eb9ae422958d1c652c6b)
Start importing Assets/TextMesh Pro/Examples & Extras/Scenes/10 - Bullets & Numbered List Example.unity using Guid(c3f814e1d12c45568daf3dd9a86a0e61) Importer(2089858483,3d70f49cd1c2eb9ae422958d1c652c6b) Opening scene 'Assets/TextMesh Pro/Examples & Extras/Scenes/10 - Bullets & Numbered List Example.unity additively'
LightingSettings: switching bake backend from 1 to 0.
Loaded scene 'Assets/TextMesh Pro/Examples & Extras/Scenes/10 - Bullets & Numbered List Example.unity'
	Deserialize:            46.306 ms
	Integration:            105.441 ms
	Integration of assets:  15.296 ms
	Thread Wait Time:       0.051 ms
	Total Operation Time:   167.094 ms
Generated GUIDs only implemented for interfaces!
 -> (artifact id: '42d484d3098a71c71deac38c7c664243') in 0.202531 seconds
Number of updated asset objects reloaded before import = 0
Number of asset objects unloaded after import = 20
========================================================================
Received Import Request.
  Time since last request: 0.000031 seconds.
  path: Assets/Samples/XR Interaction Toolkit/3.0.7/Starter Assets/Prefabs/Controllers/XR Controller Right.prefab
  artifactKey: Guid(9f3369e30fbd31f4bb596b1a99babe83) Importer(2089858483,0ecaa5967403d082aa24f35e1b516d23)
Start importing Assets/Samples/XR Interaction Toolkit/3.0.7/Starter Assets/Prefabs/Controllers/XR Controller Right.prefab using Guid(9f3369e30fbd31f4bb596b1a99babe83) Importer(2089858483,0ecaa5967403d082aa24f35e1b516d23) Generated GUIDs only implemented for interfaces!
 -> (artifact id: '096a124a18f1fbc666c9c9f84bdd815d') in 0.233318 seconds
Number of updated asset objects reloaded before import = 0
Number of asset objects unloaded after import = 59
========================================================================
Received Import Request.
  Time since last request: 0.000025 seconds.
  path: Assets/Imports/FantasyEnvironments/Environments/Ambient-Occlusion-Trees/Prefabs/Deciduous_tree2.prefab
  artifactKey: Guid(fb24df3494aa71744879dafcedcc0b86) Importer(2089858483,3d70f49cd1c2eb9ae422958d1c652c6b)
Start importing Assets/Imports/FantasyEnvironments/Environments/Ambient-Occlusion-Trees/Prefabs/Deciduous_tree2.prefab using Guid(fb24df3494aa71744879dafcedcc0b86) Importer(2089858483,3d70f49cd1c2eb9ae422958d1c652c6b) Generated GUIDs only implemented for interfaces!
 -> (artifact id: '6b5a119aec90d946a320a608abe5275a') in 0.016262 seconds
Number of updated asset objects reloaded before import = 0
Number of asset objects unloaded after import = 10
========================================================================
Received Import Request.
  Time since last request: 0.000044 seconds.
  path: Assets/Material/M_Plane.mat
  artifactKey: Guid(908ed3b26afa6dc49ad30bbc1e65b70d) Importer(2089858483,0ecaa5967403d082aa24f35e1b516d23)
Start importing Assets/Material/M_Plane.mat using Guid(908ed3b26afa6dc49ad30bbc1e65b70d) Importer(2089858483,0ecaa5967403d082aa24f35e1b516d23) Generated GUIDs only implemented for interfaces!
 -> (artifact id: '21dfb74f5d89e361eb99b62c5e2f63f6') in 0.055770 seconds
Number of updated asset objects reloaded before import = 0
Number of asset objects unloaded after import = 1
========================================================================
Received Import Request.
  Time since last request: 0.000028 seconds.
  path: Assets/Samples/XR Interaction Toolkit/3.0.7/Starter Assets/Filters/AnyGazedAtTeleportAnchorFilter.asset
  artifactKey: Guid(0f906c94e2aa0c3488832acc1db04295) Importer(2089858483,0ecaa5967403d082aa24f35e1b516d23)
Start importing Assets/Samples/XR Interaction Toolkit/3.0.7/Starter Assets/Filters/AnyGazedAtTeleportAnchorFilter.asset using Guid(0f906c94e2aa0c3488832acc1db04295) Importer(2089858483,0ecaa5967403d082aa24f35e1b516d23) Generated GUIDs only implemented for interfaces!
 -> (artifact id: 'e5d6bf8948f6641b85549dc79997b6f3') in 0.033927 seconds
Number of updated asset objects reloaded before import = 0
Number of asset objects unloaded after import = 1
========================================================================
Received Import Request.
  Time since last request: 0.000028 seconds.
  path: Assets/Imports/FantasyEnvironments/Environments/Town/Prefabs/Tavern_interior_lamp.prefab
  artifactKey: Guid(4751505b5c956c442b19187f1b69b3e8) Importer(2089858483,3d70f49cd1c2eb9ae422958d1c652c6b)
Start importing Assets/Imports/FantasyEnvironments/Environments/Town/Prefabs/Tavern_interior_lamp.prefab using Guid(4751505b5c956c442b19187f1b69b3e8) Importer(2089858483,3d70f49cd1c2eb9ae422958d1c652c6b) Generated GUIDs only implemented for interfaces!
 -> (artifact id: '63bc3e3e683f608bab70293c0af9e237') in 0.034709 seconds
Number of updated asset objects reloaded before import = 0
Number of asset objects unloaded after import = 8
========================================================================
Received Import Request.
  Time since last request: 0.000017 seconds.
  path: Assets/Imports/FantasyEnvironments/Environments/Town/Prefabs/storage_bag_beet.prefab
  artifactKey: Guid(01701cff1618c074ca4c37d49d60566f) Importer(2089858483,3d70f49cd1c2eb9ae422958d1c652c6b)
Start importing Assets/Imports/FantasyEnvironments/Environments/Town/Prefabs/storage_bag_beet.prefab using Guid(01701cff1618c074ca4c37d49d60566f) Importer(2089858483,3d70f49cd1c2eb9ae422958d1c652c6b) Generated GUIDs only implemented for interfaces!
 -> (artifact id: 'e89af2e37dfeff4ff122649801b06cd1') in 0.042476 seconds
Number of updated asset objects reloaded before import = 0
Number of asset objects unloaded after import = 9
========================================================================
Received Import Request.
  Time since last request: 0.000025 seconds.
  path: Assets/Samples/XR Interaction Toolkit/3.0.7/Hands Interaction Demo/Scripts/ValueDerivedButtonReader.cs
  artifactKey: Guid(bf47ae772fb3421292887025bf9b5820) Importer(2089858483,0ecaa5967403d082aa24f35e1b516d23)
Start importing Assets/Samples/XR Interaction Toolkit/3.0.7/Hands Interaction Demo/Scripts/ValueDerivedButtonReader.cs using Guid(bf47ae772fb3421292887025bf9b5820) Importer(2089858483,0ecaa5967403d082aa24f35e1b516d23) Generated GUIDs only implemented for interfaces!
 -> (artifact id: '2bad83c19169e9e1ed522dc385464328') in 0.037429 seconds
Number of updated asset objects reloaded before import = 0
Number of asset objects unloaded after import = 1
========================================================================
Received Import Request.
  Time since last request: 0.001419 seconds.
  path: Assets/Samples/XR Interaction Toolkit/3.0.7/Hands Interaction Demo/HandsDemoSceneAssets/Prefabs/DiscController.prefab
  artifactKey: Guid(6b7188f9e149bd64cb26cec516eb470c) Importer(2089858483,0ecaa5967403d082aa24f35e1b516d23)
Start importing Assets/Samples/XR Interaction Toolkit/3.0.7/Hands Interaction Demo/HandsDemoSceneAssets/Prefabs/DiscController.prefab using Guid(6b7188f9e149bd64cb26cec516eb470c) Importer(2089858483,0ecaa5967403d082aa24f35e1b516d23) Generated GUIDs only implemented for interfaces!
 -> (artifact id: 'cc24cea41cf84557ee3ed1880b38d7fe') in 0.070481 seconds
Number of updated asset objects reloaded before import = 0
Number of asset objects unloaded after import = 26
========================================================================
Received Import Request.
  Time since last request: 0.000032 seconds.
  path: Assets/Samples/XR Hands/1.5.0/HandVisualizer/Prefabs/Right Hand Tracking.prefab
  artifactKey: Guid(3f7511fbc40ae7a4b89c3298a3de199d) Importer(2089858483,0ecaa5967403d082aa24f35e1b516d23)
Start importing Assets/Samples/XR Hands/1.5.0/HandVisualizer/Prefabs/Right Hand Tracking.prefab using Guid(3f7511fbc40ae7a4b89c3298a3de199d) Importer(2089858483,0ecaa5967403d082aa24f35e1b516d23) Generated GUIDs only implemented for interfaces!
 -> (artifact id: '4f14557fb7e6aa2b3b99a0e6eeeda2fe') in 0.030073 seconds
Number of updated asset objects reloaded before import = 0
Number of asset objects unloaded after import = 122
========================================================================
Received Import Request.
  Time since last request: 0.000017 seconds.
  path: Assets/Imports/FantasyEnvironments/Environments/Town/Prefabs/Tavern.prefab
  artifactKey: Guid(cb181bc6c302bca40929333077286a04) Importer(2089858483,3d70f49cd1c2eb9ae422958d1c652c6b)
Start importing Assets/Imports/FantasyEnvironments/Environments/Town/Prefabs/Tavern.prefab using Guid(cb181bc6c302bca40929333077286a04) Importer(2089858483,3d70f49cd1c2eb9ae422958d1c652c6b) Generated GUIDs only implemented for interfaces!
 -> (artifact id: 'd6105bcc86b4759acecdf318dc4ae833') in 0.195862 seconds
Number of updated asset objects reloaded before import = 0
Number of asset objects unloaded after import = 572
========================================================================
Received Import Request.
  Time since last request: 0.000024 seconds.
  path: Assets/Imports/Hovl Studio/Magic effects pack/Prefabs/AoE effects/Laser AOE.prefab
  artifactKey: Guid(4d3c8045dd8857a4b8d34c2361c61045) Importer(2089858483,3d70f49cd1c2eb9ae422958d1c652c6b)
Start importing Assets/Imports/Hovl Studio/Magic effects pack/Prefabs/AoE effects/Laser AOE.prefab using Guid(4d3c8045dd8857a4b8d34c2361c61045) Importer(2089858483,3d70f49cd1c2eb9ae422958d1c652c6b) Generated GUIDs only implemented for interfaces!
 -> (artifact id: '0c13fd512aad6f45e9be52c09d352512') in 0.036293 seconds
Number of updated asset objects reloaded before import = 0
Number of asset objects unloaded after import = 55
========================================================================
Received Import Request.
  Time since last request: 0.000017 seconds.
  path: Assets/Samples/XR Hands/1.5.0/HandVisualizer/README.md
  artifactKey: Guid(b0057a2d371351e41ae711f975c741e2) Importer(2089858483,0ecaa5967403d082aa24f35e1b516d23)
Start importing Assets/Samples/XR Hands/1.5.0/HandVisualizer/README.md using Guid(b0057a2d371351e41ae711f975c741e2) Importer(2089858483,0ecaa5967403d082aa24f35e1b516d23) Generated GUIDs only implemented for interfaces!
 -> (artifact id: '2748b18a8f36fd58e9f7d1fb54ff2342') in 0.018912 seconds
Number of updated asset objects reloaded before import = 0
Number of asset objects unloaded after import = 1
========================================================================
Received Import Request.
  Time since last request: 0.000016 seconds.
  path: Assets/XR/Settings/OpenXR Package Settings.asset
  artifactKey: Guid(8b85393dcb63cad44bf8f6059ed57718) Importer(2089858483,3d70f49cd1c2eb9ae422958d1c652c6b)
Start importing Assets/XR/Settings/OpenXR Package Settings.asset using Guid(8b85393dcb63cad44bf8f6059ed57718) Importer(2089858483,3d70f49cd1c2eb9ae422958d1c652c6b) Generated GUIDs only implemented for interfaces!
 -> (artifact id: '4bd95e22eff25eeb226a723a54f27b9a') in 0.014089 seconds
Number of updated asset objects reloaded before import = 0
Number of asset objects unloaded after import = 0
========================================================================
Received Import Request.
  Time since last request: 0.000020 seconds.
  path: Assets/DuoDraconis Dungeon Set - Wizard Laboratory/Prefab/DS_WizLab_Arch_WindowD_00.prefab
  artifactKey: Guid(453e860b539429c468fe192fa5b1b973) Importer(2089858483,3d70f49cd1c2eb9ae422958d1c652c6b)
Start importing Assets/DuoDraconis Dungeon Set - Wizard Laboratory/Prefab/DS_WizLab_Arch_WindowD_00.prefab using Guid(453e860b539429c468fe192fa5b1b973) Importer(2089858483,3d70f49cd1c2eb9ae422958d1c652c6b) Generated GUIDs only implemented for interfaces!
 -> (artifact id: '960547467f971ffd3f4dffc9397b6964') in 0.017476 seconds
Number of updated asset objects reloaded before import = 0
Number of asset objects unloaded after import = 35
========================================================================
Received Import Request.
  Time since last request: 0.000021 seconds.
  path: Assets/Samples/XR Interaction Toolkit/3.0.7/Starter Assets/Presets/XRI Default Left Controller InputActionManager.preset
  artifactKey: Guid(c3d4ecc12d5e0f14c93fd734af32ab63) Importer(2089858483,0ecaa5967403d082aa24f35e1b516d23)
Start importing Assets/Samples/XR Interaction Toolkit/3.0.7/Starter Assets/Presets/XRI Default Left Controller InputActionManager.preset using Guid(c3d4ecc12d5e0f14c93fd734af32ab63) Importer(2089858483,0ecaa5967403d082aa24f35e1b516d23) Generated GUIDs only implemented for interfaces!
 -> (artifact id: 'c269f1b9910acb1cbb7cbb08ce3a2428') in 0.028953 seconds
Number of updated asset objects reloaded before import = 0
Number of asset objects unloaded after import = 8
========================================================================
Received Import Request.
  Time since last request: 0.000014 seconds.
  path: Assets/Samples/XR Hands/1.5.0/HandVisualizer/Prefabs/Right Hand Tracking.prefab
  artifactKey: Guid(3f7511fbc40ae7a4b89c3298a3de199d) Importer(2089858483,3d70f49cd1c2eb9ae422958d1c652c6b)
Start importing Assets/Samples/XR Hands/1.5.0/HandVisualizer/Prefabs/Right Hand Tracking.prefab using Guid(3f7511fbc40ae7a4b89c3298a3de199d) Importer(2089858483,3d70f49cd1c2eb9ae422958d1c652c6b) Generated GUIDs only implemented for interfaces!
 -> (artifact id: 'e111ebf51313dcf25809e0b27f3cedfa') in 0.021401 seconds
Number of updated asset objects reloaded before import = 0
Number of asset objects unloaded after import = 122
========================================================================
Received Import Request.
  Time since last request: 0.000014 seconds.
  path: Assets/Samples/XR Hands/1.5.0/HandVisualizer/Prefabs/VelocityPrefab.prefab
  artifactKey: Guid(629fd7882ec6bfc499a5fcf20035282b) Importer(2089858483,3d70f49cd1c2eb9ae422958d1c652c6b)
Start importing Assets/Samples/XR Hands/1.5.0/HandVisualizer/Prefabs/VelocityPrefab.prefab using Guid(629fd7882ec6bfc499a5fcf20035282b) Importer(2089858483,3d70f49cd1c2eb9ae422958d1c652c6b) Generated GUIDs only implemented for interfaces!
 -> (artifact id: '2268d81f92170737ffa56beff88e9d0b') in 0.015116 seconds
Number of updated asset objects reloaded before import = 0
Number of asset objects unloaded after import = 5
========================================================================
Received Import Request.
  Time since last request: 0.000018 seconds.
  path: Assets/Imports/Hovl Studio/Magic effects pack/Prefabs/Sparks/Sparks green.prefab
  artifactKey: Guid(324fc9687c94a5f4585d7728801af43d) Importer(2089858483,3d70f49cd1c2eb9ae422958d1c652c6b)
Start importing Assets/Imports/Hovl Studio/Magic effects pack/Prefabs/Sparks/Sparks green.prefab using Guid(324fc9687c94a5f4585d7728801af43d) Importer(2089858483,3d70f49cd1c2eb9ae422958d1c652c6b) Generated GUIDs only implemented for interfaces!
 -> (artifact id: '6c625551a0769d439aa4532d799b8a98') in 0.017362 seconds
Number of updated asset objects reloaded before import = 0
Number of asset objects unloaded after import = 7
========================================================================
Received Import Request.
  Time since last request: 0.000029 seconds.
  path: Assets/Rose XR Device Simulator UI.prefab
  artifactKey: Guid(0c363ddb137de0647823d5ce49558697) Importer(2089858483,3d70f49cd1c2eb9ae422958d1c652c6b)
Start importing Assets/Rose XR Device Simulator UI.prefab using Guid(0c363ddb137de0647823d5ce49558697) Importer(2089858483,3d70f49cd1c2eb9ae422958d1c652c6b) The method get_fontSharedMaterials was not found on Text (TMP). This property will not be indexed.
UnityEngine.StackTraceUtility:ExtractStackTrace ()
UnityEngine.DebugLogHandler:LogFormat (UnityEngine.LogType,UnityEngine.Object,string,object[])
UnityEngine.Logger:Log (UnityEngine.LogType,object)
UnityEngine.Debug:LogWarning (object)
UnityEditor.Rendering.Universal.MaterialReferenceBuilder:GetMaterialFromMethod (System.Reflection.MethodInfo,UnityEngine.Object,System.Func`3<string, string, string>) (at ./Library/PackageCache/com.unity.render-pipelines.universal@14.0.10/Editor/Converter/MaterialReferenceBuilder.cs:133)
UnityEditor.Rendering.Universal.ConversionIndexers:ConversionIndexer (UnityEditor.Search.CustomObjectIndexerTarget,UnityEditor.Search.ObjectIndexer) (at ./Library/PackageCache/com.unity.render-pipelines.universal@14.0.10/Editor/Converter/ConversionIndexers.cs:21)
UnityEditor.Search.ObjectIndexer:CallCustomIndexers (string,int,UnityEngine.Object,UnityEditor.SerializedObject,bool)
UnityEditor.Search.ObjectIndexer:IndexCustomProperties (string,int,UnityEngine.Object)
UnityEditor.Search.AssetIndexer:IndexCustomGameObjectProperties (string,int,UnityEngine.GameObject)
UnityEditor.Search.AssetIndexer:IndexObjects (UnityEngine.GameObject[],string,string,string,bool)
UnityEditor.Search.AssetIndexer:IndexPrefab (string,bool)
UnityEditor.Search.AssetIndexer:IndexSceneDocument (string,bool)
UnityEditor.Search.AssetIndexer:IndexDocument (string,bool)
UnityEditor.Search.SearchIndexEntryImporter:OnImportAsset (UnityEditor.AssetImporters.AssetImportContext)
UnityEditor.AssetImporters.ScriptedImporter:GenerateAssetData (UnityEditor.AssetImporters.AssetImportContext)

(Filename: ./Library/PackageCache/com.unity.render-pipelines.universal@14.0.10/Editor/Converter/MaterialReferenceBuilder.cs Line: 133)

Generated GUIDs only implemented for interfaces!
 -> (artifact id: '7cd2a7a2e1bc5096fe70cedfb6c85ecd') in 0.196011 seconds
Number of updated asset objects reloaded before import = 0
Number of asset objects unloaded after import = 862
========================================================================
Received Import Request.
  Time since last request: 0.000017 seconds.
  path: Assets/Samples/XR Interaction Toolkit/3.0.7/Starter Assets/Presets/XRI Default Snap Turn.preset
  artifactKey: Guid(5d3a60dbf2f04694f9060712df89debb) Importer(2089858483,0ecaa5967403d082aa24f35e1b516d23)
Start importing Assets/Samples/XR Interaction Toolkit/3.0.7/Starter Assets/Presets/XRI Default Snap Turn.preset using Guid(5d3a60dbf2f04694f9060712df89debb) Importer(2089858483,0ecaa5967403d082aa24f35e1b516d23) Generated GUIDs only implemented for interfaces!
 -> (artifact id: '9bf47d6abf9f15bb06dafa9948c5bc30') in 0.039384 seconds
Number of updated asset objects reloaded before import = 0
Number of asset objects unloaded after import = 4
========================================================================
Received Import Request.
  Time since last request: 0.000028 seconds.
  path: Assets/Samples/XR Hands/1.5.0/Gestures/Examples/Hand Poses/Open Palm Up.asset
  artifactKey: Guid(e7b5bfc4e711f9049b4ad03ade500a21) Importer(2089858483,3d70f49cd1c2eb9ae422958d1c652c6b)
Start importing Assets/Samples/XR Hands/1.5.0/Gestures/Examples/Hand Poses/Open Palm Up.asset using Guid(e7b5bfc4e711f9049b4ad03ade500a21) Importer(2089858483,3d70f49cd1c2eb9ae422958d1c652c6b) Generated GUIDs only implemented for interfaces!
 -> (artifact id: 'ef1243eb5504d9f979ea0a009cad79ff') in 0.024866 seconds
Number of updated asset objects reloaded before import = 0
Number of asset objects unloaded after import = 1
========================================================================
Received Import Request.
  Time since last request: 0.000018 seconds.
  path: Assets/Samples/XR Interaction Toolkit/3.0.7/Hands Interaction Demo/Prefabs/XR Origin Hands (XR Rig).prefab
  artifactKey: Guid(d6878e1999eb4b44a9f5a263af86c185) Importer(2089858483,3d70f49cd1c2eb9ae422958d1c652c6b)
Start importing Assets/Samples/XR Interaction Toolkit/3.0.7/Hands Interaction Demo/Prefabs/XR Origin Hands (XR Rig).prefab using Guid(d6878e1999eb4b44a9f5a263af86c185) Importer(2089858483,3d70f49cd1c2eb9ae422958d1c652c6b) Generated GUIDs only implemented for interfaces!
 -> (artifact id: '72052312b82f032047fef50022c58668') in 0.223047 seconds
Number of updated asset objects reloaded before import = 0
Number of asset objects unloaded after import = 1245
========================================================================
Received Import Request.
  Time since last request: 0.000018 seconds.
  path: Assets/Samples/XR Interaction Toolkit/3.0.7/AR Starter Assets/Prefabs/XR Origin (AR Rig).prefab
  artifactKey: Guid(48cb3fb68c91eb94999fd99957eb0cae) Importer(2089858483,3d70f49cd1c2eb9ae422958d1c652c6b)
Start importing Assets/Samples/XR Interaction Toolkit/3.0.7/AR Starter Assets/Prefabs/XR Origin (AR Rig).prefab using Guid(48cb3fb68c91eb94999fd99957eb0cae) Importer(2089858483,3d70f49cd1c2eb9ae422958d1c652c6b) Generated GUIDs only implemented for interfaces!
 -> (artifact id: 'b57050d65f555a57e6b386abbc86549c') in 0.053633 seconds
Number of updated asset objects reloaded before import = 0
Number of asset objects unloaded after import = 70
========================================================================
Received Import Request.
  Time since last request: 0.000026 seconds.
  path: Assets/Samples/XR Interaction Toolkit/3.0.7/Starter Assets/DemoSceneAssets/Prefabs/Teleportation Environment.prefab
  artifactKey: Guid(3e07eccb5e6f459d886de95044adb1d9) Importer(2089858483,0ecaa5967403d082aa24f35e1b516d23)
Start importing Assets/Samples/XR Interaction Toolkit/3.0.7/Starter Assets/DemoSceneAssets/Prefabs/Teleportation Environment.prefab using Guid(3e07eccb5e6f459d886de95044adb1d9) Importer(2089858483,0ecaa5967403d082aa24f35e1b516d23) Generated GUIDs only implemented for interfaces!
 -> (artifact id: 'd46f6037732f967475164930a3430d47') in 0.018991 seconds
Number of updated asset objects reloaded before import = 0
Number of asset objects unloaded after import = 103
========================================================================
Received Import Request.
  Time since last request: 0.000022 seconds.
  path: Assets/Imports/FantasyEnvironments/Environments/Town/Prefabs/House2.prefab
  artifactKey: Guid(aa91054e6f5bee946ba66c9a32a3a5b9) Importer(2089858483,3d70f49cd1c2eb9ae422958d1c652c6b)
Start importing Assets/Imports/FantasyEnvironments/Environments/Town/Prefabs/House2.prefab using Guid(aa91054e6f5bee946ba66c9a32a3a5b9) Importer(2089858483,3d70f49cd1c2eb9ae422958d1c652c6b) Generated GUIDs only implemented for interfaces!
 -> (artifact id: '0cc3ce8d6a3346405e1cf30ad39dac5d') in 0.017585 seconds
Number of updated asset objects reloaded before import = 0
Number of asset objects unloaded after import = 9
========================================================================
Received Import Request.
  Time since last request: 0.000021 seconds.
  path: Assets/Samples/XR Interaction Toolkit/3.0.7/Hands Interaction Demo/Textures
  artifactKey: Guid(16f05c518e5885742a9bfcce46480095) Importer(2089858483,0ecaa5967403d082aa24f35e1b516d23)
Start importing Assets/Samples/XR Interaction Toolkit/3.0.7/Hands Interaction Demo/Textures using Guid(16f05c518e5885742a9bfcce46480095) Importer(2089858483,0ecaa5967403d082aa24f35e1b516d23) Generated GUIDs only implemented for interfaces!
 -> (artifact id: '695d780f73869b25abeef615f9e0b2ed') in 0.015018 seconds
Number of updated asset objects reloaded before import = 0
Number of asset objects unloaded after import = 1
========================================================================
Received Import Request.
  Time since last request: 0.000016 seconds.
  path: Assets/Imports/Hovl Studio/Magic effects pack/Prefabs/Sparks/Sparks explode white.prefab
  artifactKey: Guid(830e92a3f95c4b04caf8edd648aed9bd) Importer(2089858483,3d70f49cd1c2eb9ae422958d1c652c6b)
Start importing Assets/Imports/Hovl Studio/Magic effects pack/Prefabs/Sparks/Sparks explode white.prefab using Guid(830e92a3f95c4b04caf8edd648aed9bd) Importer(2089858483,3d70f49cd1c2eb9ae422958d1c652c6b) Generated GUIDs only implemented for interfaces!
 -> (artifact id: 'bede126dd6726c459b5ce778872cba6a') in 0.015982 seconds
Number of updated asset objects reloaded before import = 0
Number of asset objects unloaded after import = 7
========================================================================
Received Import Request.
  Time since last request: 0.000037 seconds.
  path: Assets/TextMesh Pro/Resources/TMP Settings.asset
  artifactKey: Guid(3f5b5dff67a942289a9defa416b206f3) Importer(2089858483,3d70f49cd1c2eb9ae422958d1c652c6b)
Start importing Assets/TextMesh Pro/Resources/TMP Settings.asset using Guid(3f5b5dff67a942289a9defa416b206f3) Importer(2089858483,3d70f49cd1c2eb9ae422958d1c652c6b) Generated GUIDs only implemented for interfaces!
 -> (artifact id: '366790785992f05d1271cc013e88b875') in 0.053087 seconds
Number of updated asset objects reloaded before import = 0
Number of asset objects unloaded after import = 14
========================================================================
Received Import Request.
  Time since last request: 0.000024 seconds.
  path: Assets/Samples/XR Interaction Toolkit/3.0.7/Hands Interaction Demo/AffordanceThemes/PinchPointEdgeStrength.asset
  artifactKey: Guid(2d9d4878bfb037248af1d243a0638dd0) Importer(2089858483,3d70f49cd1c2eb9ae422958d1c652c6b)
Start importing Assets/Samples/XR Interaction Toolkit/3.0.7/Hands Interaction Demo/AffordanceThemes/PinchPointEdgeStrength.asset using Guid(2d9d4878bfb037248af1d243a0638dd0) Importer(2089858483,3d70f49cd1c2eb9ae422958d1c652c6b) Generated GUIDs only implemented for interfaces!
 -> (artifact id: 'c306540de13be46d88fd947a9533a6ad') in 0.014635 seconds
Number of updated asset objects reloaded before import = 0
Number of asset objects unloaded after import = 0
========================================================================
Received Import Request.
  Time since last request: 0.000013 seconds.
  path: Assets/Samples/XR Interaction Toolkit/3.0.7/Starter Assets/DemoSceneAssets/Prefabs/Climb
  artifactKey: Guid(6c6d684cb56fa7d4f869594e9a2dddb5) Importer(2089858483,0ecaa5967403d082aa24f35e1b516d23)
Start importing Assets/Samples/XR Interaction Toolkit/3.0.7/Starter Assets/DemoSceneAssets/Prefabs/Climb using Guid(6c6d684cb56fa7d4f869594e9a2dddb5) Importer(2089858483,0ecaa5967403d082aa24f35e1b516d23) Generated GUIDs only implemented for interfaces!
 -> (artifact id: 'c6cb91982d165f45a0f5f53183bdba61') in 0.011427 seconds
Number of updated asset objects reloaded before import = 0
Number of asset objects unloaded after import = 1
========================================================================
Received Import Request.
  Time since last request: 0.093453 seconds.
  path: Assets/Samples/XR Interaction Toolkit/3.0.7/AR Starter Assets/ARDemoSceneAssets/Prefabs/Pyramid.prefab
  artifactKey: Guid(5642b79498b10465fa9219ba4682355b) Importer(2089858483,3d70f49cd1c2eb9ae422958d1c652c6b)
Start importing Assets/Samples/XR Interaction Toolkit/3.0.7/AR Starter Assets/ARDemoSceneAssets/Prefabs/Pyramid.prefab using Guid(5642b79498b10465fa9219ba4682355b) Importer(2089858483,3d70f49cd1c2eb9ae422958d1c652c6b) Generated GUIDs only implemented for interfaces!
 -> (artifact id: 'b0f841be8558e36853ad140598527922') in 0.035104 seconds
Number of updated asset objects reloaded before import = 0
Number of asset objects unloaded after import = 34
========================================================================
Received Import Request.
  Time since last request: 0.000599 seconds.
  path: Assets/Samples/XR Interaction Toolkit/3.0.7/Hands Interaction Demo/HandsDemoSceneAssets/Affordances/BlendShapeValue.asset
  artifactKey: Guid(20eb8725b4dab864ea2bfa8ecbd4adff) Importer(2089858483,3d70f49cd1c2eb9ae422958d1c652c6b)
Start importing Assets/Samples/XR Interaction Toolkit/3.0.7/Hands Interaction Demo/HandsDemoSceneAssets/Affordances/BlendShapeValue.asset using Guid(20eb8725b4dab864ea2bfa8ecbd4adff) Importer(2089858483,3d70f49cd1c2eb9ae422958d1c652c6b) Generated GUIDs only implemented for interfaces!
 -> (artifact id: 'd2d08fcf4c70ff1cab824a544b3591ce') in 0.025439 seconds
Number of updated asset objects reloaded before import = 0
Number of asset objects unloaded after import = 0
========================================================================
Received Import Request.
  Time since last request: 0.000018 seconds.
  path: Assets/Samples/XR Interaction Toolkit/3.0.7/Starter Assets/DemoSceneAssets/AffordanceThemes/InteractionColor.asset
  artifactKey: Guid(3ec238cb3e80e274c844d7b56f585392) Importer(2089858483,3d70f49cd1c2eb9ae422958d1c652c6b)
Start importing Assets/Samples/XR Interaction Toolkit/3.0.7/Starter Assets/DemoSceneAssets/AffordanceThemes/InteractionColor.asset using Guid(3ec238cb3e80e274c844d7b56f585392) Importer(2089858483,3d70f49cd1c2eb9ae422958d1c652c6b) Generated GUIDs only implemented for interfaces!
 -> (artifact id: '91d8fdccba768c4515f24df6f62af6e8') in 0.017216 seconds
Number of updated asset objects reloaded before import = 0
Number of asset objects unloaded after import = 0
========================================================================
Received Import Request.
  Time since last request: 0.000017 seconds.
  path: Assets/Samples/XR Interaction Toolkit/3.0.7/XR Device Simulator/UI/Mouse/MouseR.png
  artifactKey: Guid(14e910c1fb9c7514a8106ffd25f1d892) Importer(2089858483,0ecaa5967403d082aa24f35e1b516d23)
Start importing Assets/Samples/XR Interaction Toolkit/3.0.7/XR Device Simulator/UI/Mouse/MouseR.png using Guid(14e910c1fb9c7514a8106ffd25f1d892) Importer(2089858483,0ecaa5967403d082aa24f35e1b516d23) Generated GUIDs only implemented for interfaces!
 -> (artifact id: '126046a06b1cb9427873803a14f4e3b2') in 0.102778 seconds
Number of updated asset objects reloaded before import = 0
Number of asset objects unloaded after import = 3
========================================================================
Received Import Request.
  Time since last request: 0.000022 seconds.
  path: Assets/Samples/XR Interaction Toolkit/3.0.7/Starter Assets/Prefabs/Interactors/Right_NearFarInteractor.prefab
  artifactKey: Guid(b200f6587d118224eba8467281481800) Importer(2089858483,3d70f49cd1c2eb9ae422958d1c652c6b)
Start importing Assets/Samples/XR Interaction Toolkit/3.0.7/Starter Assets/Prefabs/Interactors/Right_NearFarInteractor.prefab using Guid(b200f6587d118224eba8467281481800) Importer(2089858483,3d70f49cd1c2eb9ae422958d1c652c6b) Generated GUIDs only implemented for interfaces!
 -> (artifact id: 'a9da80aee4eb933665bf57ae8b7b2cca') in 0.027958 seconds
Number of updated asset objects reloaded before import = 0
Number of asset objects unloaded after import = 42
========================================================================
Received Import Request.
  Time since last request: 0.000029 seconds.
  path: Assets/Samples/XR Interaction Toolkit/3.0.7/XR Device Simulator/UI/HeadDevice/HMD.png
  artifactKey: Guid(4eb43321e418951499417cda6141b31a) Importer(2089858483,0ecaa5967403d082aa24f35e1b516d23)
Start importing Assets/Samples/XR Interaction Toolkit/3.0.7/XR Device Simulator/UI/HeadDevice/HMD.png using Guid(4eb43321e418951499417cda6141b31a) Importer(2089858483,0ecaa5967403d082aa24f35e1b516d23) Generated GUIDs only implemented for interfaces!
 -> (artifact id: '8ba35328a44aaea9a1351f2b4d5ff929') in 0.043172 seconds
Number of updated asset objects reloaded before import = 0
Number of asset objects unloaded after import = 3
========================================================================
Received Import Request.
  Time since last request: 0.000016 seconds.
  path: Assets/Samples/XR Interaction Toolkit/3.0.7/AR Starter Assets/ARDemoSceneAssets/Textures
  artifactKey: Guid(0cfb5de8c17196b4c95ecbbd5140da00) Importer(2089858483,0ecaa5967403d082aa24f35e1b516d23)
Start importing Assets/Samples/XR Interaction Toolkit/3.0.7/AR Starter Assets/ARDemoSceneAssets/Textures using Guid(0cfb5de8c17196b4c95ecbbd5140da00) Importer(2089858483,0ecaa5967403d082aa24f35e1b516d23) Generated GUIDs only implemented for interfaces!
 -> (artifact id: 'fbc6c61aaa9c632490db266989dff916') in 0.011633 seconds
Number of updated asset objects reloaded before import = 0
Number of asset objects unloaded after import = 1
========================================================================
Received Import Request.
  Time since last request: 0.000019 seconds.
  path: Assets/Samples/XR Interaction Toolkit/3.0.7/XR Device Simulator/UI/General/CloseWindow.png
  artifactKey: Guid(c76518a5819794083a346812c0906b77) Importer(2089858483,0ecaa5967403d082aa24f35e1b516d23)
Start importing Assets/Samples/XR Interaction Toolkit/3.0.7/XR Device Simulator/UI/General/CloseWindow.png using Guid(c76518a5819794083a346812c0906b77) Importer(2089858483,0ecaa5967403d082aa24f35e1b516d23) Generated GUIDs only implemented for interfaces!
 -> (artifact id: '4829f96a22b19c4d5eb4234e0ede941c') in 0.049674 seconds
Number of updated asset objects reloaded before import = 0
Number of asset objects unloaded after import = 3
========================================================================
Received Import Request.
  Time since last request: 0.000974 seconds.
  path: Assets/Samples/XR Interaction Toolkit/3.0.7/Hands Interaction Demo/HandsDemoSceneAssets/Prefabs/DiscController.prefab
  artifactKey: Guid(6b7188f9e149bd64cb26cec516eb470c) Importer(2089858483,3d70f49cd1c2eb9ae422958d1c652c6b)
Start importing Assets/Samples/XR Interaction Toolkit/3.0.7/Hands Interaction Demo/HandsDemoSceneAssets/Prefabs/DiscController.prefab using Guid(6b7188f9e149bd64cb26cec516eb470c) Importer(2089858483,3d70f49cd1c2eb9ae422958d1c652c6b) Generated GUIDs only implemented for interfaces!
 -> (artifact id: '254621cb4f25f0e74b53c7ddcdedaae3') in 0.029646 seconds
Number of updated asset objects reloaded before import = 0
Number of asset objects unloaded after import = 33
========================================================================
Received Import Request.
  Time since last request: 0.000019 seconds.
  path: Assets/Samples/XR Interaction Toolkit/3.0.7/Starter Assets/DemoSceneAssets/Settings/GazeTeleportAnchorFilter.asset
  artifactKey: Guid(14af1242b4be8e2458dd5bee35c06ae5) Importer(2089858483,3d70f49cd1c2eb9ae422958d1c652c6b)
Start importing Assets/Samples/XR Interaction Toolkit/3.0.7/Starter Assets/DemoSceneAssets/Settings/GazeTeleportAnchorFilter.asset using Guid(14af1242b4be8e2458dd5bee35c06ae5) Importer(2089858483,3d70f49cd1c2eb9ae422958d1c652c6b) Generated GUIDs only implemented for interfaces!
 -> (artifact id: 'f9ffabfe40aeacf803a776711f301de6') in 0.014832 seconds
Number of updated asset objects reloaded before import = 0
Number of asset objects unloaded after import = 0
========================================================================
Received Import Request.
  Time since last request: 0.001072 seconds.
  path: Assets/Samples/XR Interaction Toolkit/3.0.7/Starter Assets/Prefabs/Affordances/PokePointerAffordance.prefab
  artifactKey: Guid(bb91fcbcb3cc896468b372b1c762bfab) Importer(2089858483,3d70f49cd1c2eb9ae422958d1c652c6b)
Start importing Assets/Samples/XR Interaction Toolkit/3.0.7/Starter Assets/Prefabs/Affordances/PokePointerAffordance.prefab using Guid(bb91fcbcb3cc896468b372b1c762bfab) Importer(2089858483,3d70f49cd1c2eb9ae422958d1c652c6b) Generated GUIDs only implemented for interfaces!
 -> (artifact id: '13990fd5071587f38ee5b300d5718245') in 0.036151 seconds
Number of updated asset objects reloaded before import = 0
Number of asset objects unloaded after import = 15
========================================================================
Received Import Request.
  Time since last request: 0.000048 seconds.
  path: Assets/Samples/XR Interaction Toolkit/3.0.7/Hands Interaction Demo/HandsDemoSceneAssets/Prefabs/UI/ButtonHandMenu.prefab
  artifactKey: Guid(e2698219e3231e94c8765d49b9dd5cff) Importer(2089858483,3d70f49cd1c2eb9ae422958d1c652c6b)
Start importing Assets/Samples/XR Interaction Toolkit/3.0.7/Hands Interaction Demo/HandsDemoSceneAssets/Prefabs/UI/ButtonHandMenu.prefab using Guid(e2698219e3231e94c8765d49b9dd5cff) Importer(2089858483,3d70f49cd1c2eb9ae422958d1c652c6b) Generated GUIDs only implemented for interfaces!
 -> (artifact id: '7e9f78ebf833434d78e7ad7e22875f79') in 0.115298 seconds
Number of updated asset objects reloaded before import = 0
Number of asset objects unloaded after import = 479
========================================================================
Received Import Request.
  Time since last request: 0.000032 seconds.
  path: Assets/Samples/XR Interaction Toolkit/3.0.7/XR Device Simulator/UI/Mouse
  artifactKey: Guid(ba08c76319c794c15b21c9d8eaeac0e8) Importer(2089858483,0ecaa5967403d082aa24f35e1b516d23)
Start importing Assets/Samples/XR Interaction Toolkit/3.0.7/XR Device Simulator/UI/Mouse using Guid(ba08c76319c794c15b21c9d8eaeac0e8) Importer(2089858483,0ecaa5967403d082aa24f35e1b516d23) Generated GUIDs only implemented for interfaces!
 -> (artifact id: '9d0fb27515fe6c618fd93c97e33b158c') in 0.023797 seconds
Number of updated asset objects reloaded before import = 0
Number of asset objects unloaded after import = 1
========================================================================
Received Import Request.
  Time since last request: 0.000352 seconds.
  path: Assets/Samples/XR Interaction Toolkit/3.0.7/XR Device Simulator/UI/General/KeyboardIcon.png
  artifactKey: Guid(76dc0abb2ebb44c9a9bd39266f0b3c91) Importer(2089858483,0ecaa5967403d082aa24f35e1b516d23)
Start importing Assets/Samples/XR Interaction Toolkit/3.0.7/XR Device Simulator/UI/General/KeyboardIcon.png using Guid(76dc0abb2ebb44c9a9bd39266f0b3c91) Importer(2089858483,0ecaa5967403d082aa24f35e1b516d23) Generated GUIDs only implemented for interfaces!
 -> (artifact id: 'efc04beae0d3c2b23f1e8e0af287970e') in 0.061266 seconds
Number of updated asset objects reloaded before import = 0
Number of asset objects unloaded after import = 3
========================================================================
Received Import Request.
  Time since last request: 0.000172 seconds.
  path: Assets/Samples/XR Interaction Toolkit/3.0.7/AR Starter Assets/ARDemoSceneAssets/Sprites/Button - Rounded Highlight.png
  artifactKey: Guid(c5adfe294554543868fc7cf60dded650) Importer(2089858483,0ecaa5967403d082aa24f35e1b516d23)
Start importing Assets/Samples/XR Interaction Toolkit/3.0.7/AR Starter Assets/ARDemoSceneAssets/Sprites/Button - Rounded Highlight.png using Guid(c5adfe294554543868fc7cf60dded650) Importer(2089858483,0ecaa5967403d082aa24f35e1b516d23) Generated GUIDs only implemented for interfaces!
 -> (artifact id: 'ce279418af4adda41177530495f5e1cb') in 0.058333 seconds
Number of updated asset objects reloaded before import = 0
Number of asset objects unloaded after import = 3
========================================================================
Received Import Request.
  Time since last request: 0.000019 seconds.
  path: Assets/Samples/XR Interaction Toolkit/3.0.7/Starter Assets/DemoSceneAssets/Prefabs/Interactables/Push Button.prefab
  artifactKey: Guid(76f3439a0ae796e4b81bee3f91f888ee) Importer(2089858483,3d70f49cd1c2eb9ae422958d1c652c6b)
Start importing Assets/Samples/XR Interaction Toolkit/3.0.7/Starter Assets/DemoSceneAssets/Prefabs/Interactables/Push Button.prefab using Guid(76f3439a0ae796e4b81bee3f91f888ee) Importer(2089858483,3d70f49cd1c2eb9ae422958d1c652c6b) Generated GUIDs only implemented for interfaces!
 -> (artifact id: '8cc009861e19fbf865185387cb0c7e8e') in 0.020319 seconds
Number of updated asset objects reloaded before import = 0
Number of asset objects unloaded after import = 43
========================================================================
Received Import Request.
  Time since last request: 0.000028 seconds.
  path: Assets/Samples/XR Interaction Toolkit/3.0.7/Starter Assets/DemoSceneAssets/Prefabs/Interactables/Blaser.prefab
  artifactKey: Guid(3549fdaf258e11846b85a316c16c699c) Importer(2089858483,3d70f49cd1c2eb9ae422958d1c652c6b)
Start importing Assets/Samples/XR Interaction Toolkit/3.0.7/Starter Assets/DemoSceneAssets/Prefabs/Interactables/Blaser.prefab using Guid(3549fdaf258e11846b85a316c16c699c) Importer(2089858483,3d70f49cd1c2eb9ae422958d1c652c6b) Generated GUIDs only implemented for interfaces!
 -> (artifact id: '8c4fc92158a6b7d77d28abc5cd3ddd93') in 0.019169 seconds
Number of updated asset objects reloaded before import = 0
Number of asset objects unloaded after import = 46
========================================================================
Received Import Request.
  Time since last request: 0.034341 seconds.
  path: Assets/Samples/XR Interaction Toolkit/3.0.7/AR Starter Assets/ARDemoSceneAssets/Scripts
  artifactKey: Guid(511037e553c188443b2d1b720777479e) Importer(2089858483,0ecaa5967403d082aa24f35e1b516d23)
Start importing Assets/Samples/XR Interaction Toolkit/3.0.7/AR Starter Assets/ARDemoSceneAssets/Scripts using Guid(511037e553c188443b2d1b720777479e) Importer(2089858483,0ecaa5967403d082aa24f35e1b516d23) Generated GUIDs only implemented for interfaces!
 -> (artifact id: '4ebae6859d8198b92ecc326d16e1a8ec') in 0.021235 seconds
Number of updated asset objects reloaded before import = 0
Number of asset objects unloaded after import = 1
========================================================================
Received Import Request.
  Time since last request: 0.000019 seconds.
  path: Assets/TextMesh Pro/Examples & Extras/Materials/Small Crate_diffuse.mat
  artifactKey: Guid(22262639920f43d6be32430e4e58350d) Importer(2089858483,0ecaa5967403d082aa24f35e1b516d23)
Start importing Assets/TextMesh Pro/Examples & Extras/Materials/Small Crate_diffuse.mat using Guid(22262639920f43d6be32430e4e58350d) Importer(2089858483,0ecaa5967403d082aa24f35e1b516d23) Generated GUIDs only implemented for interfaces!
 -> (artifact id: '9f99ea4af4015315832511e6f5f265d1') in 0.072753 seconds
Number of updated asset objects reloaded before import = 0
Number of asset objects unloaded after import = 3
========================================================================
Received Import Request.
  Time since last request: 0.000022 seconds.
  path: Assets/TextMesh Pro/Examples & Extras/Scenes/13 - Soft Hyphenation.unity
  artifactKey: Guid(875684baf40f4d008ce806d03e2a81b2) Importer(2089858483,0ecaa5967403d082aa24f35e1b516d23)
Start importing Assets/TextMesh Pro/Examples & Extras/Scenes/13 - Soft Hyphenation.unity using Guid(875684baf40f4d008ce806d03e2a81b2) Importer(2089858483,0ecaa5967403d082aa24f35e1b516d23) Generated GUIDs only implemented for interfaces!
 -> (artifact id: '04b4f17f9ccd451a92c9e480bcb60652') in 0.017166 seconds
Number of updated asset objects reloaded before import = 0
Number of asset objects unloaded after import = 1
========================================================================
Received Import Request.
  Time since last request: 0.000027 seconds.
  path: Assets/Rose XR Device Simulator UI.prefab
  artifactKey: Guid(0c363ddb137de0647823d5ce49558697) Importer(2089858483,0ecaa5967403d082aa24f35e1b516d23)
Start importing Assets/Rose XR Device Simulator UI.prefab using Guid(0c363ddb137de0647823d5ce49558697) Importer(2089858483,0ecaa5967403d082aa24f35e1b516d23) Generated GUIDs only implemented for interfaces!
 -> (artifact id: '80f6bb13c297c3f3dafcb74a86647fd0') in 0.188017 seconds
Number of updated asset objects reloaded before import = 0
Number of asset objects unloaded after import = 862
========================================================================
Received Import Request.
  Time since last request: 0.000030 seconds.
  path: Assets/TextMesh Pro/Examples & Extras/Prefabs/Text Popup.prefab
  artifactKey: Guid(b06f0e6c1dfa4356ac918da1bb32c603) Importer(2089858483,0ecaa5967403d082aa24f35e1b516d23)
Start importing Assets/TextMesh Pro/Examples & Extras/Prefabs/Text Popup.prefab using Guid(b06f0e6c1dfa4356ac918da1bb32c603) Importer(2089858483,0ecaa5967403d082aa24f35e1b516d23) Generated GUIDs only implemented for interfaces!
 -> (artifact id: '43740ca91f9df4ea8d0d5c03e5304671') in 0.087876 seconds
Number of updated asset objects reloaded before import = 0
Number of asset objects unloaded after import = 21
========================================================================
Received Import Request.
  Time since last request: 0.000276 seconds.
  path: Assets/TextMesh Pro/Examples & Extras/Resources/Fonts & Materials/Roboto-Bold SDF.asset
  artifactKey: Guid(5302535af1044152a457ed104f1f4b91) Importer(2089858483,0ecaa5967403d082aa24f35e1b516d23)
Start importing Assets/TextMesh Pro/Examples & Extras/Resources/Fonts & Materials/Roboto-Bold SDF.asset using Guid(5302535af1044152a457ed104f1f4b91) Importer(2089858483,0ecaa5967403d082aa24f35e1b516d23) Generated GUIDs only implemented for interfaces!
 -> (artifact id: '558a3986ed777d53228764a6eccf889b') in 0.058832 seconds
Number of updated asset objects reloaded before import = 0
Number of asset objects unloaded after import = 5
========================================================================
Received Import Request.
  Time since last request: 0.000341 seconds.
  path: Assets/TextMesh Pro/Examples & Extras/Scripts/VertexJitter.cs
  artifactKey: Guid(2ed57967c52645d390a89dcf8f61ba73) Importer(2089858483,0ecaa5967403d082aa24f35e1b516d23)
Start importing Assets/TextMesh Pro/Examples & Extras/Scripts/VertexJitter.cs using Guid(2ed57967c52645d390a89dcf8f61ba73) Importer(2089858483,0ecaa5967403d082aa24f35e1b516d23) Generated GUIDs only implemented for interfaces!
 -> (artifact id: '69127bfa7c6fa17964f93a32b9761217') in 0.026295 seconds
Number of updated asset objects reloaded before import = 0
Number of asset objects unloaded after import = 1
========================================================================
Received Import Request.
  Time since last request: 0.000024 seconds.
  path: Assets/TextMesh Pro/Examples & Extras/Textures/Small Crate_diffuse.jpg
  artifactKey: Guid(602cb87b6a29443b8636370ea0751574) Importer(2089858483,0ecaa5967403d082aa24f35e1b516d23)
Start importing Assets/TextMesh Pro/Examples & Extras/Textures/Small Crate_diffuse.jpg using Guid(602cb87b6a29443b8636370ea0751574) Importer(2089858483,0ecaa5967403d082aa24f35e1b516d23) Generated GUIDs only implemented for interfaces!
 -> (artifact id: 'd9f2c0b9834f2759e8e98f542c5ed4ef') in 0.048004 seconds
Number of updated asset objects reloaded before import = 0
Number of asset objects unloaded after import = 1
========================================================================
Received Import Request.
  Time since last request: 0.000351 seconds.
  path: Assets/TextMesh Pro/Resources/Fonts & Materials/LiberationSans SDF.asset
  artifactKey: Guid(8f586378b4e144a9851e7b34d9b748ee) Importer(2089858483,0ecaa5967403d082aa24f35e1b516d23)
Start importing Assets/TextMesh Pro/Resources/Fonts & Materials/LiberationSans SDF.asset using Guid(8f586378b4e144a9851e7b34d9b748ee) Importer(2089858483,0ecaa5967403d082aa24f35e1b516d23) Generated GUIDs only implemented for interfaces!
 -> (artifact id: 'cafdc734fea2ec68f5e48c3a5cc56fa7') in 0.057340 seconds
Number of updated asset objects reloaded before import = 0
Number of asset objects unloaded after import = 8
========================================================================
Received Import Request.
  Time since last request: 0.000036 seconds.
  path: Assets/TextMesh Pro/Examples & Extras/Resources/Fonts & Materials/Roboto-Bold SDF - Drop Shadow.mat
  artifactKey: Guid(b246c4190f4e46ec9352fe15a7b09ce0) Importer(2089858483,0ecaa5967403d082aa24f35e1b516d23)
Start importing Assets/TextMesh Pro/Examples & Extras/Resources/Fonts & Materials/Roboto-Bold SDF - Drop Shadow.mat using Guid(b246c4190f4e46ec9352fe15a7b09ce0) Importer(2089858483,0ecaa5967403d082aa24f35e1b516d23) Generated GUIDs only implemented for interfaces!
 -> (artifact id: '45d6b8d2ad68b92041904c5a4e5d15c6') in 0.021832 seconds
Number of updated asset objects reloaded before import = 0
Number of asset objects unloaded after import = 2
========================================================================
Received Import Request.
  Time since last request: 0.313599 seconds.
  path: Assets/TextMesh Pro/Examples & Extras/Scripts/CameraController.cs
  artifactKey: Guid(2d687537154440a3913a9a3c7977978c) Importer(2089858483,0ecaa5967403d082aa24f35e1b516d23)
Start importing Assets/TextMesh Pro/Examples & Extras/Scripts/CameraController.cs using Guid(2d687537154440a3913a9a3c7977978c) Importer(2089858483,0ecaa5967403d082aa24f35e1b516d23) Generated GUIDs only implemented for interfaces!
 -> (artifact id: 'ff6364b61f0827aafce0183d9073a090') in 0.027045 seconds
Number of updated asset objects reloaded before import = 0
Number of asset objects unloaded after import = 1
========================================================================
Received Import Request.
  Time since last request: 0.000018 seconds.
  path: Assets/TextMesh Pro/Examples & Extras/Scripts/Benchmark01_UGUI.cs
  artifactKey: Guid(8ef7be1c625941f7ba8ed7cc71718c0d) Importer(2089858483,0ecaa5967403d082aa24f35e1b516d23)
Start importing Assets/TextMesh Pro/Examples & Extras/Scripts/Benchmark01_UGUI.cs using Guid(8ef7be1c625941f7ba8ed7cc71718c0d) Importer(2089858483,0ecaa5967403d082aa24f35e1b516d23) Generated GUIDs only implemented for interfaces!
 -> (artifact id: 'cc9ca7d9fbca561dbb8fb7ca662ca7c0') in 0.033798 seconds
Number of updated asset objects reloaded before import = 0
Number of asset objects unloaded after import = 1
========================================================================
Received Import Request.
  Time since last request: 0.000021 seconds.
  path: Assets/Imports/Fantasy Skybox FREE/Panoramics/FS002/FS002_Day_Sunless.mat
  artifactKey: Guid(67950864b84c5db4f9eee7ca51c85571) Importer(2089858483,0ecaa5967403d082aa24f35e1b516d23)
Start importing Assets/Imports/Fantasy Skybox FREE/Panoramics/FS002/FS002_Day_Sunless.mat using Guid(67950864b84c5db4f9eee7ca51c85571) Importer(2089858483,0ecaa5967403d082aa24f35e1b516d23) Generated GUIDs only implemented for interfaces!
 -> (artifact id: '62f6209b33e034b0fda32ff6db7430db') in 0.090480 seconds
Number of updated asset objects reloaded before import = 0
Number of asset objects unloaded after import = 2
========================================================================
Received Import Request.
  Time since last request: 0.000030 seconds.
  path: Assets/Textures/Fabric019_1K-PNG/Fabric019_1K-PNG_NormalGL.png
  artifactKey: Guid(01fad664a9630b44ba8336c15f3984a7) Importer(2089858483,0ecaa5967403d082aa24f35e1b516d23)
Start importing Assets/Textures/Fabric019_1K-PNG/Fabric019_1K-PNG_NormalGL.png using Guid(01fad664a9630b44ba8336c15f3984a7) Importer(2089858483,0ecaa5967403d082aa24f35e1b516d23) Generated GUIDs only implemented for interfaces!
 -> (artifact id: 'da2eb48d92d65fd64346ca768dbf7332') in 0.058849 seconds
Number of updated asset objects reloaded before import = 0
Number of asset objects unloaded after import = 1
========================================================================
Received Import Request.
  Time since last request: 0.000021 seconds.
  path: Assets/Textures/Fabric019_1K-PNG/Fabric019_1K-PNG_Roughness.png
  artifactKey: Guid(943e7814ccf5a6b4aac70898b787f99f) Importer(2089858483,0ecaa5967403d082aa24f35e1b516d23)
Start importing Assets/Textures/Fabric019_1K-PNG/Fabric019_1K-PNG_Roughness.png using Guid(943e7814ccf5a6b4aac70898b787f99f) Importer(2089858483,0ecaa5967403d082aa24f35e1b516d23) Generated GUIDs only implemented for interfaces!
 -> (artifact id: '94b88e5950e29527e49b7936fa1a5104') in 0.076333 seconds
Number of updated asset objects reloaded before import = 0
Number of asset objects unloaded after import = 1
========================================================================
Received Import Request.
  Time since last request: 0.000116 seconds.
  path: Assets/Textures/Grass001_2K-PNG/Grass001_2K-PNG.usdc
  artifactKey: Guid(a6ea86951d291da4785129dd227e068b) Importer(2089858483,0ecaa5967403d082aa24f35e1b516d23)
Start importing Assets/Textures/Grass001_2K-PNG/Grass001_2K-PNG.usdc using Guid(a6ea86951d291da4785129dd227e068b) Importer(2089858483,0ecaa5967403d082aa24f35e1b516d23) Generated GUIDs only implemented for interfaces!
 -> (artifact id: 'ad314c90640ad294acff8ba6e88be5cc') in 0.027851 seconds
Number of updated asset objects reloaded before import = 0
Number of asset objects unloaded after import = 1
========================================================================
Received Import Request.
  Time since last request: 0.000018 seconds.
  path: Assets/Textures/Fabric036_1K-PNG/Fabric036_1K-PNG_AmbientOcclusion.png
  artifactKey: Guid(e39ef6befc0f4fa4db0a3e46d5f5a7f7) Importer(2089858483,0ecaa5967403d082aa24f35e1b516d23)
Start importing Assets/Textures/Fabric036_1K-PNG/Fabric036_1K-PNG_AmbientOcclusion.png using Guid(e39ef6befc0f4fa4db0a3e46d5f5a7f7) Importer(2089858483,0ecaa5967403d082aa24f35e1b516d23) Generated GUIDs only implemented for interfaces!
 -> (artifact id: '53c3b48705adc9075d0313cf1c48bb30') in 0.089912 seconds
Number of updated asset objects reloaded before import = 0
Number of asset objects unloaded after import = 1
========================================================================
Received Import Request.
  Time since last request: 0.000020 seconds.
  path: Assets/TextMesh Pro/Examples & Extras/Textures/Brushed Metal 3.jpg
  artifactKey: Guid(f88677df267a41d6be1e7a6133e7d227) Importer(2089858483,0ecaa5967403d082aa24f35e1b516d23)
Start importing Assets/TextMesh Pro/Examples & Extras/Textures/Brushed Metal 3.jpg using Guid(f88677df267a41d6be1e7a6133e7d227) Importer(2089858483,0ecaa5967403d082aa24f35e1b516d23) Generated GUIDs only implemented for interfaces!
 -> (artifact id: '93107ce78be92e70a23d224ccec412b8') in 0.092141 seconds
Number of updated asset objects reloaded before import = 0
Number of asset objects unloaded after import = 1
========================================================================
Received Import Request.
  Time since last request: 0.000381 seconds.
  path: Assets/Imports/Fantasy Skybox FREE/Scenes/Demo with terrain.unity
  artifactKey: Guid(594da9eac4a488a479b252ff922516d9) Importer(2089858483,0ecaa5967403d082aa24f35e1b516d23)
Start importing Assets/Imports/Fantasy Skybox FREE/Scenes/Demo with terrain.unity using Guid(594da9eac4a488a479b252ff922516d9) Importer(2089858483,0ecaa5967403d082aa24f35e1b516d23) Generated GUIDs only implemented for interfaces!
 -> (artifact id: 'd2b55c288369f3694640f5790151dc58') in 0.014172 seconds
Number of updated asset objects reloaded before import = 0
Number of asset objects unloaded after import = 1
========================================================================
Received Import Request.
  Time since last request: 0.000023 seconds.
  path: Assets/TextMesh Pro/Examples & Extras/Resources/Color Gradient Presets/Light to Dark Green - Vertical.asset
  artifactKey: Guid(5cf8ae092ca54931b443bec5148f3c59) Importer(2089858483,0ecaa5967403d082aa24f35e1b516d23)
Start importing Assets/TextMesh Pro/Examples & Extras/Resources/Color Gradient Presets/Light to Dark Green - Vertical.asset using Guid(5cf8ae092ca54931b443bec5148f3c59) Importer(2089858483,0ecaa5967403d082aa24f35e1b516d23) Generated GUIDs only implemented for interfaces!
 -> (artifact id: 'd69f5dee2b4589d8fef8f2b53956046f') in 0.034271 seconds
Number of updated asset objects reloaded before import = 0
Number of asset objects unloaded after import = 1
========================================================================
Received Import Request.
  Time since last request: 0.000019 seconds.
  path: Assets/Textures/Fabric036_1K-PNG/Fabric036_1K-PNG_Roughness.png
  artifactKey: Guid(184bae0b933f79149838675be62041cd) Importer(2089858483,0ecaa5967403d082aa24f35e1b516d23)
Start importing Assets/Textures/Fabric036_1K-PNG/Fabric036_1K-PNG_Roughness.png using Guid(184bae0b933f79149838675be62041cd) Importer(2089858483,0ecaa5967403d082aa24f35e1b516d23) Generated GUIDs only implemented for interfaces!
 -> (artifact id: '7d188d3879a5fe42cc0d83b747583bed') in 0.062524 seconds
Number of updated asset objects reloaded before import = 0
Number of asset objects unloaded after import = 1
========================================================================
Received Import Request.
  Time since last request: 0.000026 seconds.
  path: Assets/TextMesh Pro/Examples & Extras/Scripts/VertexColorCycler.cs
  artifactKey: Guid(91b8ba3d52e041fab2d0e0f169855539) Importer(2089858483,0ecaa5967403d082aa24f35e1b516d23)
Start importing Assets/TextMesh Pro/Examples & Extras/Scripts/VertexColorCycler.cs using Guid(91b8ba3d52e041fab2d0e0f169855539) Importer(2089858483,0ecaa5967403d082aa24f35e1b516d23) Generated GUIDs only implemented for interfaces!
 -> (artifact id: '726d2136031382b04ba4f0c687e033b3') in 0.018266 seconds
Number of updated asset objects reloaded before import = 0
Number of asset objects unloaded after import = 1
========================================================================
Received Import Request.
  Time since last request: 39.791073 seconds.
  path: Assets/Imports/Fantasy Skybox FREE/Panoramics/FS017/FS017_Sunset.mat
  artifactKey: Guid(aed657681c6812845bb7736c343b5e9b) Importer(2089858483,0ecaa5967403d082aa24f35e1b516d23)
Start importing Assets/Imports/Fantasy Skybox FREE/Panoramics/FS017/FS017_Sunset.mat using Guid(aed657681c6812845bb7736c343b5e9b) Importer(2089858483,0ecaa5967403d082aa24f35e1b516d23) Generated GUIDs only implemented for interfaces!
 -> (artifact id: '61ca10247e988f6eed389f20869e2647') in 0.040856 seconds
Number of updated asset objects reloaded before import = 0
Number of asset objects unloaded after import = 2
========================================================================
Received Import Request.
  Time since last request: 0.000015 seconds.
  path: Assets/Imports/Bitgem/StylisedWater/URP/Materials/greyboxing.mat
  artifactKey: Guid(daf55c765d391c942b306a6a1483d9e7) Importer(2089858483,0ecaa5967403d082aa24f35e1b516d23)
Start importing Assets/Imports/Bitgem/StylisedWater/URP/Materials/greyboxing.mat using Guid(daf55c765d391c942b306a6a1483d9e7) Importer(2089858483,0ecaa5967403d082aa24f35e1b516d23) Generated GUIDs only implemented for interfaces!
 -> (artifact id: 'a9722ca6ded5f0224a43e3f29bca29b2') in 0.066119 seconds
Number of updated asset objects reloaded before import = 0
Number of asset objects unloaded after import = 3
========================================================================
Received Import Request.
  Time since last request: 0.000019 seconds.
  path: Assets/Imports/Fantasy Skybox FREE/Panoramics/FS002/FS002_Night_Moonless.mat
  artifactKey: Guid(1cc6e6796f833a94f94e6d794ca654c3) Importer(2089858483,0ecaa5967403d082aa24f35e1b516d23)
Start importing Assets/Imports/Fantasy Skybox FREE/Panoramics/FS002/FS002_Night_Moonless.mat using Guid(1cc6e6796f833a94f94e6d794ca654c3) Importer(2089858483,0ecaa5967403d082aa24f35e1b516d23) Generated GUIDs only implemented for interfaces!
 -> (artifact id: '5fd2f284bb26ad35a73ba57cc3dd8d34') in 0.038581 seconds
Number of updated asset objects reloaded before import = 0
Number of asset objects unloaded after import = 2
========================================================================
Received Import Request.
  Time since last request: 0.000021 seconds.
  path: Assets/Imports/Bitgem/StylisedWater/URP/Scripts/Bitgem/Core/FlagEnumAttribute.cs
  artifactKey: Guid(41e19a4b75910c146a0b391bbc5f1ea8) Importer(2089858483,0ecaa5967403d082aa24f35e1b516d23)
Start importing Assets/Imports/Bitgem/StylisedWater/URP/Scripts/Bitgem/Core/FlagEnumAttribute.cs using Guid(41e19a4b75910c146a0b391bbc5f1ea8) Importer(2089858483,0ecaa5967403d082aa24f35e1b516d23) Generated GUIDs only implemented for interfaces!
 -> (artifact id: 'e3b3cd0cf722b671d7903a564a971e07') in 0.017850 seconds
Number of updated asset objects reloaded before import = 0
Number of asset objects unloaded after import = 1
========================================================================
Received Import Request.
  Time since last request: 0.000017 seconds.
  path: Assets/Imports/Fantasy Skybox FREE/Cubemaps/Classic/FS000_Night_02_Moonless.mat
  artifactKey: Guid(94caf2ba4ca5e46bfaba53afcc8778dd) Importer(2089858483,0ecaa5967403d082aa24f35e1b516d23)
Start importing Assets/Imports/Fantasy Skybox FREE/Cubemaps/Classic/FS000_Night_02_Moonless.mat using Guid(94caf2ba4ca5e46bfaba53afcc8778dd) Importer(2089858483,0ecaa5967403d082aa24f35e1b516d23) Generated GUIDs only implemented for interfaces!
 -> (artifact id: '512cd594f4ef01bf6c207ea7e482d19d') in 0.036960 seconds
Number of updated asset objects reloaded before import = 0
Number of asset objects unloaded after import = 2
========================================================================
Received Import Request.
  Time since last request: 0.000012 seconds.
  path: Assets/Imports/Fantasy Skybox FREE/Scenes/Textures (Terrain)/Texture_Rock_Diffuse.png
  artifactKey: Guid(5749f76eaefd4464d864cb20ae8451aa) Importer(2089858483,0ecaa5967403d082aa24f35e1b516d23)
Start importing Assets/Imports/Fantasy Skybox FREE/Scenes/Textures (Terrain)/Texture_Rock_Diffuse.png using Guid(5749f76eaefd4464d864cb20ae8451aa) Importer(2089858483,0ecaa5967403d082aa24f35e1b516d23) Generated GUIDs only implemented for interfaces!
 -> (artifact id: '142104bc39292318ede96d6edbde5e76') in 0.057701 seconds
Number of updated asset objects reloaded before import = 0
Number of asset objects unloaded after import = 1
========================================================================
Received Import Request.
  Time since last request: 0.000014 seconds.
  path: Assets/Imports/TerrainSampleAssets/TerrainBrushes/Terrainstamp_Ridgeedge01_Brush.brush
  artifactKey: Guid(b47c02079aebe594a94e62b833a0616b) Importer(2089858483,0ecaa5967403d082aa24f35e1b516d23)
Start importing Assets/Imports/TerrainSampleAssets/TerrainBrushes/Terrainstamp_Ridgeedge01_Brush.brush using Guid(b47c02079aebe594a94e62b833a0616b) Importer(2089858483,0ecaa5967403d082aa24f35e1b516d23) Generated GUIDs only implemented for interfaces!
 -> (artifact id: 'c3a574e9b041bd2bbcefdca2628d301d') in 0.018562 seconds
Number of updated asset objects reloaded before import = 0
Number of asset objects unloaded after import = 1
========================================================================
Received Import Request.
  Time since last request: 0.000013 seconds.
  path: Assets/Imports/TerrainSampleAssets/Prefabs/Grass_D.prefab
  artifactKey: Guid(4dfd50a1f648e984f8188be70774f281) Importer(2089858483,0ecaa5967403d082aa24f35e1b516d23)
Start importing Assets/Imports/TerrainSampleAssets/Prefabs/Grass_D.prefab using Guid(4dfd50a1f648e984f8188be70774f281) Importer(2089858483,0ecaa5967403d082aa24f35e1b516d23) Generated GUIDs only implemented for interfaces!
 -> (artifact id: '1192c4d0474346da601f49d6e678b6ea') in 0.019161 seconds
Number of updated asset objects reloaded before import = 0
Number of asset objects unloaded after import = 7
========================================================================
Received Import Request.
  Time since last request: 0.000017 seconds.
  path: Assets/Imports/TerrainSampleAssets/Materials/Plant.asset
  artifactKey: Guid(f53f3a3078db3cd4a9bcd875d3b2a557) Importer(2089858483,0ecaa5967403d082aa24f35e1b516d23)
Start importing Assets/Imports/TerrainSampleAssets/Materials/Plant.asset using Guid(f53f3a3078db3cd4a9bcd875d3b2a557) Importer(2089858483,0ecaa5967403d082aa24f35e1b516d23) Generated GUIDs only implemented for interfaces!
 -> (artifact id: '7e065c61db621d8fbc42b76ef2dcb820') in 0.399761 seconds
Number of updated asset objects reloaded before import = 0
Number of asset objects unloaded after import = 6
========================================================================
Received Import Request.
  Time since last request: 0.000018 seconds.
  path: Assets/Imports/TerrainSampleAssets/Prefabs/Plant_A.prefab
  artifactKey: Guid(6d6ea10f03c4d7245a66d6515bf1bc6d) Importer(2089858483,0ecaa5967403d082aa24f35e1b516d23)
Start importing Assets/Imports/TerrainSampleAssets/Prefabs/Plant_A.prefab using Guid(6d6ea10f03c4d7245a66d6515bf1bc6d) Importer(2089858483,0ecaa5967403d082aa24f35e1b516d23) Generated GUIDs only implemented for interfaces!
 -> (artifact id: '66f1fe51d3edf9e35acff768908f675e') in 0.016574 seconds
Number of updated asset objects reloaded before import = 0
Number of asset objects unloaded after import = 7
========================================================================
Received Import Request.
  Time since last request: 0.000023 seconds.
  path: Assets/Imports/ProBuilder Data/Default Color Palette.asset
  artifactKey: Guid(13a1b868eea86184a957864dd7a726fa) Importer(2089858483,0ecaa5967403d082aa24f35e1b516d23)
Start importing Assets/Imports/ProBuilder Data/Default Color Palette.asset using Guid(13a1b868eea86184a957864dd7a726fa) Importer(2089858483,0ecaa5967403d082aa24f35e1b516d23) Generated GUIDs only implemented for interfaces!
 -> (artifact id: 'e1a5639693189ba402efa10d8645adbc') in 0.028014 seconds
Number of updated asset objects reloaded before import = 0
Number of asset objects unloaded after import = 1
========================================================================
Received Import Request.
  Time since last request: 0.000012 seconds.
  path: Assets/Imports/Bitgem/StylisedWater/URP/Scripts/Bitgem/Editor
  artifactKey: Guid(68ba1b4fc29360446b280c7c9cdf24ec) Importer(2089858483,0ecaa5967403d082aa24f35e1b516d23)
Start importing Assets/Imports/Bitgem/StylisedWater/URP/Scripts/Bitgem/Editor using Guid(68ba1b4fc29360446b280c7c9cdf24ec) Importer(2089858483,0ecaa5967403d082aa24f35e1b516d23) Generated GUIDs only implemented for interfaces!
 -> (artifact id: 'c0c19345551dc2808d19493501bdc734') in 0.013360 seconds
Number of updated asset objects reloaded before import = 0
Number of asset objects unloaded after import = 1
========================================================================
Received Import Request.
  Time since last request: 0.000019 seconds.
  path: Assets/Imports/TerrainSampleAssets/TerrainBrushes/Terrainstamp_Canyon02_Brush.brush
  artifactKey: Guid(7ddc1e59f6e82cc4693b55b0badb4aa3) Importer(2089858483,0ecaa5967403d082aa24f35e1b516d23)
Start importing Assets/Imports/TerrainSampleAssets/TerrainBrushes/Terrainstamp_Canyon02_Brush.brush using Guid(7ddc1e59f6e82cc4693b55b0badb4aa3) Importer(2089858483,0ecaa5967403d082aa24f35e1b516d23) Generated GUIDs only implemented for interfaces!
 -> (artifact id: 'cf8c7132728c6eb5e555614dbf100343') in 0.020731 seconds
Number of updated asset objects reloaded before import = 0
Number of asset objects unloaded after import = 1
========================================================================
Received Import Request.
  Time since last request: 0.000012 seconds.
  path: Assets/Imports/TerrainSampleAssets/TerrainBrushes/Terrainstamp_Erode01_Brush.brush
  artifactKey: Guid(7ee3d567366c781458dc63f069654dff) Importer(2089858483,0ecaa5967403d082aa24f35e1b516d23)
Start importing Assets/Imports/TerrainSampleAssets/TerrainBrushes/Terrainstamp_Erode01_Brush.brush using Guid(7ee3d567366c781458dc63f069654dff) Importer(2089858483,0ecaa5967403d082aa24f35e1b516d23) Generated GUIDs only implemented for interfaces!
 -> (artifact id: 'e12f9aedab264ee0068d196fc9e2fa59') in 0.019843 seconds
Number of updated asset objects reloaded before import = 0
Number of asset objects unloaded after import = 1
========================================================================
Received Import Request.
  Time since last request: 0.000016 seconds.
  path: Assets/Imports/Fantasy Skybox FREE/Cubemaps/Classic/FS000_Night_01_Moonless.mat
  artifactKey: Guid(1065b432639a84123a07ea43fe5ba4c9) Importer(2089858483,0ecaa5967403d082aa24f35e1b516d23)
Start importing Assets/Imports/Fantasy Skybox FREE/Cubemaps/Classic/FS000_Night_01_Moonless.mat using Guid(1065b432639a84123a07ea43fe5ba4c9) Importer(2089858483,0ecaa5967403d082aa24f35e1b516d23) Generated GUIDs only implemented for interfaces!
 -> (artifact id: '3abe0333792152da2f9b126518142c20') in 0.024146 seconds
Number of updated asset objects reloaded before import = 0
Number of asset objects unloaded after import = 2
========================================================================
Received Import Request.
  Time since last request: 0.000014 seconds.
  path: Assets/Imports/Bitgem/StylisedWater/URP/Shaders/Triplanar.shadergraph
  artifactKey: Guid(bd3cfc66251d1db41bc93e3d21170477) Importer(2089858483,0ecaa5967403d082aa24f35e1b516d23)
Start importing Assets/Imports/Bitgem/StylisedWater/URP/Shaders/Triplanar.shadergraph using Guid(bd3cfc66251d1db41bc93e3d21170477) Importer(2089858483,0ecaa5967403d082aa24f35e1b516d23) Generated GUIDs only implemented for interfaces!
 -> (artifact id: '03f00871a55dac52600c6a78131a97ef') in 0.050291 seconds
Number of updated asset objects reloaded before import = 0
Number of asset objects unloaded after import = 3
========================================================================
Received Import Request.
  Time since last request: 0.000021 seconds.
  path: Assets/Imports/TerrainSampleAssets/Models/Plant_A.asset
  artifactKey: Guid(d427b65f0342fe84fa77dabe420757ee) Importer(2089858483,0ecaa5967403d082aa24f35e1b516d23)
Start importing Assets/Imports/TerrainSampleAssets/Models/Plant_A.asset using Guid(d427b65f0342fe84fa77dabe420757ee) Importer(2089858483,0ecaa5967403d082aa24f35e1b516d23) Generated GUIDs only implemented for interfaces!
 -> (artifact id: '0efcacb0391cdccd2252f29fc873b038') in 0.011776 seconds
Number of updated asset objects reloaded before import = 0
Number of asset objects unloaded after import = 1
========================================================================
Received Import Request.
  Time since last request: 0.000015 seconds.
  path: Assets/Imports/Fantasy Skybox FREE/Scenes/Textures (Lightmaps)/Lightmap-0_comp_dir.png
  artifactKey: Guid(c7ea5ea2a4fb47b419c0eba8ac36b9aa) Importer(2089858483,0ecaa5967403d082aa24f35e1b516d23)
Start importing Assets/Imports/Fantasy Skybox FREE/Scenes/Textures (Lightmaps)/Lightmap-0_comp_dir.png using Guid(c7ea5ea2a4fb47b419c0eba8ac36b9aa) Importer(2089858483,0ecaa5967403d082aa24f35e1b516d23) Generated GUIDs only implemented for interfaces!
 -> (artifact id: 'ed922f74f56609a2284147e0aea99344') in 0.048413 seconds
Number of updated asset objects reloaded before import = 0
Number of asset objects unloaded after import = 1
========================================================================
Received Import Request.
  Time since last request: 0.000012 seconds.
  path: Assets/Imports/TerrainSampleAssets/TerrainBrushes
  artifactKey: Guid(06d093db78f37314382766fde05acf29) Importer(2089858483,0ecaa5967403d082aa24f35e1b516d23)
Start importing Assets/Imports/TerrainSampleAssets/TerrainBrushes using Guid(06d093db78f37314382766fde05acf29) Importer(2089858483,0ecaa5967403d082aa24f35e1b516d23) Generated GUIDs only implemented for interfaces!
 -> (artifact id: 'e6eacd99f6c35a7fda124b6041da1be5') in 0.008615 seconds
Number of updated asset objects reloaded before import = 0
Number of asset objects unloaded after import = 1
========================================================================
Received Import Request.
  Time since last request: 0.000010 seconds.
  path: Assets/Imports/TerrainSampleAssets/Textures/Details/Grass_A_Normal.tif
  artifactKey: Guid(9a1568052101f2f48ba76e7342adc3f3) Importer(2089858483,0ecaa5967403d082aa24f35e1b516d23)
Start importing Assets/Imports/TerrainSampleAssets/Textures/Details/Grass_A_Normal.tif using Guid(9a1568052101f2f48ba76e7342adc3f3) Importer(2089858483,0ecaa5967403d082aa24f35e1b516d23) Generated GUIDs only implemented for interfaces!
 -> (artifact id: '9ae8ba0535eebff89fb3e4651f165208') in 0.039314 seconds
Number of updated asset objects reloaded before import = 0
Number of asset objects unloaded after import = 1
========================================================================
Received Import Request.
  Time since last request: 0.000014 seconds.
  path: Assets/Imports/FantasyEnvironments/Environments/Town/FBXs/Food_apple.fbx
  artifactKey: Guid(8354f705ce0cd0f488de350ceb2a6e5f) Importer(2089858483,0ecaa5967403d082aa24f35e1b516d23)
Start importing Assets/Imports/FantasyEnvironments/Environments/Town/FBXs/Food_apple.fbx using Guid(8354f705ce0cd0f488de350ceb2a6e5f) Importer(2089858483,0ecaa5967403d082aa24f35e1b516d23) Generated GUIDs only implemented for interfaces!
 -> (artifact id: 'e5af9f473e9f03ec2c6ed7f00b2c0f13') in 0.026486 seconds
Number of updated asset objects reloaded before import = 0
Number of asset objects unloaded after import = 7
========================================================================
Received Import Request.
  Time since last request: 0.000018 seconds.
  path: Assets/Imports/TerrainSampleAssets/Textures/Details/Heather_A_Thickness.tif
  artifactKey: Guid(0942f310de78e664aaaca6d7d276cb61) Importer(2089858483,0ecaa5967403d082aa24f35e1b516d23)
Start importing Assets/Imports/TerrainSampleAssets/Textures/Details/Heather_A_Thickness.tif using Guid(0942f310de78e664aaaca6d7d276cb61) Importer(2089858483,0ecaa5967403d082aa24f35e1b516d23) Generated GUIDs only implemented for interfaces!
 -> (artifact id: 'fa1c1d2204dcd06dbbfa2ded2a88b11f') in 0.026423 seconds
Number of updated asset objects reloaded before import = 0
Number of asset objects unloaded after import = 1
========================================================================
Received Import Request.
  Time since last request: 0.000011 seconds.
  path: Assets/Imports/TerrainSampleAssets/ShaderGraphs/Subgraphs/URPSSS.shadersubgraph
  artifactKey: Guid(9037b993318fb2a46b314bdf87073500) Importer(2089858483,0ecaa5967403d082aa24f35e1b516d23)
Start importing Assets/Imports/TerrainSampleAssets/ShaderGraphs/Subgraphs/URPSSS.shadersubgraph using Guid(9037b993318fb2a46b314bdf87073500) Importer(2089858483,0ecaa5967403d082aa24f35e1b516d23) Generated GUIDs only implemented for interfaces!
 -> (artifact id: '0cb7156dd18e8359f5260883e4b7e8c6') in 0.019524 seconds
Number of updated asset objects reloaded before import = 0
Number of asset objects unloaded after import = 1
========================================================================
Received Import Request.
  Time since last request: 0.000013 seconds.
  path: Assets/Imports/TerrainSampleAssets/Models/GrassDry_A.asset
  artifactKey: Guid(95c06121a3f5d524c8cad4ff4e302950) Importer(2089858483,0ecaa5967403d082aa24f35e1b516d23)
Start importing Assets/Imports/TerrainSampleAssets/Models/GrassDry_A.asset using Guid(95c06121a3f5d524c8cad4ff4e302950) Importer(2089858483,0ecaa5967403d082aa24f35e1b516d23) Generated GUIDs only implemented for interfaces!
 -> (artifact id: '91b671725e6da9c24b62f797b501a9fe') in 0.016244 seconds
Number of updated asset objects reloaded before import = 0
Number of asset objects unloaded after import = 1
========================================================================
Received Import Request.
  Time since last request: 0.000011 seconds.
  path: Assets/Imports/TerrainSampleAssets/Models/GrassDry_C.asset
  artifactKey: Guid(9a249c33299836d45ae597069d9324e2) Importer(2089858483,0ecaa5967403d082aa24f35e1b516d23)
Start importing Assets/Imports/TerrainSampleAssets/Models/GrassDry_C.asset using Guid(9a249c33299836d45ae597069d9324e2) Importer(2089858483,0ecaa5967403d082aa24f35e1b516d23) Generated GUIDs only implemented for interfaces!
 -> (artifact id: '71b5a53289c3a16192517ca71555b999') in 0.012305 seconds
Number of updated asset objects reloaded before import = 0
Number of asset objects unloaded after import = 1
========================================================================
Received Import Request.
  Time since last request: 0.000012 seconds.
  path: Assets/Imports/FantasyEnvironments/Environments/Town/FBXs/Furniture_book2.fbx
  artifactKey: Guid(11c405db34ad4d84cb92f310f1950d5a) Importer(2089858483,0ecaa5967403d082aa24f35e1b516d23)
Start importing Assets/Imports/FantasyEnvironments/Environments/Town/FBXs/Furniture_book2.fbx using Guid(11c405db34ad4d84cb92f310f1950d5a) Importer(2089858483,0ecaa5967403d082aa24f35e1b516d23) Generated GUIDs only implemented for interfaces!
 -> (artifact id: '7a510081c0f0debc1a71ce9adb0c635a') in 0.033702 seconds
Number of updated asset objects reloaded before import = 0
Number of asset objects unloaded after import = 7
========================================================================
Received Import Request.
  Time since last request: 0.000015 seconds.
  path: Assets/Imports/FantasyEnvironments/Environments/Town/FBXs/Food_pie.fbx
  artifactKey: Guid(e99da325978c805469541d64094778ae) Importer(2089858483,0ecaa5967403d082aa24f35e1b516d23)
Start importing Assets/Imports/FantasyEnvironments/Environments/Town/FBXs/Food_pie.fbx using Guid(e99da325978c805469541d64094778ae) Importer(2089858483,0ecaa5967403d082aa24f35e1b516d23) Generated GUIDs only implemented for interfaces!
 -> (artifact id: '7f64cf5f743d9bb3ed9484ee8c384665') in 0.037611 seconds
Number of updated asset objects reloaded before import = 0
Number of asset objects unloaded after import = 7
========================================================================
Received Import Request.
  Time since last request: 0.000017 seconds.
  path: Assets/Imports/TerrainSampleAssets/TerrainBrushes/Terrainstamp_Hills01_Brush.brush
  artifactKey: Guid(df5900f192ad71b4c9f0d3b57daadc1e) Importer(2089858483,0ecaa5967403d082aa24f35e1b516d23)
Start importing Assets/Imports/TerrainSampleAssets/TerrainBrushes/Terrainstamp_Hills01_Brush.brush using Guid(df5900f192ad71b4c9f0d3b57daadc1e) Importer(2089858483,0ecaa5967403d082aa24f35e1b516d23) Generated GUIDs only implemented for interfaces!
 -> (artifact id: 'c606a646b7dd16e34fc976e7e476337c') in 0.017385 seconds
Number of updated asset objects reloaded before import = 0
Number of asset objects unloaded after import = 1
========================================================================
Received Import Request.
  Time since last request: 0.000014 seconds.
  path: Assets/Imports/TerrainSampleAssets/Settings/FoliageDiffusionProfile.asset
  artifactKey: Guid(a4f9b0b21cfa10140b76854ccb395dcf) Importer(2089858483,0ecaa5967403d082aa24f35e1b516d23)
Start importing Assets/Imports/TerrainSampleAssets/Settings/FoliageDiffusionProfile.asset using Guid(a4f9b0b21cfa10140b76854ccb395dcf) Importer(2089858483,0ecaa5967403d082aa24f35e1b516d23) Generated GUIDs only implemented for interfaces!
 -> (artifact id: '78a29d42a09942e5a25eb24120a9a8df') in 0.019192 seconds
Number of updated asset objects reloaded before import = 0
Number of asset objects unloaded after import = 1
========================================================================
Received Import Request.
  Time since last request: 0.000010 seconds.
  path: Assets/Imports/TerrainSampleAssets/TerrainBrushes/Terrainstamp_Mountain07_Brush.brush
  artifactKey: Guid(6f360df90c5a57042ba4b09cb3249ffc) Importer(2089858483,0ecaa5967403d082aa24f35e1b516d23)
Start importing Assets/Imports/TerrainSampleAssets/TerrainBrushes/Terrainstamp_Mountain07_Brush.brush using Guid(6f360df90c5a57042ba4b09cb3249ffc) Importer(2089858483,0ecaa5967403d082aa24f35e1b516d23) Generated GUIDs only implemented for interfaces!
 -> (artifact id: 'b56b4cb11fec83d39ff0073d524a0e7d') in 0.016442 seconds
Number of updated asset objects reloaded before import = 0
Number of asset objects unloaded after import = 1
========================================================================
Received Import Request.
  Time since last request: 0.000012 seconds.
  path: Assets/Imports/TerrainSampleAssets/TerrainBrushes/Terrainstamp_Erode02_Brush.brush
  artifactKey: Guid(b4f1a8962849d1e418cbb0637143dc00) Importer(2089858483,0ecaa5967403d082aa24f35e1b516d23)
Start importing Assets/Imports/TerrainSampleAssets/TerrainBrushes/Terrainstamp_Erode02_Brush.brush using Guid(b4f1a8962849d1e418cbb0637143dc00) Importer(2089858483,0ecaa5967403d082aa24f35e1b516d23) Generated GUIDs only implemented for interfaces!
 -> (artifact id: 'e48f328ecfbf2efe506f4d844f79ab12') in 0.019848 seconds
Number of updated asset objects reloaded before import = 0
Number of asset objects unloaded after import = 1
========================================================================
Received Import Request.
  Time since last request: 0.000012 seconds.
  path: Assets/Imports/TerrainSampleAssets/Textures/Details/Plant_MaskMap.tif
  artifactKey: Guid(58f96e5085ad49449a678cbc76949e47) Importer(2089858483,0ecaa5967403d082aa24f35e1b516d23)
Start importing Assets/Imports/TerrainSampleAssets/Textures/Details/Plant_MaskMap.tif using Guid(58f96e5085ad49449a678cbc76949e47) Importer(2089858483,0ecaa5967403d082aa24f35e1b516d23) Generated GUIDs only implemented for interfaces!
 -> (artifact id: '41a40ef20a0a5ab41f7b884599147966') in 0.036502 seconds
Number of updated asset objects reloaded before import = 0
Number of asset objects unloaded after import = 1
========================================================================
Received Import Request.
  Time since last request: 0.000015 seconds.
  path: Assets/Imports/FantasyEnvironments/Environments/TerrainLayers
  artifactKey: Guid(f5d9e3a337410dd47962e6d229513217) Importer(2089858483,0ecaa5967403d082aa24f35e1b516d23)
Start importing Assets/Imports/FantasyEnvironments/Environments/TerrainLayers using Guid(f5d9e3a337410dd47962e6d229513217) Importer(2089858483,0ecaa5967403d082aa24f35e1b516d23) Generated GUIDs only implemented for interfaces!
 -> (artifact id: '1e925197563bc3d3df518b5dcf0b5175') in 0.012392 seconds
Number of updated asset objects reloaded before import = 0
Number of asset objects unloaded after import = 1
========================================================================
Received Import Request.
  Time since last request: 0.000024 seconds.
  path: Assets/Imports/Bitgem/StylisedWater/URP/Shaders/WaterVolume-URP.shadergraph
  artifactKey: Guid(2cddf2ee6a74aca44af00f5a49bd2cf1) Importer(2089858483,0ecaa5967403d082aa24f35e1b516d23)
Start importing Assets/Imports/Bitgem/StylisedWater/URP/Shaders/WaterVolume-URP.shadergraph using Guid(2cddf2ee6a74aca44af00f5a49bd2cf1) Importer(2089858483,0ecaa5967403d082aa24f35e1b516d23) Generated GUIDs only implemented for interfaces!
 -> (artifact id: '752b7f0f11666c27e3ca30bc4a332790') in 0.048745 seconds
Number of updated asset objects reloaded before import = 0
Number of asset objects unloaded after import = 4
========================================================================
Received Import Request.
  Time since last request: 0.000016 seconds.
  path: Assets/Imports/Bitgem/StylisedWater/URP/Materials
  artifactKey: Guid(23dd8f7c55dedc9428557d7ab46cf80b) Importer(2089858483,0ecaa5967403d082aa24f35e1b516d23)
Start importing Assets/Imports/Bitgem/StylisedWater/URP/Materials using Guid(23dd8f7c55dedc9428557d7ab46cf80b) Importer(2089858483,0ecaa5967403d082aa24f35e1b516d23) Generated GUIDs only implemented for interfaces!
 -> (artifact id: 'b4e7f9a82ab225be53828cf83c5f0202') in 0.011249 seconds
Number of updated asset objects reloaded before import = 0
Number of asset objects unloaded after import = 1
========================================================================
Received Import Request.
  Time since last request: 0.000016 seconds.
  path: Assets/Imports/TerrainSampleAssets/Materials
  artifactKey: Guid(2aec11f43f8ed014b961b28ac00ab436) Importer(2089858483,0ecaa5967403d082aa24f35e1b516d23)
Start importing Assets/Imports/TerrainSampleAssets/Materials using Guid(2aec11f43f8ed014b961b28ac00ab436) Importer(2089858483,0ecaa5967403d082aa24f35e1b516d23) Generated GUIDs only implemented for interfaces!
 -> (artifact id: 'f71b1782704678384e6405a917b0aa09') in 0.009893 seconds
Number of updated asset objects reloaded before import = 0
Number of asset objects unloaded after import = 1
========================================================================
Received Import Request.
  Time since last request: 0.000012 seconds.
  path: Assets/Shaders/Shader Graphs_FirstShader 2.mat
  artifactKey: Guid(cb6d1edd5bf5f4e40a0c5402b157a26b) Importer(2089858483,0ecaa5967403d082aa24f35e1b516d23)
Start importing Assets/Shaders/Shader Graphs_FirstShader 2.mat using Guid(cb6d1edd5bf5f4e40a0c5402b157a26b) Importer(2089858483,0ecaa5967403d082aa24f35e1b516d23) Generated GUIDs only implemented for interfaces!
 -> (artifact id: 'e0c3ac54f16106a8d78fc3824536ebda') in 0.020572 seconds
Number of updated asset objects reloaded before import = 0
Number of asset objects unloaded after import = 2
========================================================================
Received Import Request.
  Time since last request: 0.000011 seconds.
  path: Assets/Imports/Bitgem/StylisedWater/URP/Scripts/Bitgem/VFX/StylisedWater/WateverVolumeFloater.cs
  artifactKey: Guid(36aa02d38bb10b548bc7b8879596b15c) Importer(2089858483,0ecaa5967403d082aa24f35e1b516d23)
Start importing Assets/Imports/Bitgem/StylisedWater/URP/Scripts/Bitgem/VFX/StylisedWater/WateverVolumeFloater.cs using Guid(36aa02d38bb10b548bc7b8879596b15c) Importer(2089858483,0ecaa5967403d082aa24f35e1b516d23) Generated GUIDs only implemented for interfaces!
 -> (artifact id: '422dee282ab32f9a9325b6161e71245d') in 0.011649 seconds
Number of updated asset objects reloaded before import = 0
Number of asset objects unloaded after import = 1
========================================================================
Received Import Request.
  Time since last request: 0.000015 seconds.
  path: Assets/Imports/FantasyEnvironments/Environments/FBX/Mushroom3.fbx
  artifactKey: Guid(0c421294d0b14104aa75c717f70cd953) Importer(2089858483,0ecaa5967403d082aa24f35e1b516d23)
Start importing Assets/Imports/FantasyEnvironments/Environments/FBX/Mushroom3.fbx using Guid(0c421294d0b14104aa75c717f70cd953) Importer(2089858483,0ecaa5967403d082aa24f35e1b516d23) Generated GUIDs only implemented for interfaces!
 -> (artifact id: '46ba05895a51ff60712b46c77911d2c8') in 0.028552 seconds
Number of updated asset objects reloaded before import = 0
Number of asset objects unloaded after import = 7
========================================================================
Received Import Request.
  Time since last request: 0.000018 seconds.
  path: Assets/Imports/TerrainSampleAssets/Prefabs/Heather_A.prefab
  artifactKey: Guid(cce04f533c148314abf74aff71206ec7) Importer(2089858483,0ecaa5967403d082aa24f35e1b516d23)
Start importing Assets/Imports/TerrainSampleAssets/Prefabs/Heather_A.prefab using Guid(cce04f533c148314abf74aff71206ec7) Importer(2089858483,0ecaa5967403d082aa24f35e1b516d23) Generated GUIDs only implemented for interfaces!
 -> (artifact id: '30b7e7eea624e0d332c47e4f39cbb35d') in 0.012329 seconds
Number of updated asset objects reloaded before import = 0
Number of asset objects unloaded after import = 7
========================================================================
Received Import Request.
  Time since last request: 0.000012 seconds.
  path: Assets/Imports/TerrainSampleAssets/TerrainBrushes/Terrainstamp_Plateau03_Brush.brush
  artifactKey: Guid(387141d2bd04a10459d9a306ca45434f) Importer(2089858483,0ecaa5967403d082aa24f35e1b516d23)
Start importing Assets/Imports/TerrainSampleAssets/TerrainBrushes/Terrainstamp_Plateau03_Brush.brush using Guid(387141d2bd04a10459d9a306ca45434f) Importer(2089858483,0ecaa5967403d082aa24f35e1b516d23) Generated GUIDs only implemented for interfaces!
 -> (artifact id: '41130734b3a3f8f549a2e339671ffeda') in 0.017194 seconds
Number of updated asset objects reloaded before import = 0
Number of asset objects unloaded after import = 1
========================================================================
Received Import Request.
  Time since last request: 0.000012 seconds.
  path: Assets/Imports/TerrainSampleAssets/Models/BushDry_B.asset
  artifactKey: Guid(8d68c191594d5a24baee81cc22acf55b) Importer(2089858483,0ecaa5967403d082aa24f35e1b516d23)
Start importing Assets/Imports/TerrainSampleAssets/Models/BushDry_B.asset using Guid(8d68c191594d5a24baee81cc22acf55b) Importer(2089858483,0ecaa5967403d082aa24f35e1b516d23) Generated GUIDs only implemented for interfaces!
 -> (artifact id: 'ac181a9840248d51d8a696f5a8ea0ded') in 0.010820 seconds
Number of updated asset objects reloaded before import = 0
Number of asset objects unloaded after import = 1
========================================================================
Received Import Request.
  Time since last request: 0.000011 seconds.
  path: Assets/Imports/Fantasy Skybox FREE/Panoramics/FS002/FS002_Day.mat
  artifactKey: Guid(9ca22510633fbfd4399f1704cd9d5c72) Importer(2089858483,0ecaa5967403d082aa24f35e1b516d23)
Start importing Assets/Imports/Fantasy Skybox FREE/Panoramics/FS002/FS002_Day.mat using Guid(9ca22510633fbfd4399f1704cd9d5c72) Importer(2089858483,0ecaa5967403d082aa24f35e1b516d23) Generated GUIDs only implemented for interfaces!
 -> (artifact id: 'ed9ffe703b1105a8ab303de001188a73') in 0.020910 seconds
Number of updated asset objects reloaded before import = 0
Number of asset objects unloaded after import = 2
========================================================================
Received Import Request.
  Time since last request: 0.000012 seconds.
  path: Assets/Imports/TerrainSampleAssets/TerrainBrushes/Terrainstamp_Slope04_Brush.brush
  artifactKey: Guid(da7c572fc46d2a345963c4775ee9dc60) Importer(2089858483,0ecaa5967403d082aa24f35e1b516d23)
Start importing Assets/Imports/TerrainSampleAssets/TerrainBrushes/Terrainstamp_Slope04_Brush.brush using Guid(da7c572fc46d2a345963c4775ee9dc60) Importer(2089858483,0ecaa5967403d082aa24f35e1b516d23) Generated GUIDs only implemented for interfaces!
 -> (artifact id: 'c787545ac783e4b1a108b765b167d426') in 0.022796 seconds
Number of updated asset objects reloaded before import = 0
Number of asset objects unloaded after import = 1
========================================================================
Received Import Request.
  Time since last request: 0.000015 seconds.
  path: Assets/Imports/TerrainSampleAssets/Models/BushDry_A.asset
  artifactKey: Guid(3b8f934b79237034b816dfcc8369e9fb) Importer(2089858483,0ecaa5967403d082aa24f35e1b516d23)
Start importing Assets/Imports/TerrainSampleAssets/Models/BushDry_A.asset using Guid(3b8f934b79237034b816dfcc8369e9fb) Importer(2089858483,0ecaa5967403d082aa24f35e1b516d23) Generated GUIDs only implemented for interfaces!
 -> (artifact id: '5e8750473312529b6262d4b097a550ba') in 0.009421 seconds
Number of updated asset objects reloaded before import = 0
Number of asset objects unloaded after import = 1
========================================================================
Received Import Request.
  Time since last request: 0.000018 seconds.
  path: Assets/Imports/Fantasy Skybox FREE/Cubemaps/Classic/FS000_Day_06.png
  artifactKey: Guid(5dd1dab73acb80a4ca4a200b35ea95e2) Importer(2089858483,0ecaa5967403d082aa24f35e1b516d23)
Start importing Assets/Imports/Fantasy Skybox FREE/Cubemaps/Classic/FS000_Day_06.png using Guid(5dd1dab73acb80a4ca4a200b35ea95e2) Importer(2089858483,0ecaa5967403d082aa24f35e1b516d23) Generated GUIDs only implemented for interfaces!
 -> (artifact id: 'c25b58a7f1ce941d0a50f0214f4c284f') in 0.040560 seconds
Number of updated asset objects reloaded before import = 0
Number of asset objects unloaded after import = 1
========================================================================
Received Import Request.
  Time since last request: 0.000013 seconds.
  path: Assets/Imports/TerrainSampleAssets/ShaderGraphs/CustomFunctions/CustomLighting.hlsl
  artifactKey: Guid(5f245f896176c8142bea5666a89372dc) Importer(2089858483,0ecaa5967403d082aa24f35e1b516d23)
Start importing Assets/Imports/TerrainSampleAssets/ShaderGraphs/CustomFunctions/CustomLighting.hlsl using Guid(5f245f896176c8142bea5666a89372dc) Importer(2089858483,0ecaa5967403d082aa24f35e1b516d23) Generated GUIDs only implemented for interfaces!
 -> (artifact id: 'f08656625aebd1f098d1c2ed61914c40') in 0.011517 seconds
Number of updated asset objects reloaded before import = 0
Number of asset objects unloaded after import = 1
========================================================================
Received Import Request.
  Time since last request: 0.000013 seconds.
  path: Assets/Imports/FantasyEnvironments/Environments/FBX/Flower9.fbx
  artifactKey: Guid(49c71e5f6d76be64bbe1ea89f3483c38) Importer(2089858483,0ecaa5967403d082aa24f35e1b516d23)
Start importing Assets/Imports/FantasyEnvironments/Environments/FBX/Flower9.fbx using Guid(49c71e5f6d76be64bbe1ea89f3483c38) Importer(2089858483,0ecaa5967403d082aa24f35e1b516d23) Generated GUIDs only implemented for interfaces!
 -> (artifact id: 'b77245e57950778423d4fdbe24bb1ece') in 0.027803 seconds
Number of updated asset objects reloaded before import = 0
Number of asset objects unloaded after import = 7
========================================================================
Received Import Request.
  Time since last request: 0.000017 seconds.
  path: Assets/Imports/FantasyEnvironments/Environments/FBX/Stone3.fbx
  artifactKey: Guid(40f8bd6a7a4fd0546babb86424cedae4) Importer(2089858483,0ecaa5967403d082aa24f35e1b516d23)
Start importing Assets/Imports/FantasyEnvironments/Environments/FBX/Stone3.fbx using Guid(40f8bd6a7a4fd0546babb86424cedae4) Importer(2089858483,0ecaa5967403d082aa24f35e1b516d23) Generated GUIDs only implemented for interfaces!
 -> (artifact id: '5e4d10e33e1213d5b67a79688cbc2c5d') in 0.025858 seconds
Number of updated asset objects reloaded before import = 0
Number of asset objects unloaded after import = 20
========================================================================
Received Import Request.
  Time since last request: 0.000014 seconds.
  path: Assets/Imports/FantasyEnvironments/Environments/Town/FBXs/WoodenWall_Entrace.fbx
  artifactKey: Guid(d3f1ef51adbfaf942af8c9f8bb05ae94) Importer(2089858483,0ecaa5967403d082aa24f35e1b516d23)
Start importing Assets/Imports/FantasyEnvironments/Environments/Town/FBXs/WoodenWall_Entrace.fbx using Guid(d3f1ef51adbfaf942af8c9f8bb05ae94) Importer(2089858483,0ecaa5967403d082aa24f35e1b516d23) Generated GUIDs only implemented for interfaces!
 -> (artifact id: '1313e5c7507067f66ec683fa6c687d7b') in 0.034348 seconds
Number of updated asset objects reloaded before import = 0
Number of asset objects unloaded after import = 14
========================================================================
Received Import Request.
  Time since last request: 0.000025 seconds.
  path: Assets/Imports/FantasyEnvironments/Environments/FBX/Grass3.fbx
  artifactKey: Guid(ce04673c170c7494ab173abe6de6ae74) Importer(2089858483,0ecaa5967403d082aa24f35e1b516d23)
Start importing Assets/Imports/FantasyEnvironments/Environments/FBX/Grass3.fbx using Guid(ce04673c170c7494ab173abe6de6ae74) Importer(2089858483,0ecaa5967403d082aa24f35e1b516d23) Generated GUIDs only implemented for interfaces!
 -> (artifact id: 'bec4fe48941aad7b4a3a7ae7f23919ad') in 0.027557 seconds
Number of updated asset objects reloaded before import = 0
Number of asset objects unloaded after import = 7
========================================================================
Received Import Request.
  Time since last request: 0.000013 seconds.
  path: Assets/Imports/FantasyEnvironments/Environments/Ambient-Occlusion-Trees/Textures/Willow_bark.png
  artifactKey: Guid(240ce1d8a314c864fb44efc3c56a49a3) Importer(2089858483,0ecaa5967403d082aa24f35e1b516d23)
Start importing Assets/Imports/FantasyEnvironments/Environments/Ambient-Occlusion-Trees/Textures/Willow_bark.png using Guid(240ce1d8a314c864fb44efc3c56a49a3) Importer(2089858483,0ecaa5967403d082aa24f35e1b516d23) Generated GUIDs only implemented for interfaces!
 -> (artifact id: '99daec7477fec14c8dc4738ae6ad09c3') in 0.058918 seconds
Number of updated asset objects reloaded before import = 0
Number of asset objects unloaded after import = 1
========================================================================
Received Import Request.
  Time since last request: 0.000013 seconds.
  path: Assets/Imports/FantasyEnvironments/Environments/Town/Prefabs/cart1.prefab
  artifactKey: Guid(02c9d373237917847b636baad496fa95) Importer(2089858483,0ecaa5967403d082aa24f35e1b516d23)
Start importing Assets/Imports/FantasyEnvironments/Environments/Town/Prefabs/cart1.prefab using Guid(02c9d373237917847b636baad496fa95) Importer(2089858483,0ecaa5967403d082aa24f35e1b516d23) Generated GUIDs only implemented for interfaces!
 -> (artifact id: '93f34b15ffa4d31d6e382afdc5e42333') in 0.027856 seconds
Number of updated asset objects reloaded before import = 0
Number of asset objects unloaded after import = 25
========================================================================
Received Import Request.
  Time since last request: 0.000016 seconds.
  path: Assets/Imports/FantasyEnvironments/Environments/FBX/Fern1.FBX
  artifactKey: Guid(202470081ed91b548ba54d81817da0ab) Importer(2089858483,0ecaa5967403d082aa24f35e1b516d23)
Start importing Assets/Imports/FantasyEnvironments/Environments/FBX/Fern1.FBX using Guid(202470081ed91b548ba54d81817da0ab) Importer(2089858483,0ecaa5967403d082aa24f35e1b516d23) Generated GUIDs only implemented for interfaces!
 -> (artifact id: 'be9c68420fef4fb89d1b0b6cd715c624') in 0.032010 seconds
Number of updated asset objects reloaded before import = 0
Number of asset objects unloaded after import = 7
========================================================================
Received Import Request.
  Time since last request: 0.000015 seconds.
  path: Assets/Imports/FantasyEnvironments/Environments/Prefabs/Flower5.prefab
  artifactKey: Guid(cd03a41894dab5e49abe8481b9a4a630) Importer(2089858483,0ecaa5967403d082aa24f35e1b516d23)
Start importing Assets/Imports/FantasyEnvironments/Environments/Prefabs/Flower5.prefab using Guid(cd03a41894dab5e49abe8481b9a4a630) Importer(2089858483,0ecaa5967403d082aa24f35e1b516d23) Generated GUIDs only implemented for interfaces!
 -> (artifact id: '5761d6e5d0ab39ce5d47685ab464b2a9') in 0.016810 seconds
Number of updated asset objects reloaded before import = 0
Number of asset objects unloaded after import = 13
========================================================================
Received Import Request.
  Time since last request: 0.000018 seconds.
  path: Assets/Imports/FantasyEnvironments/Environments/Town/Prefabs/Furniture_table.prefab
  artifactKey: Guid(38ad5a2f65eba0845aa5440b825b5eb2) Importer(2089858483,0ecaa5967403d082aa24f35e1b516d23)
Start importing Assets/Imports/FantasyEnvironments/Environments/Town/Prefabs/Furniture_table.prefab using Guid(38ad5a2f65eba0845aa5440b825b5eb2) Importer(2089858483,0ecaa5967403d082aa24f35e1b516d23) Generated GUIDs only implemented for interfaces!
 -> (artifact id: 'e4925f6850444d95c5f712a23da6e089') in 0.017029 seconds
Number of updated asset objects reloaded before import = 0
Number of asset objects unloaded after import = 8
========================================================================
Received Import Request.
  Time since last request: 0.000017 seconds.
  path: Assets/Imports/FantasyEnvironments/Environments/Town/FBXs/cart3.fbx
  artifactKey: Guid(3fe567b2473c3e84b9ddf27a8f78d844) Importer(2089858483,0ecaa5967403d082aa24f35e1b516d23)
Start importing Assets/Imports/FantasyEnvironments/Environments/Town/FBXs/cart3.fbx using Guid(3fe567b2473c3e84b9ddf27a8f78d844) Importer(2089858483,0ecaa5967403d082aa24f35e1b516d23) Generated GUIDs only implemented for interfaces!
 -> (artifact id: 'f10d590183e263a5aac7a91dfba6e39f') in 0.034405 seconds
Number of updated asset objects reloaded before import = 0
Number of asset objects unloaded after import = 20
========================================================================
Received Import Request.
  Time since last request: 0.000015 seconds.
  path: Assets/Imports/FantasyEnvironments/Environments/Town/Prefabs/Tavern_door_room.prefab
  artifactKey: Guid(741095614d39ca449888df212e441190) Importer(2089858483,0ecaa5967403d082aa24f35e1b516d23)
Start importing Assets/Imports/FantasyEnvironments/Environments/Town/Prefabs/Tavern_door_room.prefab using Guid(741095614d39ca449888df212e441190) Importer(2089858483,0ecaa5967403d082aa24f35e1b516d23) Generated GUIDs only implemented for interfaces!
 -> (artifact id: '3890727117a15d7bea6bb7e6fa513358') in 0.023517 seconds
Number of updated asset objects reloaded before import = 0
Number of asset objects unloaded after import = 8
========================================================================
Received Import Request.
  Time since last request: 0.000017 seconds.
  path: Assets/Shaders/Shader Graphs_FirstShader 1.mat
  artifactKey: Guid(2a1c39ff6f2e51044a8d1b0b72b23e58) Importer(2089858483,0ecaa5967403d082aa24f35e1b516d23)
Start importing Assets/Shaders/Shader Graphs_FirstShader 1.mat using Guid(2a1c39ff6f2e51044a8d1b0b72b23e58) Importer(2089858483,0ecaa5967403d082aa24f35e1b516d23) Generated GUIDs only implemented for interfaces!
 -> (artifact id: 'bce3d6041f10891a0ce1c692657fe8a0') in 0.027829 seconds
Number of updated asset objects reloaded before import = 0
Number of asset objects unloaded after import = 2
========================================================================
Received Import Request.
  Time since last request: 0.000015 seconds.
  path: Assets/Imports/TerrainSampleAssets/Prefabs
  artifactKey: Guid(96d928f51cac350499225a93778e20cf) Importer(2089858483,0ecaa5967403d082aa24f35e1b516d23)
Start importing Assets/Imports/TerrainSampleAssets/Prefabs using Guid(96d928f51cac350499225a93778e20cf) Importer(2089858483,0ecaa5967403d082aa24f35e1b516d23) Generated GUIDs only implemented for interfaces!
 -> (artifact id: '9d20e5e9f05279416736744f7a4678ac') in 0.010476 seconds
Number of updated asset objects reloaded before import = 0
Number of asset objects unloaded after import = 1
========================================================================
Received Import Request.
  Time since last request: 0.000018 seconds.
  path: Assets/Imports/TerrainSampleAssets/Settings
  artifactKey: Guid(4a8e2c12196417f47b331e627f84ccea) Importer(2089858483,0ecaa5967403d082aa24f35e1b516d23)
Start importing Assets/Imports/TerrainSampleAssets/Settings using Guid(4a8e2c12196417f47b331e627f84ccea) Importer(2089858483,0ecaa5967403d082aa24f35e1b516d23) Generated GUIDs only implemented for interfaces!
 -> (artifact id: 'bac8d6a7f8da857a4688e96401ea6f16') in 0.013799 seconds
Number of updated asset objects reloaded before import = 0
Number of asset objects unloaded after import = 1
========================================================================
Received Import Request.
  Time since last request: 0.000015 seconds.
  path: Assets/Imports/TerrainSampleAssets/Textures/Details/Fern_MaskMap.tif
  artifactKey: Guid(d5a7b708862dd0a449b4bccbefdd2335) Importer(2089858483,0ecaa5967403d082aa24f35e1b516d23)
Start importing Assets/Imports/TerrainSampleAssets/Textures/Details/Fern_MaskMap.tif using Guid(d5a7b708862dd0a449b4bccbefdd2335) Importer(2089858483,0ecaa5967403d082aa24f35e1b516d23) Generated GUIDs only implemented for interfaces!
 -> (artifact id: 'eed8f4cbc8de5a49efe059730165602b') in 0.029316 seconds
Number of updated asset objects reloaded before import = 0
Number of asset objects unloaded after import = 1
========================================================================
Received Import Request.
  Time since last request: 0.000012 seconds.
  path: Assets/Imports/FantasyEnvironments/Environments/Town/FBXs/WoodenHouse_1.fbx
  artifactKey: Guid(f0134f935023c6f489a93c49e9e4b348) Importer(2089858483,0ecaa5967403d082aa24f35e1b516d23)
Start importing Assets/Imports/FantasyEnvironments/Environments/Town/FBXs/WoodenHouse_1.fbx using Guid(f0134f935023c6f489a93c49e9e4b348) Importer(2089858483,0ecaa5967403d082aa24f35e1b516d23) Generated GUIDs only implemented for interfaces!
 -> (artifact id: '777926784bbf2a111ff0d3fe4b4e0748') in 0.028043 seconds
Number of updated asset objects reloaded before import = 0
Number of asset objects unloaded after import = 25
========================================================================
Received Import Request.
  Time since last request: 0.000015 seconds.
  path: Assets/Imports/TerrainSampleAssets/TerrainBrushes/Terrainstamp_Mountain04_Brush.brush
  artifactKey: Guid(84399f7e9c8b199478532ded97f1ed9b) Importer(2089858483,0ecaa5967403d082aa24f35e1b516d23)
Start importing Assets/Imports/TerrainSampleAssets/TerrainBrushes/Terrainstamp_Mountain04_Brush.brush using Guid(84399f7e9c8b199478532ded97f1ed9b) Importer(2089858483,0ecaa5967403d082aa24f35e1b516d23) Generated GUIDs only implemented for interfaces!
 -> (artifact id: '1522992f8e1120748a8fee0cca918ad6') in 0.016319 seconds
Number of updated asset objects reloaded before import = 0
Number of asset objects unloaded after import = 1
========================================================================
Received Import Request.
  Time since last request: 0.000012 seconds.
  path: Assets/Imports/FantasyEnvironments/Environments/Town/Prefabs/Furniture_chair2.prefab
  artifactKey: Guid(1ff4556f964b9f0448c031a10afabb46) Importer(2089858483,0ecaa5967403d082aa24f35e1b516d23)
Start importing Assets/Imports/FantasyEnvironments/Environments/Town/Prefabs/Furniture_chair2.prefab using Guid(1ff4556f964b9f0448c031a10afabb46) Importer(2089858483,0ecaa5967403d082aa24f35e1b516d23) Generated GUIDs only implemented for interfaces!
 -> (artifact id: 'ae17bd8edbe8c3c7e9a44fff4710edfe') in 0.015860 seconds
Number of updated asset objects reloaded before import = 0
Number of asset objects unloaded after import = 8
========================================================================
Received Import Request.
  Time since last request: 0.000015 seconds.
  path: Assets/Imports/FantasyEnvironments/Environments/Town/FBXs/Food_bread_1.fbx
  artifactKey: Guid(b09d81ca300cb164eaafdabb28ebad28) Importer(2089858483,0ecaa5967403d082aa24f35e1b516d23)
Start importing Assets/Imports/FantasyEnvironments/Environments/Town/FBXs/Food_bread_1.fbx using Guid(b09d81ca300cb164eaafdabb28ebad28) Importer(2089858483,0ecaa5967403d082aa24f35e1b516d23) Generated GUIDs only implemented for interfaces!
 -> (artifact id: '95aaa3a9df244b7ad1f464038fd34039') in 0.026066 seconds
Number of updated asset objects reloaded before import = 0
Number of asset objects unloaded after import = 7
========================================================================
Received Import Request.
  Time since last request: 0.000023 seconds.
  path: Assets/Imports/TerrainSampleAssets/TerrainBrushes/Terrainstamp_Softpeaks01_Brush.brush
  artifactKey: Guid(7eae67bc3f75e02478ed0f5c2d4498cf) Importer(2089858483,0ecaa5967403d082aa24f35e1b516d23)
Start importing Assets/Imports/TerrainSampleAssets/TerrainBrushes/Terrainstamp_Softpeaks01_Brush.brush using Guid(7eae67bc3f75e02478ed0f5c2d4498cf) Importer(2089858483,0ecaa5967403d082aa24f35e1b516d23) Generated GUIDs only implemented for interfaces!
 -> (artifact id: 'b7f753adc2f039cf837863e0f146b95b') in 0.027716 seconds
Number of updated asset objects reloaded before import = 0
Number of asset objects unloaded after import = 1
========================================================================
Received Import Request.
  Time since last request: 0.000014 seconds.
  path: Assets/Imports/TerrainSampleAssets/Models/Plant_B.asset
  artifactKey: Guid(97025d35e5b57294f92451cbaf836c12) Importer(2089858483,0ecaa5967403d082aa24f35e1b516d23)
Start importing Assets/Imports/TerrainSampleAssets/Models/Plant_B.asset using Guid(97025d35e5b57294f92451cbaf836c12) Importer(2089858483,0ecaa5967403d082aa24f35e1b516d23) Generated GUIDs only implemented for interfaces!
 -> (artifact id: 'c6cd84099046ee155c61a473d73af16e') in 0.010842 seconds
Number of updated asset objects reloaded before import = 0
Number of asset objects unloaded after import = 1
========================================================================
Received Import Request.
  Time since last request: 0.000015 seconds.
  path: Assets/Imports/FantasyEnvironments/FX/CandleParticle.mat
  artifactKey: Guid(d3a726d39a1df3b49bcf49e5adb021b2) Importer(2089858483,0ecaa5967403d082aa24f35e1b516d23)
Start importing Assets/Imports/FantasyEnvironments/FX/CandleParticle.mat using Guid(d3a726d39a1df3b49bcf49e5adb021b2) Importer(2089858483,0ecaa5967403d082aa24f35e1b516d23) Generated GUIDs only implemented for interfaces!
 -> (artifact id: '86309ede2b7114e4c7b570598b00b71e') in 0.026240 seconds
Number of updated asset objects reloaded before import = 0
Number of asset objects unloaded after import = 2
========================================================================
Received Import Request.
  Time since last request: 0.000014 seconds.
  path: Assets/Imports/Bitgem
  artifactKey: Guid(e6149cd0dc0769f44ba30ff3ec4b6703) Importer(2089858483,0ecaa5967403d082aa24f35e1b516d23)
Start importing Assets/Imports/Bitgem using Guid(e6149cd0dc0769f44ba30ff3ec4b6703) Importer(2089858483,0ecaa5967403d082aa24f35e1b516d23) Generated GUIDs only implemented for interfaces!
 -> (artifact id: 'd3ea722555b517ce12ba4e7b110fd915') in 0.010456 seconds
Number of updated asset objects reloaded before import = 0
Number of asset objects unloaded after import = 1
========================================================================
Received Import Request.
  Time since last request: 0.000012 seconds.
  path: Assets/Imports/FantasyEnvironments/Environments/Textures/ground_soil.png
  artifactKey: Guid(4eeb42d9cb8e87846b2a380f2764ca66) Importer(2089858483,0ecaa5967403d082aa24f35e1b516d23)
Start importing Assets/Imports/FantasyEnvironments/Environments/Textures/ground_soil.png using Guid(4eeb42d9cb8e87846b2a380f2764ca66) Importer(2089858483,0ecaa5967403d082aa24f35e1b516d23) Generated GUIDs only implemented for interfaces!
 -> (artifact id: 'df18eefe4500b5eb4aea9d443409e78a') in 0.046900 seconds
Number of updated asset objects reloaded before import = 0
Number of asset objects unloaded after import = 1
========================================================================
Received Import Request.
  Time since last request: 0.000014 seconds.
  path: Assets/Imports/Bitgem/StylisedWater/URP/Meshes/example-scene-01.fbx
  artifactKey: Guid(55638e09f83bd764b9c7be381da6e240) Importer(2089858483,0ecaa5967403d082aa24f35e1b516d23)
Start importing Assets/Imports/Bitgem/StylisedWater/URP/Meshes/example-scene-01.fbx using Guid(55638e09f83bd764b9c7be381da6e240) Importer(2089858483,0ecaa5967403d082aa24f35e1b516d23) Generated GUIDs only implemented for interfaces!
 -> (artifact id: '8ccbbdf87b9686fb0f4d9137c20a46b5') in 0.023362 seconds
Number of updated asset objects reloaded before import = 0
Number of asset objects unloaded after import = 7
========================================================================
Received Import Request.
  Time since last request: 0.000024 seconds.
  path: Assets/Imports/FantasyEnvironments/Environments/Town/Materials/Plane.mat
  artifactKey: Guid(cbf52e5cacc06b4489a37f1e3c3db8fc) Importer(2089858483,0ecaa5967403d082aa24f35e1b516d23)
Start importing Assets/Imports/FantasyEnvironments/Environments/Town/Materials/Plane.mat using Guid(cbf52e5cacc06b4489a37f1e3c3db8fc) Importer(2089858483,0ecaa5967403d082aa24f35e1b516d23) Generated GUIDs only implemented for interfaces!
 -> (artifact id: '98d3444e10ed51f60bd9806a29ca0b61') in 0.027247 seconds
Number of updated asset objects reloaded before import = 0
Number of asset objects unloaded after import = 1
========================================================================
Received Import Request.
  Time since last request: 0.000021 seconds.
  path: Assets/Imports/FantasyEnvironments/Environments/Ambient-Occlusion-Trees/Prefabs/Oak_tree2.prefab
  artifactKey: Guid(97c810fbbe2577a45863f4be151b599b) Importer(2089858483,0ecaa5967403d082aa24f35e1b516d23)
Start importing Assets/Imports/FantasyEnvironments/Environments/Ambient-Occlusion-Trees/Prefabs/Oak_tree2.prefab using Guid(97c810fbbe2577a45863f4be151b599b) Importer(2089858483,0ecaa5967403d082aa24f35e1b516d23) Generated GUIDs only implemented for interfaces!
 -> (artifact id: '540a2040cee9775f6cc92fcbb57ad070') in 0.029304 seconds
Number of updated asset objects reloaded before import = 0
Number of asset objects unloaded after import = 8
========================================================================
Received Import Request.
  Time since last request: 0.000014 seconds.
  path: Assets/Imports/FantasyEnvironments/Environments/Town/FBXs/Wall_part2.fbx
  artifactKey: Guid(c55758792926c1e438a5a3230f8ae9a8) Importer(2089858483,0ecaa5967403d082aa24f35e1b516d23)
Start importing Assets/Imports/FantasyEnvironments/Environments/Town/FBXs/Wall_part2.fbx using Guid(c55758792926c1e438a5a3230f8ae9a8) Importer(2089858483,0ecaa5967403d082aa24f35e1b516d23) Generated GUIDs only implemented for interfaces!
 -> (artifact id: 'dc4f1365f0456d122b20fe051ce5286d') in 0.021945 seconds
Number of updated asset objects reloaded before import = 0
Number of asset objects unloaded after import = 14
========================================================================
Received Import Request.
  Time since last request: 0.000014 seconds.
  path: Assets/Imports/FantasyEnvironments/Environments/Ambient-Occlusion-Trees/Prefabs/Deciduous_tree_stump.prefab
  artifactKey: Guid(5a21074ccac8b1e40a90e2b16e16afa4) Importer(2089858483,0ecaa5967403d082aa24f35e1b516d23)
Start importing Assets/Imports/FantasyEnvironments/Environments/Ambient-Occlusion-Trees/Prefabs/Deciduous_tree_stump.prefab using Guid(5a21074ccac8b1e40a90e2b16e16afa4) Importer(2089858483,0ecaa5967403d082aa24f35e1b516d23) Generated GUIDs only implemented for interfaces!
 -> (artifact id: '8c7133c5ea23e30b9dc9df58971ed14a') in 0.016739 seconds
Number of updated asset objects reloaded before import = 0
Number of asset objects unloaded after import = 21
========================================================================
Received Import Request.
  Time since last request: 0.000017 seconds.
  path: Assets/Imports/FantasyEnvironments/Environments/Ambient-Occlusion-Trees/Prefabs/Birch_tree1.prefab
  artifactKey: Guid(47356d574ebc3a545bfaef26eb02a2ea) Importer(2089858483,0ecaa5967403d082aa24f35e1b516d23)
Start importing Assets/Imports/FantasyEnvironments/Environments/Ambient-Occlusion-Trees/Prefabs/Birch_tree1.prefab using Guid(47356d574ebc3a545bfaef26eb02a2ea) Importer(2089858483,0ecaa5967403d082aa24f35e1b516d23) Generated GUIDs only implemented for interfaces!
 -> (artifact id: '880f23e0471aa2a80c918520332f9a1d') in 0.013346 seconds
Number of updated asset objects reloaded before import = 0
Number of asset objects unloaded after import = 8
========================================================================
Received Import Request.
  Time since last request: 0.000022 seconds.
  path: Assets/Imports/FantasyEnvironments/Environments/Ambient-Occlusion-Trees/FBX/Deciduous_tree3.fbx
  artifactKey: Guid(7b2d8dd6419857e46a0d2b8599f9e4de) Importer(2089858483,0ecaa5967403d082aa24f35e1b516d23)
Start importing Assets/Imports/FantasyEnvironments/Environments/Ambient-Occlusion-Trees/FBX/Deciduous_tree3.fbx using Guid(7b2d8dd6419857e46a0d2b8599f9e4de) Importer(2089858483,0ecaa5967403d082aa24f35e1b516d23) Generated GUIDs only implemented for interfaces!
 -> (artifact id: '75aeb1acd8c36ee91531d610c99af903') in 0.026632 seconds
Number of updated asset objects reloaded before import = 0
Number of asset objects unloaded after import = 7
========================================================================
Received Import Request.
  Time since last request: 0.000013 seconds.
  path: Assets/Imports/FantasyEnvironments/Environments/FBX/Flower8.fbx
  artifactKey: Guid(08cc5c2c7dd9b644d8fa3ece3231d75b) Importer(2089858483,0ecaa5967403d082aa24f35e1b516d23)
Start importing Assets/Imports/FantasyEnvironments/Environments/FBX/Flower8.fbx using Guid(08cc5c2c7dd9b644d8fa3ece3231d75b) Importer(2089858483,0ecaa5967403d082aa24f35e1b516d23) Generated GUIDs only implemented for interfaces!
 -> (artifact id: 'c5f72cb44e14b3344a04385efe581e6f') in 0.026458 seconds
Number of updated asset objects reloaded before import = 0
Number of asset objects unloaded after import = 7
========================================================================
Received Import Request.
  Time since last request: 0.000015 seconds.
  path: Assets/Imports/TerrainSampleAssets/Prefabs/BushDry_A.prefab
  artifactKey: Guid(176a42107ce66c44aa74a67424591597) Importer(2089858483,0ecaa5967403d082aa24f35e1b516d23)
Start importing Assets/Imports/TerrainSampleAssets/Prefabs/BushDry_A.prefab using Guid(176a42107ce66c44aa74a67424591597) Importer(2089858483,0ecaa5967403d082aa24f35e1b516d23) Generated GUIDs only implemented for interfaces!
 -> (artifact id: 'befbc3ca6e3faf42f2bf4cd523339827') in 0.015248 seconds
Number of updated asset objects reloaded before import = 0
Number of asset objects unloaded after import = 7
========================================================================
Received Import Request.
  Time since last request: 0.000017 seconds.
  path: Assets/Imports/FantasyEnvironments/Environments/Town/Prefabs/TownGate.prefab
  artifactKey: Guid(4047ab01be7298e4e827f73bf31ba088) Importer(2089858483,0ecaa5967403d082aa24f35e1b516d23)
Start importing Assets/Imports/FantasyEnvironments/Environments/Town/Prefabs/TownGate.prefab using Guid(4047ab01be7298e4e827f73bf31ba088) Importer(2089858483,0ecaa5967403d082aa24f35e1b516d23) Generated GUIDs only implemented for interfaces!
 -> (artifact id: '76c280725e0a6e141f359f56dbb50dcd') in 0.020050 seconds
Number of updated asset objects reloaded before import = 0
Number of asset objects unloaded after import = 28
========================================================================
Received Import Request.
  Time since last request: 0.000015 seconds.
  path: Assets/Imports/FantasyEnvironments/Environments/Town/Materials/WoodenHouse.mat
  artifactKey: Guid(187e3a86d9543994591655cddac2db0a) Importer(2089858483,0ecaa5967403d082aa24f35e1b516d23)
Start importing Assets/Imports/FantasyEnvironments/Environments/Town/Materials/WoodenHouse.mat using Guid(187e3a86d9543994591655cddac2db0a) Importer(2089858483,0ecaa5967403d082aa24f35e1b516d23) Generated GUIDs only implemented for interfaces!
 -> (artifact id: '49f9f4a84169ed06c07ee9faf78b4eba') in 0.059010 seconds
Number of updated asset objects reloaded before import = 0
Number of asset objects unloaded after import = 2
========================================================================
Received Import Request.
  Time since last request: 0.000015 seconds.
  path: Assets/Imports/Fantasy Skybox FREE/Panoramics/FS017/FS017_Snowy.mat
  artifactKey: Guid(24d76106ebc1bd947a3fed862f899b82) Importer(2089858483,0ecaa5967403d082aa24f35e1b516d23)
Start importing Assets/Imports/Fantasy Skybox FREE/Panoramics/FS017/FS017_Snowy.mat using Guid(24d76106ebc1bd947a3fed862f899b82) Importer(2089858483,0ecaa5967403d082aa24f35e1b516d23) Generated GUIDs only implemented for interfaces!
 -> (artifact id: '7fad91238cfb53d8604b535d5cbcadf1') in 0.029638 seconds
Number of updated asset objects reloaded before import = 0
Number of asset objects unloaded after import = 2
========================================================================
Received Import Request.
  Time since last request: 0.000023 seconds.
  path: Assets/Imports/Fantasy Skybox FREE/Scenes
  artifactKey: Guid(9d20d945c0685494ba906e939e1dd86f) Importer(2089858483,0ecaa5967403d082aa24f35e1b516d23)
Start importing Assets/Imports/Fantasy Skybox FREE/Scenes using Guid(9d20d945c0685494ba906e939e1dd86f) Importer(2089858483,0ecaa5967403d082aa24f35e1b516d23) Generated GUIDs only implemented for interfaces!
 -> (artifact id: 'c02ad3d98cf02db373a370ebd10ea60e') in 0.010003 seconds
Number of updated asset objects reloaded before import = 0
Number of asset objects unloaded after import = 1
========================================================================
Received Import Request.
  Time since last request: 0.000011 seconds.
  path: Assets/Imports/TerrainSampleAssets/TerrainBrushes/Soft_Round_Brush.brush
  artifactKey: Guid(a757b66aa1cbcbe4595dd37a3729ba24) Importer(2089858483,0ecaa5967403d082aa24f35e1b516d23)
Start importing Assets/Imports/TerrainSampleAssets/TerrainBrushes/Soft_Round_Brush.brush using Guid(a757b66aa1cbcbe4595dd37a3729ba24) Importer(2089858483,0ecaa5967403d082aa24f35e1b516d23) Generated GUIDs only implemented for interfaces!
 -> (artifact id: 'f93ceb4bcec34e62f4318790e2443d4b') in 0.016736 seconds
Number of updated asset objects reloaded before import = 0
Number of asset objects unloaded after import = 1
========================================================================
Received Import Request.
  Time since last request: 0.000011 seconds.
  path: Assets/Imports/Fantasy Skybox FREE/Panoramics/FS017/FS017_Sunset.png
  artifactKey: Guid(89878140665978f4f9f27f55a61fb12d) Importer(2089858483,0ecaa5967403d082aa24f35e1b516d23)
Start importing Assets/Imports/Fantasy Skybox FREE/Panoramics/FS017/FS017_Sunset.png using Guid(89878140665978f4f9f27f55a61fb12d) Importer(2089858483,0ecaa5967403d082aa24f35e1b516d23) Generated GUIDs only implemented for interfaces!
 -> (artifact id: '5b8dc2710faac6dd351b6c5ef963a410') in 0.030888 seconds
Number of updated asset objects reloaded before import = 0
Number of asset objects unloaded after import = 1
========================================================================
Received Import Request.
  Time since last request: 0.000012 seconds.
  path: Assets/Imports/TerrainSampleAssets/TerrainBrushes/Terrainstamp_Hills02_Brush.brush
  artifactKey: Guid(f31e3331ec5f6954e8c6ac51cc3d8c79) Importer(2089858483,0ecaa5967403d082aa24f35e1b516d23)
Start importing Assets/Imports/TerrainSampleAssets/TerrainBrushes/Terrainstamp_Hills02_Brush.brush using Guid(f31e3331ec5f6954e8c6ac51cc3d8c79) Importer(2089858483,0ecaa5967403d082aa24f35e1b516d23) Generated GUIDs only implemented for interfaces!
 -> (artifact id: '67a355802323d341e2f1be522fe2c032') in 0.019083 seconds
Number of updated asset objects reloaded before import = 0
Number of asset objects unloaded after import = 1
========================================================================
Received Import Request.
  Time since last request: 0.000013 seconds.
  path: Assets/Imports/FantasyEnvironments/Environments/Ambient-Occlusion-Trees/Textures/Tree_leaves1.tga
  artifactKey: Guid(00ec082e8158e464497f0764cfdb848b) Importer(2089858483,0ecaa5967403d082aa24f35e1b516d23)
Start importing Assets/Imports/FantasyEnvironments/Environments/Ambient-Occlusion-Trees/Textures/Tree_leaves1.tga using Guid(00ec082e8158e464497f0764cfdb848b) Importer(2089858483,0ecaa5967403d082aa24f35e1b516d23) Generated GUIDs only implemented for interfaces!
 -> (artifact id: '7b579eafb6f7a006be3e2aa4876ad84f') in 0.028982 seconds
Number of updated asset objects reloaded before import = 0
Number of asset objects unloaded after import = 1
========================================================================
Received Import Request.
  Time since last request: 0.000026 seconds.
  path: Assets/Imports/FantasyEnvironments/Environments/Prefabs/Stone1_detail.prefab
  artifactKey: Guid(9f1468c423fda7e4988d5a9473b17de1) Importer(2089858483,0ecaa5967403d082aa24f35e1b516d23)
Start importing Assets/Imports/FantasyEnvironments/Environments/Prefabs/Stone1_detail.prefab using Guid(9f1468c423fda7e4988d5a9473b17de1) Importer(2089858483,0ecaa5967403d082aa24f35e1b516d23) Generated GUIDs only implemented for interfaces!
 -> (artifact id: '1dada6311935db6d3aaccbf282eef2e1') in 0.012427 seconds
Number of updated asset objects reloaded before import = 0
Number of asset objects unloaded after import = 13
========================================================================
Received Import Request.
  Time since last request: 0.000018 seconds.
  path: Assets/Imports/Fantasy Skybox FREE/Panoramics/FS017
  artifactKey: Guid(9ae9a043594a6d741a2956119b230b43) Importer(2089858483,0ecaa5967403d082aa24f35e1b516d23)
Start importing Assets/Imports/Fantasy Skybox FREE/Panoramics/FS017 using Guid(9ae9a043594a6d741a2956119b230b43) Importer(2089858483,0ecaa5967403d082aa24f35e1b516d23) Generated GUIDs only implemented for interfaces!
 -> (artifact id: '4ef1811f0b34d6b9e33a700a91861d39') in 0.009114 seconds
Number of updated asset objects reloaded before import = 0
Number of asset objects unloaded after import = 1
========================================================================
Received Import Request.
  Time since last request: 0.000011 seconds.
  path: Assets/Imports/FantasyEnvironments/Environments/FBX/Rye.fbx
  artifactKey: Guid(f802919791453ef45b015e34e9f53b23) Importer(2089858483,0ecaa5967403d082aa24f35e1b516d23)
Start importing Assets/Imports/FantasyEnvironments/Environments/FBX/Rye.fbx using Guid(f802919791453ef45b015e34e9f53b23) Importer(2089858483,0ecaa5967403d082aa24f35e1b516d23) Generated GUIDs only implemented for interfaces!
 -> (artifact id: '4d54cbd26693d61c977f544e8f053254') in 0.017495 seconds
Number of updated asset objects reloaded before import = 0
Number of asset objects unloaded after import = 7
========================================================================
Received Import Request.
  Time since last request: 0.000011 seconds.
  path: Assets/Imports/FantasyEnvironments/Environments/Town/FBXs/Food_bottle3.fbx
  artifactKey: Guid(7b8f2fbd635b4e241bd3e8e66eb076b6) Importer(2089858483,0ecaa5967403d082aa24f35e1b516d23)
Start importing Assets/Imports/FantasyEnvironments/Environments/Town/FBXs/Food_bottle3.fbx using Guid(7b8f2fbd635b4e241bd3e8e66eb076b6) Importer(2089858483,0ecaa5967403d082aa24f35e1b516d23) Generated GUIDs only implemented for interfaces!
 -> (artifact id: 'be3c0268ad4dd9ce2065f3d70cdfffa2') in 0.021589 seconds
Number of updated asset objects reloaded before import = 0
Number of asset objects unloaded after import = 7
========================================================================
Received Import Request.
  Time since last request: 0.000012 seconds.
  path: Assets/Imports/FantasyEnvironments/Environments/Town/Textures/Wall1.png
  artifactKey: Guid(f368627dbf4c8b644827642c33a47f0b) Importer(2089858483,0ecaa5967403d082aa24f35e1b516d23)
Start importing Assets/Imports/FantasyEnvironments/Environments/Town/Textures/Wall1.png using Guid(f368627dbf4c8b644827642c33a47f0b) Importer(2089858483,0ecaa5967403d082aa24f35e1b516d23) Generated GUIDs only implemented for interfaces!
 -> (artifact id: '824e4cb332e16b50e025c4e561e5e762') in 0.045817 seconds
Number of updated asset objects reloaded before import = 0
Number of asset objects unloaded after import = 1
========================================================================
Received Import Request.
  Time since last request: 0.000013 seconds.
  path: Assets/Imports/FantasyEnvironments/Environments/Town/FBXs/Furniture_cupboard1.fbx
  artifactKey: Guid(c08ab2844408b4e46a5c491fc7db19af) Importer(2089858483,0ecaa5967403d082aa24f35e1b516d23)
Start importing Assets/Imports/FantasyEnvironments/Environments/Town/FBXs/Furniture_cupboard1.fbx using Guid(c08ab2844408b4e46a5c491fc7db19af) Importer(2089858483,0ecaa5967403d082aa24f35e1b516d23) Generated GUIDs only implemented for interfaces!
 -> (artifact id: '03fe406b0f3bdca0127c3d29d16d6752') in 0.017351 seconds
Number of updated asset objects reloaded before import = 0
Number of asset objects unloaded after import = 7
========================================================================
Received Import Request.
  Time since last request: 0.000013 seconds.
  path: Assets/Imports/FantasyEnvironments/Environments/Town/Prefabs/Food_bottle5.prefab
  artifactKey: Guid(1bbaa2b4e9f38f247a679a48e7119852) Importer(2089858483,0ecaa5967403d082aa24f35e1b516d23)
Start importing Assets/Imports/FantasyEnvironments/Environments/Town/Prefabs/Food_bottle5.prefab using Guid(1bbaa2b4e9f38f247a679a48e7119852) Importer(2089858483,0ecaa5967403d082aa24f35e1b516d23) Generated GUIDs only implemented for interfaces!
 -> (artifact id: '04c8cc21798d4ede2c2e09fd1e412107') in 0.016900 seconds
Number of updated asset objects reloaded before import = 0
Number of asset objects unloaded after import = 7
========================================================================
Received Import Request.
  Time since last request: 0.000017 seconds.
  path: Assets/Imports/FantasyEnvironments/Environments/Ambient-Occlusion-Trees/Textures/Pine_bark.png
  artifactKey: Guid(a3904939c879c3b418dd77b69561edf3) Importer(2089858483,0ecaa5967403d082aa24f35e1b516d23)
Start importing Assets/Imports/FantasyEnvironments/Environments/Ambient-Occlusion-Trees/Textures/Pine_bark.png using Guid(a3904939c879c3b418dd77b69561edf3) Importer(2089858483,0ecaa5967403d082aa24f35e1b516d23) Generated GUIDs only implemented for interfaces!
 -> (artifact id: '031d34dfa2837968a2539101d646fbaa') in 0.040344 seconds
Number of updated asset objects reloaded before import = 0
Number of asset objects unloaded after import = 1
========================================================================
Received Import Request.
  Time since last request: 0.000011 seconds.
  path: Assets/Imports/FantasyEnvironments/Environments/Materials/Plant.mat
  artifactKey: Guid(7805f02cde847fa488989988fbc3d7eb) Importer(2089858483,0ecaa5967403d082aa24f35e1b516d23)
Start importing Assets/Imports/FantasyEnvironments/Environments/Materials/Plant.mat using Guid(7805f02cde847fa488989988fbc3d7eb) Importer(2089858483,0ecaa5967403d082aa24f35e1b516d23) Generated GUIDs only implemented for interfaces!
 -> (artifact id: 'bce55e98ea2fa8824a7cb781c20fca5f') in 0.035206 seconds
Number of updated asset objects reloaded before import = 0
Number of asset objects unloaded after import = 2
========================================================================
Received Import Request.
  Time since last request: 0.000013 seconds.
  path: Assets/Imports/FantasyEnvironments/Environments/FBX/Grass2.fbx
  artifactKey: Guid(927a32c231dd7f04b9fe0998737c0ee2) Importer(2089858483,0ecaa5967403d082aa24f35e1b516d23)
Start importing Assets/Imports/FantasyEnvironments/Environments/FBX/Grass2.fbx using Guid(927a32c231dd7f04b9fe0998737c0ee2) Importer(2089858483,0ecaa5967403d082aa24f35e1b516d23) Generated GUIDs only implemented for interfaces!
 -> (artifact id: '63bc083480f4a5dcbedcca1e2151b07c') in 0.025456 seconds
Number of updated asset objects reloaded before import = 0
Number of asset objects unloaded after import = 7
========================================================================
Received Import Request.
  Time since last request: 0.000016 seconds.
  path: Assets/Imports/FantasyEnvironments/Environments/Town/Prefabs/Tavern_interior_curtain.prefab
  artifactKey: Guid(223538b123a3d5a4ca03eeb7ae26c113) Importer(2089858483,0ecaa5967403d082aa24f35e1b516d23)
Start importing Assets/Imports/FantasyEnvironments/Environments/Town/Prefabs/Tavern_interior_curtain.prefab using Guid(223538b123a3d5a4ca03eeb7ae26c113) Importer(2089858483,0ecaa5967403d082aa24f35e1b516d23) Generated GUIDs only implemented for interfaces!
 -> (artifact id: 'ecf1339b0d75a6078a2e26b18cc2cd6d') in 0.013246 seconds
Number of updated asset objects reloaded before import = 0
Number of asset objects unloaded after import = 7
========================================================================
Received Import Request.
  Time since last request: 0.000011 seconds.
  path: Assets/Imports/FantasyEnvironments/Environments/Town/FBXs/WoodenWall_Corner.fbx
  artifactKey: Guid(58f48a0ad6298ea43bacce8e80bb1241) Importer(2089858483,0ecaa5967403d082aa24f35e1b516d23)
Start importing Assets/Imports/FantasyEnvironments/Environments/Town/FBXs/WoodenWall_Corner.fbx using Guid(58f48a0ad6298ea43bacce8e80bb1241) Importer(2089858483,0ecaa5967403d082aa24f35e1b516d23) Generated GUIDs only implemented for interfaces!
 -> (artifact id: '7ed402df4ac4909dd4e51bb439b555bb') in 0.018062 seconds
Number of updated asset objects reloaded before import = 0
Number of asset objects unloaded after import = 14
========================================================================
Received Import Request.
  Time since last request: 0.000013 seconds.
  path: Assets/Imports/FantasyEnvironments/Environments/Town/FBXs/Food_bowler.fbx
  artifactKey: Guid(77aeca3d1d4485642b474f0116ec7ce1) Importer(2089858483,0ecaa5967403d082aa24f35e1b516d23)
Start importing Assets/Imports/FantasyEnvironments/Environments/Town/FBXs/Food_bowler.fbx using Guid(77aeca3d1d4485642b474f0116ec7ce1) Importer(2089858483,0ecaa5967403d082aa24f35e1b516d23) Generated GUIDs only implemented for interfaces!
 -> (artifact id: '68f3d7b780d00959d87ccffb2c9f2306') in 0.024592 seconds
Number of updated asset objects reloaded before import = 0
Number of asset objects unloaded after import = 7
========================================================================
Received Import Request.
  Time since last request: 0.000035 seconds.
  path: Assets/Imports/FantasyEnvironments/Environments/FBX/Plant3.FBX
  artifactKey: Guid(0ebd81a74cccb734e8c5b1aa1620ba01) Importer(2089858483,0ecaa5967403d082aa24f35e1b516d23)
Start importing Assets/Imports/FantasyEnvironments/Environments/FBX/Plant3.FBX using Guid(0ebd81a74cccb734e8c5b1aa1620ba01) Importer(2089858483,0ecaa5967403d082aa24f35e1b516d23) Generated GUIDs only implemented for interfaces!
 -> (artifact id: 'dc930b04e08989e59688294ac6a257a3') in 0.016677 seconds
Number of updated asset objects reloaded before import = 0
Number of asset objects unloaded after import = 7
========================================================================
Received Import Request.
  Time since last request: 0.000012 seconds.
  path: Assets/Imports/FantasyEnvironments/Environments/Prefabs/Flower9.prefab
  artifactKey: Guid(296cd3b7478d68a4eaa772d9fd3ab3ed) Importer(2089858483,0ecaa5967403d082aa24f35e1b516d23)
Start importing Assets/Imports/FantasyEnvironments/Environments/Prefabs/Flower9.prefab using Guid(296cd3b7478d68a4eaa772d9fd3ab3ed) Importer(2089858483,0ecaa5967403d082aa24f35e1b516d23) Generated GUIDs only implemented for interfaces!
 -> (artifact id: '1c09ac47fed8384e06b8fac48f9ff6dc') in 0.012397 seconds
Number of updated asset objects reloaded before import = 0
Number of asset objects unloaded after import = 13
========================================================================
Received Import Request.
  Time since last request: 0.000011 seconds.
  path: Assets/Imports/FantasyEnvironments/Environments/Town/Materials/Tavern_interior.mat
  artifactKey: Guid(e062eef76f9c2d0489bb6e073d87eda0) Importer(2089858483,0ecaa5967403d082aa24f35e1b516d23)
Start importing Assets/Imports/FantasyEnvironments/Environments/Town/Materials/Tavern_interior.mat using Guid(e062eef76f9c2d0489bb6e073d87eda0) Importer(2089858483,0ecaa5967403d082aa24f35e1b516d23) Generated GUIDs only implemented for interfaces!
 -> (artifact id: 'b23c25c7fdba66c53cb037ad20018146') in 0.025055 seconds
Number of updated asset objects reloaded before import = 0
Number of asset objects unloaded after import = 3
========================================================================
Received Import Request.
  Time since last request: 0.000011 seconds.
  path: Assets/Imports/FantasyEnvironments/Environments/Town/FBXs/Furniture_book1.fbx
  artifactKey: Guid(d658de9eecaece74eb6367c7c970e85b) Importer(2089858483,0ecaa5967403d082aa24f35e1b516d23)
Start importing Assets/Imports/FantasyEnvironments/Environments/Town/FBXs/Furniture_book1.fbx using Guid(d658de9eecaece74eb6367c7c970e85b) Importer(2089858483,0ecaa5967403d082aa24f35e1b516d23) Generated GUIDs only implemented for interfaces!
 -> (artifact id: '760bef5935e4f9cab0a294256bf7cced') in 0.028779 seconds
Number of updated asset objects reloaded before import = 0
Number of asset objects unloaded after import = 7
========================================================================
Received Import Request.
  Time since last request: 0.001508 seconds.
  path: Assets/Imports/FantasyEnvironments/Environments/Ambient-Occlusion-Trees/Prefabs/Deciduous_tree1.prefab
  artifactKey: Guid(dc20bf501e8161b40859eb66568d49f6) Importer(2089858483,0ecaa5967403d082aa24f35e1b516d23)
Start importing Assets/Imports/FantasyEnvironments/Environments/Ambient-Occlusion-Trees/Prefabs/Deciduous_tree1.prefab using Guid(dc20bf501e8161b40859eb66568d49f6) Importer(2089858483,0ecaa5967403d082aa24f35e1b516d23) Generated GUIDs only implemented for interfaces!
 -> (artifact id: '205ff1c739c1efd231317602548ad07b') in 0.020992 seconds
Number of updated asset objects reloaded before import = 0
Number of asset objects unloaded after import = 8
========================================================================
Received Import Request.
  Time since last request: 0.000015 seconds.
  path: Assets/Imports/FantasyEnvironments/Environments/Prefabs/Flower8.prefab
  artifactKey: Guid(ea732816104f9474d83cbe0dbb7c4258) Importer(2089858483,0ecaa5967403d082aa24f35e1b516d23)
Start importing Assets/Imports/FantasyEnvironments/Environments/Prefabs/Flower8.prefab using Guid(ea732816104f9474d83cbe0dbb7c4258) Importer(2089858483,0ecaa5967403d082aa24f35e1b516d23) Generated GUIDs only implemented for interfaces!
 -> (artifact id: '3d95e04c94d50382ab8ac0c4b0226272') in 0.014107 seconds
Number of updated asset objects reloaded before import = 0
Number of asset objects unloaded after import = 13
========================================================================
Received Import Request.
  Time since last request: 0.000019 seconds.
  path: Assets/Imports/FantasyEnvironments/Environments/Prefabs/Rock1.prefab
  artifactKey: Guid(c07f24e35f07ce74ba43afa35d48adf7) Importer(2089858483,0ecaa5967403d082aa24f35e1b516d23)
Start importing Assets/Imports/FantasyEnvironments/Environments/Prefabs/Rock1.prefab using Guid(c07f24e35f07ce74ba43afa35d48adf7) Importer(2089858483,0ecaa5967403d082aa24f35e1b516d23) Generated GUIDs only implemented for interfaces!
 -> (artifact id: '1840edb66dea870e372e1e7b6cc90e1f') in 0.016526 seconds
Number of updated asset objects reloaded before import = 0
Number of asset objects unloaded after import = 8
========================================================================
Received Import Request.
  Time since last request: 0.000011 seconds.
  path: Assets/Imports/FantasyEnvironments/Environments/Ambient-Occlusion-Trees/FBX
  artifactKey: Guid(d1df0459dfe36a14c9db11e4677dd4dd) Importer(2089858483,0ecaa5967403d082aa24f35e1b516d23)
Start importing Assets/Imports/FantasyEnvironments/Environments/Ambient-Occlusion-Trees/FBX using Guid(d1df0459dfe36a14c9db11e4677dd4dd) Importer(2089858483,0ecaa5967403d082aa24f35e1b516d23) Generated GUIDs only implemented for interfaces!
 -> (artifact id: 'f00d8ee28783b76834594201cce0c3b2') in 0.010061 seconds
Number of updated asset objects reloaded before import = 0
Number of asset objects unloaded after import = 1
========================================================================
Received Import Request.
  Time since last request: 0.000013 seconds.
  path: Assets/Imports/FantasyEnvironments/Environments/Ambient-Occlusion-Trees/FBX/Pine_tree2.fbx
  artifactKey: Guid(8eb0c94e8654b4046a7fd7d747160db7) Importer(2089858483,0ecaa5967403d082aa24f35e1b516d23)
Start importing Assets/Imports/FantasyEnvironments/Environments/Ambient-Occlusion-Trees/FBX/Pine_tree2.fbx using Guid(8eb0c94e8654b4046a7fd7d747160db7) Importer(2089858483,0ecaa5967403d082aa24f35e1b516d23) Generated GUIDs only implemented for interfaces!
 -> (artifact id: '9a4f530a1f1067935c938877f22c0d06') in 0.020090 seconds
Number of updated asset objects reloaded before import = 0
Number of asset objects unloaded after import = 7
========================================================================
Received Import Request.
  Time since last request: 0.000038 seconds.
  path: Assets/Imports/FantasyEnvironments/Environments/Town/Prefabs/Tavern_doorR.prefab
  artifactKey: Guid(63c15379ba98d1349931cc354f5ae6d8) Importer(2089858483,0ecaa5967403d082aa24f35e1b516d23)
Start importing Assets/Imports/FantasyEnvironments/Environments/Town/Prefabs/Tavern_doorR.prefab using Guid(63c15379ba98d1349931cc354f5ae6d8) Importer(2089858483,0ecaa5967403d082aa24f35e1b516d23) Generated GUIDs only implemented for interfaces!
 -> (artifact id: '6671ea243f8c316ebe8c489d928f020e') in 0.016278 seconds
Number of updated asset objects reloaded before import = 0
Number of asset objects unloaded after import = 8
========================================================================
Received Import Request.
  Time since last request: 0.000011 seconds.
  path: Assets/Imports/FantasyEnvironments/Environments/Town/Textures/cart.png
  artifactKey: Guid(1aad33c896fb7c041bcf914fbf3b32e2) Importer(2089858483,0ecaa5967403d082aa24f35e1b516d23)
Start importing Assets/Imports/FantasyEnvironments/Environments/Town/Textures/cart.png using Guid(1aad33c896fb7c041bcf914fbf3b32e2) Importer(2089858483,0ecaa5967403d082aa24f35e1b516d23) Generated GUIDs only implemented for interfaces!
 -> (artifact id: 'd4ba89f71f8003f0b08a36feff827574') in 0.058378 seconds
Number of updated asset objects reloaded before import = 0
Number of asset objects unloaded after import = 1
========================================================================
Received Import Request.
  Time since last request: 0.000013 seconds.
  path: Assets/Imports/FantasyEnvironments/Environments/Town/Prefabs/storage_bag_beet.prefab
  artifactKey: Guid(01701cff1618c074ca4c37d49d60566f) Importer(2089858483,0ecaa5967403d082aa24f35e1b516d23)
Start importing Assets/Imports/FantasyEnvironments/Environments/Town/Prefabs/storage_bag_beet.prefab using Guid(01701cff1618c074ca4c37d49d60566f) Importer(2089858483,0ecaa5967403d082aa24f35e1b516d23) Generated GUIDs only implemented for interfaces!
 -> (artifact id: '65b8915cfb017a413cab85f6f8995093') in 0.016492 seconds
Number of updated asset objects reloaded before import = 0
Number of asset objects unloaded after import = 8
========================================================================
Received Import Request.
  Time since last request: 0.000017 seconds.
  path: Assets/Imports/FantasyEnvironments/Environments/Town/FBXs/Food_plate.fbx
  artifactKey: Guid(4a6b0185ae19ecd4d8ba4238c1d67e03) Importer(2089858483,0ecaa5967403d082aa24f35e1b516d23)
Start importing Assets/Imports/FantasyEnvironments/Environments/Town/FBXs/Food_plate.fbx using Guid(4a6b0185ae19ecd4d8ba4238c1d67e03) Importer(2089858483,0ecaa5967403d082aa24f35e1b516d23) Generated GUIDs only implemented for interfaces!
 -> (artifact id: 'c70cb78f1e69b0a340ec68e6031f6b9a') in 0.019255 seconds
Number of updated asset objects reloaded before import = 0
Number of asset objects unloaded after import = 7
========================================================================
Received Import Request.
  Time since last request: 0.000016 seconds.
  path: Assets/Imports/FantasyEnvironments/Environments/FBX/Plant1.fbx
  artifactKey: Guid(108b6bb4445826d4ba4f563d544c68f2) Importer(2089858483,0ecaa5967403d082aa24f35e1b516d23)
Start importing Assets/Imports/FantasyEnvironments/Environments/FBX/Plant1.fbx using Guid(108b6bb4445826d4ba4f563d544c68f2) Importer(2089858483,0ecaa5967403d082aa24f35e1b516d23) Generated GUIDs only implemented for interfaces!
 -> (artifact id: 'beff56aadc2a69614487d1379ae231a2') in 0.018212 seconds
Number of updated asset objects reloaded before import = 0
Number of asset objects unloaded after import = 7
========================================================================
Received Import Request.
  Time since last request: 0.000014 seconds.
  path: Assets/Imports/FantasyEnvironments/Environments/Prefabs/Grass2.prefab
  artifactKey: Guid(8e20bb73d6781f047a846b8e13553d15) Importer(2089858483,0ecaa5967403d082aa24f35e1b516d23)
Start importing Assets/Imports/FantasyEnvironments/Environments/Prefabs/Grass2.prefab using Guid(8e20bb73d6781f047a846b8e13553d15) Importer(2089858483,0ecaa5967403d082aa24f35e1b516d23) Generated GUIDs only implemented for interfaces!
 -> (artifact id: '3821d57feed2fe55c6a20097060cdbb1') in 0.014053 seconds
Number of updated asset objects reloaded before import = 0
Number of asset objects unloaded after import = 13
========================================================================
Received Import Request.
  Time since last request: 0.000011 seconds.
  path: Assets/Imports/FantasyEnvironments/Environments/Town/Prefabs/WoodenWall_GateL.prefab
  artifactKey: Guid(254d02d9b62c2ec4a82af8ba4cfd9c9e) Importer(2089858483,0ecaa5967403d082aa24f35e1b516d23)
Start importing Assets/Imports/FantasyEnvironments/Environments/Town/Prefabs/WoodenWall_GateL.prefab using Guid(254d02d9b62c2ec4a82af8ba4cfd9c9e) Importer(2089858483,0ecaa5967403d082aa24f35e1b516d23) Generated GUIDs only implemented for interfaces!
 -> (artifact id: 'e35fd7549c514d3edd09e950a5ef7307') in 0.017540 seconds
Number of updated asset objects reloaded before import = 0
Number of asset objects unloaded after import = 8
========================================================================
Received Import Request.
  Time since last request: 0.000012 seconds.
  path: Assets/Imports/FantasyEnvironments/Environments/Town/FBXs/Materials
  artifactKey: Guid(51745044a2a2762418fd8bd363906d2d) Importer(2089858483,0ecaa5967403d082aa24f35e1b516d23)
Start importing Assets/Imports/FantasyEnvironments/Environments/Town/FBXs/Materials using Guid(51745044a2a2762418fd8bd363906d2d) Importer(2089858483,0ecaa5967403d082aa24f35e1b516d23) Generated GUIDs only implemented for interfaces!
 -> (artifact id: 'f3543e4c802bc13e73b2494335367576') in 0.009496 seconds
Number of updated asset objects reloaded before import = 0
Number of asset objects unloaded after import = 1
========================================================================
Received Import Request.
  Time since last request: 0.000013 seconds.
  path: Assets/Imports/FantasyEnvironments/Environments/Town/Prefabs/WoodenWall_3.prefab
  artifactKey: Guid(1a23adb5512843d47b68a82e0cd05a60) Importer(2089858483,0ecaa5967403d082aa24f35e1b516d23)
Start importing Assets/Imports/FantasyEnvironments/Environments/Town/Prefabs/WoodenWall_3.prefab using Guid(1a23adb5512843d47b68a82e0cd05a60) Importer(2089858483,0ecaa5967403d082aa24f35e1b516d23) Generated GUIDs only implemented for interfaces!
 -> (artifact id: '2086ef1e68d8625a0951713cc58a36f3') in 0.014755 seconds
Number of updated asset objects reloaded before import = 0
Number of asset objects unloaded after import = 9
========================================================================
Received Import Request.
  Time since last request: 0.000016 seconds.
  path: Assets/Imports/FantasyEnvironments/Environments/Town/Prefabs/WoodenWall_TowerCorner.prefab
  artifactKey: Guid(64b9fdd8926ce144fbdc31c4044b55f1) Importer(2089858483,0ecaa5967403d082aa24f35e1b516d23)
Start importing Assets/Imports/FantasyEnvironments/Environments/Town/Prefabs/WoodenWall_TowerCorner.prefab using Guid(64b9fdd8926ce144fbdc31c4044b55f1) Importer(2089858483,0ecaa5967403d082aa24f35e1b516d23) Generated GUIDs only implemented for interfaces!
 -> (artifact id: '40c67c54bc8ec816205aa7cb914f1a21') in 0.016659 seconds
Number of updated asset objects reloaded before import = 0
Number of asset objects unloaded after import = 9
========================================================================
Received Import Request.
  Time since last request: 0.000012 seconds.
  path: Assets/Imports/FantasyEnvironments/Environments/Scenes/DemoScene.unity
  artifactKey: Guid(87ce07c59e66310498edef58e1f1d1ac) Importer(2089858483,0ecaa5967403d082aa24f35e1b516d23)
Start importing Assets/Imports/FantasyEnvironments/Environments/Scenes/DemoScene.unity using Guid(87ce07c59e66310498edef58e1f1d1ac) Importer(2089858483,0ecaa5967403d082aa24f35e1b516d23) Generated GUIDs only implemented for interfaces!
 -> (artifact id: '079c6acaa21835434922c7bb12973465') in 0.009113 seconds
Number of updated asset objects reloaded before import = 0
Number of asset objects unloaded after import = 1
========================================================================
Received Import Request.
  Time since last request: 0.000011 seconds.
  path: Assets/Imports/FantasyEnvironments/Environments/Town/FBXs/Food_corn.fbx
  artifactKey: Guid(92c7b0aac53fd3849b85868ed66d3ddf) Importer(2089858483,0ecaa5967403d082aa24f35e1b516d23)
Start importing Assets/Imports/FantasyEnvironments/Environments/Town/FBXs/Food_corn.fbx using Guid(92c7b0aac53fd3849b85868ed66d3ddf) Importer(2089858483,0ecaa5967403d082aa24f35e1b516d23) Generated GUIDs only implemented for interfaces!
 -> (artifact id: '9559476db9d7685b3d837abc184fe5f1') in 0.015815 seconds
Number of updated asset objects reloaded before import = 0
Number of asset objects unloaded after import = 7
========================================================================
Received Import Request.
  Time since last request: 0.000012 seconds.
  path: Assets/Imports/FantasyEnvironments/Environments/Town/Prefabs
  artifactKey: Guid(b8739a8b45a090e4b86ed9050953128c) Importer(2089858483,0ecaa5967403d082aa24f35e1b516d23)
Start importing Assets/Imports/FantasyEnvironments/Environments/Town/Prefabs using Guid(b8739a8b45a090e4b86ed9050953128c) Importer(2089858483,0ecaa5967403d082aa24f35e1b516d23) Generated GUIDs only implemented for interfaces!
 -> (artifact id: '5372e23a9e5416668086cc4195250653') in 0.009219 seconds
Number of updated asset objects reloaded before import = 0
Number of asset objects unloaded after import = 1
========================================================================
Received Import Request.
  Time since last request: 0.000014 seconds.
  path: Assets/Imports/FantasyEnvironments/Environments/Prefabs/Mushroom1.prefab
  artifactKey: Guid(33610b12665a8ba4ba227a51bf5ff3c2) Importer(2089858483,0ecaa5967403d082aa24f35e1b516d23)
Start importing Assets/Imports/FantasyEnvironments/Environments/Prefabs/Mushroom1.prefab using Guid(33610b12665a8ba4ba227a51bf5ff3c2) Importer(2089858483,0ecaa5967403d082aa24f35e1b516d23) Generated GUIDs only implemented for interfaces!
 -> (artifact id: '807d758fb0d902ca808e0db9c952887f') in 0.014607 seconds
Number of updated asset objects reloaded before import = 0
Number of asset objects unloaded after import = 13
========================================================================
Received Import Request.
  Time since last request: 0.000011 seconds.
  path: Assets/Imports/FantasyEnvironments/Environments/Ambient-Occlusion-Trees/FBX/Oak_tree3.fbx
  artifactKey: Guid(95e30b3d340bc2b43b08db538d847c0e) Importer(2089858483,0ecaa5967403d082aa24f35e1b516d23)
Start importing Assets/Imports/FantasyEnvironments/Environments/Ambient-Occlusion-Trees/FBX/Oak_tree3.fbx using Guid(95e30b3d340bc2b43b08db538d847c0e) Importer(2089858483,0ecaa5967403d082aa24f35e1b516d23) Generated GUIDs only implemented for interfaces!
 -> (artifact id: 'a731baa6f5214c0793df4f76443b6d2b') in 0.035681 seconds
Number of updated asset objects reloaded before import = 0
Number of asset objects unloaded after import = 7
========================================================================
Received Import Request.
  Time since last request: 0.000014 seconds.
  path: Assets/Imports/FantasyEnvironments/Environments/Town/FBXs/Furniture_bed.fbx
  artifactKey: Guid(d00d6d8552d1467469d7c5720fd4fcb4) Importer(2089858483,0ecaa5967403d082aa24f35e1b516d23)
Start importing Assets/Imports/FantasyEnvironments/Environments/Town/FBXs/Furniture_bed.fbx using Guid(d00d6d8552d1467469d7c5720fd4fcb4) Importer(2089858483,0ecaa5967403d082aa24f35e1b516d23) Generated GUIDs only implemented for interfaces!
 -> (artifact id: '6bfda92be56e8cd31a5abe9c8fc95982') in 0.023669 seconds
Number of updated asset objects reloaded before import = 0
Number of asset objects unloaded after import = 7
========================================================================
Received Import Request.
  Time since last request: 0.000020 seconds.
  path: Assets/Imports/FantasyEnvironments/Environments/Town
  artifactKey: Guid(db2b4259d7e30e94b854890bb3e46f68) Importer(2089858483,0ecaa5967403d082aa24f35e1b516d23)
Start importing Assets/Imports/FantasyEnvironments/Environments/Town using Guid(db2b4259d7e30e94b854890bb3e46f68) Importer(2089858483,0ecaa5967403d082aa24f35e1b516d23) Generated GUIDs only implemented for interfaces!
 -> (artifact id: 'd871ca6d59c9a49b8b52ef45cf3c3704') in 0.008517 seconds
Number of updated asset objects reloaded before import = 0
Number of asset objects unloaded after import = 1
========================================================================
Received Import Request.
  Time since last request: 0.000014 seconds.
  path: Assets/Imports/FantasyEnvironments/Environments/Ambient-Occlusion-Trees/Prefabs/Deciduous_tree4.prefab
  artifactKey: Guid(31503e1a3ea2c3049b62e31c4c6c9397) Importer(2089858483,0ecaa5967403d082aa24f35e1b516d23)
Start importing Assets/Imports/FantasyEnvironments/Environments/Ambient-Occlusion-Trees/Prefabs/Deciduous_tree4.prefab using Guid(31503e1a3ea2c3049b62e31c4c6c9397) Importer(2089858483,0ecaa5967403d082aa24f35e1b516d23) Generated GUIDs only implemented for interfaces!
 -> (artifact id: '0c36170e51882afcc880af41ffdccc57') in 0.023759 seconds
Number of updated asset objects reloaded before import = 0
Number of asset objects unloaded after import = 8
========================================================================
Received Import Request.
  Time since last request: 0.000012 seconds.
  path: Assets/Imports/FantasyEnvironments/Environments/Prefabs/Grass4.prefab
  artifactKey: Guid(c00784b589bee494b831054cc54dbf7b) Importer(2089858483,0ecaa5967403d082aa24f35e1b516d23)
Start importing Assets/Imports/FantasyEnvironments/Environments/Prefabs/Grass4.prefab using Guid(c00784b589bee494b831054cc54dbf7b) Importer(2089858483,0ecaa5967403d082aa24f35e1b516d23) Generated GUIDs only implemented for interfaces!
 -> (artifact id: '5d94857472735d56d4bbc7c8f8f35403') in 0.012705 seconds
Number of updated asset objects reloaded before import = 0
Number of asset objects unloaded after import = 13
========================================================================
Received Import Request.
  Time since last request: 0.000011 seconds.
  path: Assets/Imports/FantasyEnvironments/Environments/Prefabs/Grass3.prefab
  artifactKey: Guid(ea784f90c6a294d4c943e54ce9184fb2) Importer(2089858483,0ecaa5967403d082aa24f35e1b516d23)
Start importing Assets/Imports/FantasyEnvironments/Environments/Prefabs/Grass3.prefab using Guid(ea784f90c6a294d4c943e54ce9184fb2) Importer(2089858483,0ecaa5967403d082aa24f35e1b516d23) Generated GUIDs only implemented for interfaces!
 -> (artifact id: '531bb0e55ee8d9e1849e5f5405650e99') in 0.046171 seconds
Number of updated asset objects reloaded before import = 0
Number of asset objects unloaded after import = 13
========================================================================
Received Import Request.
  Time since last request: 0.000016 seconds.
  path: Assets/Imports/FantasyEnvironments/Environments/Town/FBXs/WoodenWall_Stairs.fbx
  artifactKey: Guid(0ecc3994c0fea4349b2f83c4e7476693) Importer(2089858483,0ecaa5967403d082aa24f35e1b516d23)
Start importing Assets/Imports/FantasyEnvironments/Environments/Town/FBXs/WoodenWall_Stairs.fbx using Guid(0ecc3994c0fea4349b2f83c4e7476693) Importer(2089858483,0ecaa5967403d082aa24f35e1b516d23) Generated GUIDs only implemented for interfaces!
 -> (artifact id: '7010c4f3f1b7a07ac8f707fc44bf96ba') in 0.024075 seconds
Number of updated asset objects reloaded before import = 0
Number of asset objects unloaded after import = 14
========================================================================
Received Import Request.
  Time since last request: 0.000014 seconds.
  path: Assets/Imports/FantasyEnvironments/Environments/Town/FBXs/Furniture_elixir1.fbx
  artifactKey: Guid(212c1558ca2f65a4096ec7667394c220) Importer(2089858483,0ecaa5967403d082aa24f35e1b516d23)
Start importing Assets/Imports/FantasyEnvironments/Environments/Town/FBXs/Furniture_elixir1.fbx using Guid(212c1558ca2f65a4096ec7667394c220) Importer(2089858483,0ecaa5967403d082aa24f35e1b516d23) Generated GUIDs only implemented for interfaces!
 -> (artifact id: 'a078a45a3dd5bbc831a7e6b2eaa9b03e') in 0.018744 seconds
Number of updated asset objects reloaded before import = 0
Number of asset objects unloaded after import = 7
========================================================================
Received Import Request.
  Time since last request: 0.000018 seconds.
  path: Assets/Imports/FantasyEnvironments/Environments/Prefabs/Plant5.prefab
  artifactKey: Guid(0e418186bde4c6d4ab2d787c4e5346db) Importer(2089858483,0ecaa5967403d082aa24f35e1b516d23)
Start importing Assets/Imports/FantasyEnvironments/Environments/Prefabs/Plant5.prefab using Guid(0e418186bde4c6d4ab2d787c4e5346db) Importer(2089858483,0ecaa5967403d082aa24f35e1b516d23) Generated GUIDs only implemented for interfaces!
 -> (artifact id: '147b4bb5e1e80362e4fb03917200d640') in 0.035349 seconds
Number of updated asset objects reloaded before import = 0
Number of asset objects unloaded after import = 13
========================================================================
Received Import Request.
  Time since last request: 0.002811 seconds.
  path: Assets/Imports/FantasyEnvironments/Environments/Ambient-Occlusion-Trees/Materials/Birch_leaves.mat
  artifactKey: Guid(6b7cbd10b1b54624aad174204ed5e57d) Importer(2089858483,0ecaa5967403d082aa24f35e1b516d23)
Start importing Assets/Imports/FantasyEnvironments/Environments/Ambient-Occlusion-Trees/Materials/Birch_leaves.mat using Guid(6b7cbd10b1b54624aad174204ed5e57d) Importer(2089858483,0ecaa5967403d082aa24f35e1b516d23) Generated GUIDs only implemented for interfaces!
 -> (artifact id: '996aded3ac5ae21de087400bddac6595') in 0.017401 seconds
Number of updated asset objects reloaded before import = 0
Number of asset objects unloaded after import = 2
========================================================================
Received Import Request.
  Time since last request: 0.000011 seconds.
  path: Assets/Imports/FantasyEnvironments/Environments/Ambient-Occlusion-Trees/Prefabs/Pine_stump.prefab
  artifactKey: Guid(ed5f82224b99b30438c4330a2dca3429) Importer(2089858483,0ecaa5967403d082aa24f35e1b516d23)
Start importing Assets/Imports/FantasyEnvironments/Environments/Ambient-Occlusion-Trees/Prefabs/Pine_stump.prefab using Guid(ed5f82224b99b30438c4330a2dca3429) Importer(2089858483,0ecaa5967403d082aa24f35e1b516d23) Generated GUIDs only implemented for interfaces!
 -> (artifact id: 'b13cd232e79b9ae11e9b5ded84f17a77') in 0.013655 seconds
Number of updated asset objects reloaded before import = 0
Number of asset objects unloaded after import = 24
========================================================================
Received Import Request.
  Time since last request: 0.000011 seconds.
  path: Assets/Imports/FantasyEnvironments/Environments/FBX/Fern2.fbx
  artifactKey: Guid(fedc4eac15fa34a4bbaef3f95241d6ba) Importer(2089858483,0ecaa5967403d082aa24f35e1b516d23)
Start importing Assets/Imports/FantasyEnvironments/Environments/FBX/Fern2.fbx using Guid(fedc4eac15fa34a4bbaef3f95241d6ba) Importer(2089858483,0ecaa5967403d082aa24f35e1b516d23) Generated GUIDs only implemented for interfaces!
 -> (artifact id: 'ba845819bfe82cd6e54d747350e8d913') in 0.023261 seconds
Number of updated asset objects reloaded before import = 0
Number of asset objects unloaded after import = 7
========================================================================
Received Import Request.
  Time since last request: 0.000031 seconds.
  path: Assets/Imports/FantasyEnvironments/Environments/Town/FBXs/Materials/Default.mat
  artifactKey: Guid(73c99939b2485324b9435cdcbfb7f0cc) Importer(2089858483,0ecaa5967403d082aa24f35e1b516d23)
Start importing Assets/Imports/FantasyEnvironments/Environments/Town/FBXs/Materials/Default.mat using Guid(73c99939b2485324b9435cdcbfb7f0cc) Importer(2089858483,0ecaa5967403d082aa24f35e1b516d23) Generated GUIDs only implemented for interfaces!
 -> (artifact id: '47bc77a5153959f456a717e318f86bf6') in 0.025212 seconds
Number of updated asset objects reloaded before import = 0
Number of asset objects unloaded after import = 1
========================================================================
Received Import Request.
  Time since last request: 0.000022 seconds.
  path: Assets/Imports/FantasyEnvironments/Environments/FBX/Rock1.fbx
  artifactKey: Guid(7e7c5a68504558b45bd9e9301d6c579b) Importer(2089858483,0ecaa5967403d082aa24f35e1b516d23)
Start importing Assets/Imports/FantasyEnvironments/Environments/FBX/Rock1.fbx using Guid(7e7c5a68504558b45bd9e9301d6c579b) Importer(2089858483,0ecaa5967403d082aa24f35e1b516d23) Generated GUIDs only implemented for interfaces!
 -> (artifact id: '3f42ba060fe616a921f849d5afffec79') in 0.020003 seconds
Number of updated asset objects reloaded before import = 0
Number of asset objects unloaded after import = 8
========================================================================
Received Import Request.
  Time since last request: 0.000014 seconds.
  path: Assets/Imports/FantasyEnvironments/Environments/Town/Prefabs/Wall_part2.prefab
  artifactKey: Guid(a397f10d7b785064e9d0f7b5ab603003) Importer(2089858483,0ecaa5967403d082aa24f35e1b516d23)
Start importing Assets/Imports/FantasyEnvironments/Environments/Town/Prefabs/Wall_part2.prefab using Guid(a397f10d7b785064e9d0f7b5ab603003) Importer(2089858483,0ecaa5967403d082aa24f35e1b516d23) Generated GUIDs only implemented for interfaces!
 -> (artifact id: '2776e844baecd333cad45ea9872a7ef7') in 0.026400 seconds
Number of updated asset objects reloaded before import = 0
Number of asset objects unloaded after import = 9
========================================================================
Received Import Request.
  Time since last request: 0.000012 seconds.
  path: Assets/Imports/FantasyEnvironments/Environments/Ambient-Occlusion-Trees/Prefabs/Oak_tree3.prefab
  artifactKey: Guid(deb3021f729059242af2e33c46ab5dfb) Importer(2089858483,0ecaa5967403d082aa24f35e1b516d23)
Start importing Assets/Imports/FantasyEnvironments/Environments/Ambient-Occlusion-Trees/Prefabs/Oak_tree3.prefab using Guid(deb3021f729059242af2e33c46ab5dfb) Importer(2089858483,0ecaa5967403d082aa24f35e1b516d23) Generated GUIDs only implemented for interfaces!
 -> (artifact id: 'ccd829c170e1e6f8206f48ac440422ca') in 0.013530 seconds
Number of updated asset objects reloaded before import = 0
Number of asset objects unloaded after import = 8
========================================================================
Received Import Request.
  Time since last request: 0.000011 seconds.
  path: Assets/Imports/FantasyEnvironments/Environments/Town/Textures/Furniture.png
  artifactKey: Guid(6ab69801fe5e2814f8557158d2a7a1c9) Importer(2089858483,0ecaa5967403d082aa24f35e1b516d23)
Start importing Assets/Imports/FantasyEnvironments/Environments/Town/Textures/Furniture.png using Guid(6ab69801fe5e2814f8557158d2a7a1c9) Importer(2089858483,0ecaa5967403d082aa24f35e1b516d23) Generated GUIDs only implemented for interfaces!
 -> (artifact id: 'a41ab6da47a5700d434abc36de042ceb') in 0.055954 seconds
Number of updated asset objects reloaded before import = 0
Number of asset objects unloaded after import = 1
========================================================================
Received Import Request.
  Time since last request: 0.000013 seconds.
  path: Assets/Samples/XR Hands/1.5.0/Gestures/Debug Tools/Prefabs/State UI Minimal.prefab
  artifactKey: Guid(77c23f27170d91e4e8cef7759e340a60) Importer(2089858483,0ecaa5967403d082aa24f35e1b516d23)
Start importing Assets/Samples/XR Hands/1.5.0/Gestures/Debug Tools/Prefabs/State UI Minimal.prefab using Guid(77c23f27170d91e4e8cef7759e340a60) Importer(2089858483,0ecaa5967403d082aa24f35e1b516d23) Generated GUIDs only implemented for interfaces!
 -> (artifact id: '5bfd446fe7f1bd69dc1fbff6ba3c0332') in 0.041909 seconds
Number of updated asset objects reloaded before import = 0
Number of asset objects unloaded after import = 52
========================================================================
Received Import Request.
  Time since last request: 0.000021 seconds.
  path: Assets/XR/Settings/XRSimulationSettings.asset
  artifactKey: Guid(cb082e955d3fa774f993f1edb8cd86a2) Importer(2089858483,0ecaa5967403d082aa24f35e1b516d23)
Start importing Assets/XR/Settings/XRSimulationSettings.asset using Guid(cb082e955d3fa774f993f1edb8cd86a2) Importer(2089858483,0ecaa5967403d082aa24f35e1b516d23) Generated GUIDs only implemented for interfaces!
 -> (artifact id: 'a857e0c4dde9d953c5bc1ceecb38540b') in 0.012450 seconds
Number of updated asset objects reloaded before import = 0
Number of asset objects unloaded after import = 1
========================================================================
Received Import Request.
  Time since last request: 0.000014 seconds.
  path: Assets/Samples/XR Hands/1.5.0/Gestures/Debug Tools/Sprites/Gesture Icons/Palm up_R_Icon.png
  artifactKey: Guid(b3c57adc27467054bb5fa9e2665fee84) Importer(2089858483,0ecaa5967403d082aa24f35e1b516d23)
Start importing Assets/Samples/XR Hands/1.5.0/Gestures/Debug Tools/Sprites/Gesture Icons/Palm up_R_Icon.png using Guid(b3c57adc27467054bb5fa9e2665fee84) Importer(2089858483,0ecaa5967403d082aa24f35e1b516d23) Generated GUIDs only implemented for interfaces!
 -> (artifact id: 'ef70fb9130b77d8c8b4ad145fa750a9c') in 0.029081 seconds
Number of updated asset objects reloaded before import = 0
Number of asset objects unloaded after import = 3
========================================================================
Received Import Request.
  Time since last request: 0.000012 seconds.
  path: Assets/Samples/XR Hands/1.5.0/Gestures/Debug Tools/Sprites/FullCurl_Icon.png
  artifactKey: Guid(9755dc0d0aa4f2048ab14497c25d2c18) Importer(2089858483,0ecaa5967403d082aa24f35e1b516d23)
Start importing Assets/Samples/XR Hands/1.5.0/Gestures/Debug Tools/Sprites/FullCurl_Icon.png using Guid(9755dc0d0aa4f2048ab14497c25d2c18) Importer(2089858483,0ecaa5967403d082aa24f35e1b516d23) Generated GUIDs only implemented for interfaces!
 -> (artifact id: '17d596c115e1ebc0260d421b1f0d5ddd') in 0.026992 seconds
Number of updated asset objects reloaded before import = 0
Number of asset objects unloaded after import = 3
========================================================================
Received Import Request.
  Time since last request: 0.000013 seconds.
  path: Assets/Samples/XR Hands/1.5.0/Gestures/Examples/Scripts
  artifactKey: Guid(aa11dbc1054979a498c98c61ccb253a0) Importer(2089858483,0ecaa5967403d082aa24f35e1b516d23)
Start importing Assets/Samples/XR Hands/1.5.0/Gestures/Examples/Scripts using Guid(aa11dbc1054979a498c98c61ccb253a0) Importer(2089858483,0ecaa5967403d082aa24f35e1b516d23) Generated GUIDs only implemented for interfaces!
 -> (artifact id: '41d15f40fa662dd485de7cbdb3e7b23b') in 0.009171 seconds
Number of updated asset objects reloaded before import = 0
Number of asset objects unloaded after import = 1
========================================================================
Received Import Request.
  Time since last request: 0.000012 seconds.
  path: Assets/Resources/OVRPlatformToolSettings.asset
  artifactKey: Guid(3468be21c322cd243a50e6d1287cf652) Importer(2089858483,0ecaa5967403d082aa24f35e1b516d23)
Start importing Assets/Resources/OVRPlatformToolSettings.asset using Guid(3468be21c322cd243a50e6d1287cf652) Importer(2089858483,0ecaa5967403d082aa24f35e1b516d23) Generated GUIDs only implemented for interfaces!
 -> (artifact id: '00995bf323a254969da84fabe734cae5') in 0.014357 seconds
Number of updated asset objects reloaded before import = 0
Number of asset objects unloaded after import = 1
========================================================================
Received Import Request.
  Time since last request: 0.000014 seconds.
  path: Assets/Samples/XR Hands/1.5.0/Gestures/Debug Tools/Sprites/Right_Handedness_Icon.png
  artifactKey: Guid(f1b4d52d3b07a4248a1b03ae72fa2b2f) Importer(2089858483,0ecaa5967403d082aa24f35e1b516d23)
Start importing Assets/Samples/XR Hands/1.5.0/Gestures/Debug Tools/Sprites/Right_Handedness_Icon.png using Guid(f1b4d52d3b07a4248a1b03ae72fa2b2f) Importer(2089858483,0ecaa5967403d082aa24f35e1b516d23) Generated GUIDs only implemented for interfaces!
 -> (artifact id: 'f0c53ea4e9eab3c6dc8edf9894a2e8df') in 0.036048 seconds
Number of updated asset objects reloaded before import = 0
Number of asset objects unloaded after import = 3
========================================================================
Received Import Request.
  Time since last request: 0.000052 seconds.
  path: Assets/Samples/XR Hands/1.5.0/Gestures/Debug Tools/Prefabs/Finger States UI Minimal.prefab
  artifactKey: Guid(0cfe0a91d2aff844ba244f0cbbb07624) Importer(2089858483,0ecaa5967403d082aa24f35e1b516d23)
Start importing Assets/Samples/XR Hands/1.5.0/Gestures/Debug Tools/Prefabs/Finger States UI Minimal.prefab using Guid(0cfe0a91d2aff844ba244f0cbbb07624) Importer(2089858483,0ecaa5967403d082aa24f35e1b516d23) Generated GUIDs only implemented for interfaces!
 -> (artifact id: '111f4991c5a6c3d08615846339533398') in 0.047079 seconds
Number of updated asset objects reloaded before import = 0
Number of asset objects unloaded after import = 407
========================================================================
Received Import Request.
  Time since last request: 0.000012 seconds.
  path: Assets/Samples/XR Hands/1.5.0/Gestures/Debug Tools/Sprites/Gesture Icons/Thumbs up_L_Icon.png
  artifactKey: Guid(f66d28640857c634f955ddd5ae75c891) Importer(2089858483,0ecaa5967403d082aa24f35e1b516d23)
Start importing Assets/Samples/XR Hands/1.5.0/Gestures/Debug Tools/Sprites/Gesture Icons/Thumbs up_L_Icon.png using Guid(f66d28640857c634f955ddd5ae75c891) Importer(2089858483,0ecaa5967403d082aa24f35e1b516d23) Generated GUIDs only implemented for interfaces!
 -> (artifact id: '0047fff088611224d17cd19c65d1ad24') in 0.028656 seconds
Number of updated asset objects reloaded before import = 0
Number of asset objects unloaded after import = 3
========================================================================
Received Import Request.
  Time since last request: 0.000012 seconds.
  path: Assets/XR/UserSimulationSettings/SimulationEnvironmentAssetsManager.asset
  artifactKey: Guid(312b33eb09ef38141a8938650ab0608f) Importer(2089858483,0ecaa5967403d082aa24f35e1b516d23)
Start importing Assets/XR/UserSimulationSettings/SimulationEnvironmentAssetsManager.asset using Guid(312b33eb09ef38141a8938650ab0608f) Importer(2089858483,0ecaa5967403d082aa24f35e1b516d23) Generated GUIDs only implemented for interfaces!
 -> (artifact id: 'ba1d9f5a8572a7a192e19b1dd2f2d6a3') in 0.018323 seconds
Number of updated asset objects reloaded before import = 0
Number of asset objects unloaded after import = 1
========================================================================
Received Import Request.
  Time since last request: 0.000011 seconds.
  path: Assets/Imports/FantasyEnvironments/Environments/Town/Prefabs/Food_pie.prefab
  artifactKey: Guid(5e37f2527168a124bb04323a0011992d) Importer(2089858483,0ecaa5967403d082aa24f35e1b516d23)
Start importing Assets/Imports/FantasyEnvironments/Environments/Town/Prefabs/Food_pie.prefab using Guid(5e37f2527168a124bb04323a0011992d) Importer(2089858483,0ecaa5967403d082aa24f35e1b516d23) Generated GUIDs only implemented for interfaces!
 -> (artifact id: '1cc87772fbb5b7757c2d46a17aeb0b39') in 0.014000 seconds
Number of updated asset objects reloaded before import = 0
Number of asset objects unloaded after import = 7
========================================================================
Received Import Request.
  Time since last request: 0.000012 seconds.
  path: Assets/Samples/XR Hands/1.5.0/Gestures/Examples/Hand Poses/Thumbs Down.asset
  artifactKey: Guid(c3992a46bbdfb1c4d9446ec269f778bd) Importer(2089858483,0ecaa5967403d082aa24f35e1b516d23)
Start importing Assets/Samples/XR Hands/1.5.0/Gestures/Examples/Hand Poses/Thumbs Down.asset using Guid(c3992a46bbdfb1c4d9446ec269f778bd) Importer(2089858483,0ecaa5967403d082aa24f35e1b516d23) Generated GUIDs only implemented for interfaces!
 -> (artifact id: 'f3cd123b615c57856a00e833fbe990c1') in 0.011073 seconds
Number of updated asset objects reloaded before import = 0
Number of asset objects unloaded after import = 2
========================================================================
Received Import Request.
  Time since last request: 0.000013 seconds.
  path: Assets/Imports/FantasyEnvironments/Environments/Town/FBXs/Furniture_chair2.fbx
  artifactKey: Guid(d4bb0d60770f74d47ac9ee2900a729ad) Importer(2089858483,0ecaa5967403d082aa24f35e1b516d23)
Start importing Assets/Imports/FantasyEnvironments/Environments/Town/FBXs/Furniture_chair2.fbx using Guid(d4bb0d60770f74d47ac9ee2900a729ad) Importer(2089858483,0ecaa5967403d082aa24f35e1b516d23) Generated GUIDs only implemented for interfaces!
 -> (artifact id: 'fe5d8ef4bb9d69d2fcbd76212b7f977b') in 0.018313 seconds
Number of updated asset objects reloaded before import = 0
Number of asset objects unloaded after import = 7
========================================================================
Received Import Request.
  Time since last request: 0.000032 seconds.
  path: Assets/Imports/FantasyEnvironments/Environments/Town/FBXs/WoodenHouse_shutter_R_L.fbx
  artifactKey: Guid(5e84e9e07df990b429661cad7d1c57a5) Importer(2089858483,0ecaa5967403d082aa24f35e1b516d23)
Start importing Assets/Imports/FantasyEnvironments/Environments/Town/FBXs/WoodenHouse_shutter_R_L.fbx using Guid(5e84e9e07df990b429661cad7d1c57a5) Importer(2089858483,0ecaa5967403d082aa24f35e1b516d23) Generated GUIDs only implemented for interfaces!
 -> (artifact id: '0ed1284b705fb6d0d72fd7f14709f838') in 0.022698 seconds
Number of updated asset objects reloaded before import = 0
Number of asset objects unloaded after import = 7
========================================================================
Received Import Request.
  Time since last request: 0.000011 seconds.
  path: Assets/Imports/FantasyEnvironments/Environments/Town/FBXs/Furniture_elixir2.fbx
  artifactKey: Guid(d23048b98b3799c4081da9abd3a980df) Importer(2089858483,0ecaa5967403d082aa24f35e1b516d23)
Start importing Assets/Imports/FantasyEnvironments/Environments/Town/FBXs/Furniture_elixir2.fbx using Guid(d23048b98b3799c4081da9abd3a980df) Importer(2089858483,0ecaa5967403d082aa24f35e1b516d23) Generated GUIDs only implemented for interfaces!
 -> (artifact id: '143168e671543cc0d1b1c6cbffd429d6') in 0.014880 seconds
Number of updated asset objects reloaded before import = 0
Number of asset objects unloaded after import = 7
========================================================================
Received Import Request.
  Time since last request: 0.000012 seconds.
  path: Assets/Samples/XR Hands/1.5.0/Gestures/Debug Tools/Sprites/Gesture Icons/Fist_R_Icon.png
  artifactKey: Guid(0668286cb4eff4f4e831b1d3e2f6d19d) Importer(2089858483,0ecaa5967403d082aa24f35e1b516d23)
Start importing Assets/Samples/XR Hands/1.5.0/Gestures/Debug Tools/Sprites/Gesture Icons/Fist_R_Icon.png using Guid(0668286cb4eff4f4e831b1d3e2f6d19d) Importer(2089858483,0ecaa5967403d082aa24f35e1b516d23) Generated GUIDs only implemented for interfaces!
 -> (artifact id: 'dfbc101bd2b6fb61054d23a199a7dc96') in 0.027207 seconds
Number of updated asset objects reloaded before import = 0
Number of asset objects unloaded after import = 3
========================================================================
Received Import Request.
  Time since last request: 0.000011 seconds.
  path: Assets/Imports/FantasyEnvironments/Environments/Town/Prefabs/Food_bottle2.prefab
  artifactKey: Guid(b75b3cb7eaba7754b829ddd2b23b2f78) Importer(2089858483,0ecaa5967403d082aa24f35e1b516d23)
Start importing Assets/Imports/FantasyEnvironments/Environments/Town/Prefabs/Food_bottle2.prefab using Guid(b75b3cb7eaba7754b829ddd2b23b2f78) Importer(2089858483,0ecaa5967403d082aa24f35e1b516d23) Generated GUIDs only implemented for interfaces!
 -> (artifact id: '5bc078c478f61b019a07868e7e380a2c') in 0.012707 seconds
Number of updated asset objects reloaded before import = 0
Number of asset objects unloaded after import = 7
========================================================================
Received Import Request.
  Time since last request: 0.000011 seconds.
  path: Assets/Imports/FantasyEnvironments/Environments/Town/Prefabs/Tavern_interior_lamp.prefab
  artifactKey: Guid(4751505b5c956c442b19187f1b69b3e8) Importer(2089858483,0ecaa5967403d082aa24f35e1b516d23)
Start importing Assets/Imports/FantasyEnvironments/Environments/Town/Prefabs/Tavern_interior_lamp.prefab using Guid(4751505b5c956c442b19187f1b69b3e8) Importer(2089858483,0ecaa5967403d082aa24f35e1b516d23) Generated GUIDs only implemented for interfaces!
 -> (artifact id: '9407d028e8f7b30d00d839025357a51f') in 0.019140 seconds
Number of updated asset objects reloaded before import = 0
Number of asset objects unloaded after import = 7
========================================================================
Received Import Request.
  Time since last request: 0.000057 seconds.
  path: Assets/Imports/FantasyEnvironments/Environments/Town/Textures/Tavern.png
  artifactKey: Guid(21e63b43828563d42a986350e548224d) Importer(2089858483,0ecaa5967403d082aa24f35e1b516d23)
Start importing Assets/Imports/FantasyEnvironments/Environments/Town/Textures/Tavern.png using Guid(21e63b43828563d42a986350e548224d) Importer(2089858483,0ecaa5967403d082aa24f35e1b516d23) Generated GUIDs only implemented for interfaces!
 -> (artifact id: '0dfbfbd9ee557fc89bc306209bcfc920') in 0.043841 seconds
Number of updated asset objects reloaded before import = 0
Number of asset objects unloaded after import = 1
========================================================================
Received Import Request.
  Time since last request: 0.000019 seconds.
  path: Assets/Samples/XR Hands/1.5.0/Gestures/Debug Tools/Sprites/Gesture Icons/Thumbs up_R_Icon.png
  artifactKey: Guid(43090abb8311a024d8db60bf7b89dc65) Importer(2089858483,0ecaa5967403d082aa24f35e1b516d23)
Start importing Assets/Samples/XR Hands/1.5.0/Gestures/Debug Tools/Sprites/Gesture Icons/Thumbs up_R_Icon.png using Guid(43090abb8311a024d8db60bf7b89dc65) Importer(2089858483,0ecaa5967403d082aa24f35e1b516d23) Generated GUIDs only implemented for interfaces!
 -> (artifact id: 'e095f5ecba6e0b9ef137a8868f68ccd2') in 0.031556 seconds
Number of updated asset objects reloaded before import = 0
Number of asset objects unloaded after import = 3
========================================================================
Received Import Request.
  Time since last request: 0.000011 seconds.
  path: Assets/Imports/Hovl Studio/Magic effects pack/Prefabs/Character auras/Love aura.prefab
  artifactKey: Guid(43d1d06cf70fcb2488255051aaae40a5) Importer(2089858483,0ecaa5967403d082aa24f35e1b516d23)
Start importing Assets/Imports/Hovl Studio/Magic effects pack/Prefabs/Character auras/Love aura.prefab using Guid(43d1d06cf70fcb2488255051aaae40a5) Importer(2089858483,0ecaa5967403d082aa24f35e1b516d23) Generated GUIDs only implemented for interfaces!
 -> (artifact id: '29f1ec30995e7485b6539276ab5c4001') in 0.068496 seconds
Number of updated asset objects reloaded before import = 0
Number of asset objects unloaded after import = 14
========================================================================
Received Import Request.
  Time since last request: 0.000012 seconds.
  path: Assets/Imports/Hovl Studio/Magic effects pack/Prefabs/AoE effects/Plexus AoE.prefab
  artifactKey: Guid(709b0bd6b0b625249a98409dd7a87343) Importer(2089858483,0ecaa5967403d082aa24f35e1b516d23)
Start importing Assets/Imports/Hovl Studio/Magic effects pack/Prefabs/AoE effects/Plexus AoE.prefab using Guid(709b0bd6b0b625249a98409dd7a87343) Importer(2089858483,0ecaa5967403d082aa24f35e1b516d23) Generated GUIDs only implemented for interfaces!
 -> (artifact id: 'b29e5e15dce82642bbb8ae42233d4635') in 0.055834 seconds
Number of updated asset objects reloaded before import = 0
Number of asset objects unloaded after import = 31
========================================================================
Received Import Request.
  Time since last request: 0.000013 seconds.
  path: Assets/Samples/XR Hands/1.5.0/Gestures/Debug Tools/Sprites/RoundedCornerBackground.png
  artifactKey: Guid(d75122932746a5941b752ab1308e913e) Importer(2089858483,0ecaa5967403d082aa24f35e1b516d23)
Start importing Assets/Samples/XR Hands/1.5.0/Gestures/Debug Tools/Sprites/RoundedCornerBackground.png using Guid(d75122932746a5941b752ab1308e913e) Importer(2089858483,0ecaa5967403d082aa24f35e1b516d23) Generated GUIDs only implemented for interfaces!
 -> (artifact id: '297e97579144e0fef3485cd7b8b8c93a') in 0.028662 seconds
Number of updated asset objects reloaded before import = 0
Number of asset objects unloaded after import = 3
========================================================================
Received Import Request.
  Time since last request: 0.004710 seconds.
  path: Assets/Samples/XR Hands/1.5.0/Gestures/Debug Tools/Sprites/FingerStateUI/FingerStateUI_Icon_CheckMark.png
  artifactKey: Guid(5fcda67ce0c1c4e419332d6e88173aee) Importer(2089858483,0ecaa5967403d082aa24f35e1b516d23)
Start importing Assets/Samples/XR Hands/1.5.0/Gestures/Debug Tools/Sprites/FingerStateUI/FingerStateUI_Icon_CheckMark.png using Guid(5fcda67ce0c1c4e419332d6e88173aee) Importer(2089858483,0ecaa5967403d082aa24f35e1b516d23) Generated GUIDs only implemented for interfaces!
 -> (artifact id: 'cd606ca6c738472a337566c6bd6ed6a6') in 0.028198 seconds
Number of updated asset objects reloaded before import = 0
Number of asset objects unloaded after import = 3
========================================================================
Received Import Request.
  Time since last request: 0.009396 seconds.
  path: Assets/Samples/XR Hands/1.5.0/Gestures/Debug Tools/Materials/Background.mat
  artifactKey: Guid(209bad0ea20ee1642942ed8c9c45e3a5) Importer(2089858483,0ecaa5967403d082aa24f35e1b516d23)
Start importing Assets/Samples/XR Hands/1.5.0/Gestures/Debug Tools/Materials/Background.mat using Guid(209bad0ea20ee1642942ed8c9c45e3a5) Importer(2089858483,0ecaa5967403d082aa24f35e1b516d23) Generated GUIDs only implemented for interfaces!
 -> (artifact id: 'f9844984a7ddfb239ed46fd3fb3c24e3') in 0.017932 seconds
Number of updated asset objects reloaded before import = 0
Number of asset objects unloaded after import = 1
========================================================================
Received Import Request.
  Time since last request: 0.000014 seconds.
  path: Assets/Imports/Hovl Studio/Magic effects pack/Textures/Stone.png
  artifactKey: Guid(ad3c6deb60874964aa592b7f1458ac54) Importer(2089858483,0ecaa5967403d082aa24f35e1b516d23)
Start importing Assets/Imports/Hovl Studio/Magic effects pack/Textures/Stone.png using Guid(ad3c6deb60874964aa592b7f1458ac54) Importer(2089858483,0ecaa5967403d082aa24f35e1b516d23) Generated GUIDs only implemented for interfaces!
 -> (artifact id: '72a44e80bc696c707c9a300c5942bf4a') in 0.025726 seconds
Number of updated asset objects reloaded before import = 0
Number of asset objects unloaded after import = 1
========================================================================
Received Import Request.
  Time since last request: 0.018369 seconds.
  path: Assets/Samples/XR Hands/1.5.0/Gestures/Debug Tools/Sprites/FingerStateUI/FingerStateUI_Icon_Cross.png
  artifactKey: Guid(66e863f819ab1cb4690f5c214dec8df0) Importer(2089858483,0ecaa5967403d082aa24f35e1b516d23)
Start importing Assets/Samples/XR Hands/1.5.0/Gestures/Debug Tools/Sprites/FingerStateUI/FingerStateUI_Icon_Cross.png using Guid(66e863f819ab1cb4690f5c214dec8df0) Importer(2089858483,0ecaa5967403d082aa24f35e1b516d23) Generated GUIDs only implemented for interfaces!
 -> (artifact id: '14346d9a2a4d98eafa577066d1dede64') in 0.022464 seconds
Number of updated asset objects reloaded before import = 0
Number of asset objects unloaded after import = 3
========================================================================
Received Import Request.
  Time since last request: 0.000016 seconds.
  path: Assets/Samples/XR Hands/1.5.0/Gestures/Debug Tools/Scripts
  artifactKey: Guid(88ac680bf84b77a429291d1d9b332839) Importer(2089858483,0ecaa5967403d082aa24f35e1b516d23)
Start importing Assets/Samples/XR Hands/1.5.0/Gestures/Debug Tools/Scripts using Guid(88ac680bf84b77a429291d1d9b332839) Importer(2089858483,0ecaa5967403d082aa24f35e1b516d23) Generated GUIDs only implemented for interfaces!
 -> (artifact id: '80dac21e1d8621ce10c99e15f751f57c') in 0.008378 seconds
Number of updated asset objects reloaded before import = 0
Number of asset objects unloaded after import = 1
========================================================================
Received Import Request.
  Time since last request: 0.000019 seconds.
  path: Assets/Imports/Hovl Studio/Magic effects pack/Demo scene/ReflectionProbe-0.exr
  artifactKey: Guid(b437cf6f67f5f1c4e9f1876cbbb8aceb) Importer(2089858483,0ecaa5967403d082aa24f35e1b516d23)
Start importing Assets/Imports/Hovl Studio/Magic effects pack/Demo scene/ReflectionProbe-0.exr using Guid(b437cf6f67f5f1c4e9f1876cbbb8aceb) Importer(2089858483,0ecaa5967403d082aa24f35e1b516d23) Generated GUIDs only implemented for interfaces!
 -> (artifact id: '4d7720e881f88895b968265104f2c43b') in 0.028719 seconds
Number of updated asset objects reloaded before import = 0
Number of asset objects unloaded after import = 1
========================================================================
Received Import Request.
  Time since last request: 0.000012 seconds.
  path: Assets/Samples/XR Hands/1.5.0/Gestures/HandGestures.unity
  artifactKey: Guid(cd792f2302b8b6f4c9f264e2a4503e15) Importer(2089858483,0ecaa5967403d082aa24f35e1b516d23)
Start importing Assets/Samples/XR Hands/1.5.0/Gestures/HandGestures.unity using Guid(cd792f2302b8b6f4c9f264e2a4503e15) Importer(2089858483,0ecaa5967403d082aa24f35e1b516d23) Generated GUIDs only implemented for interfaces!
 -> (artifact id: '0a44e5a6360610744957fa13443a033b') in 0.009069 seconds
Number of updated asset objects reloaded before import = 0
Number of asset objects unloaded after import = 1
========================================================================
Received Import Request.
  Time since last request: 0.000012 seconds.
  path: Assets/Imports/Hovl Studio/Magic effects pack/Demo scene/Demo fire 1Settings.lighting
  artifactKey: Guid(cc583a507aec7d7468e37b31623c7b2d) Importer(2089858483,0ecaa5967403d082aa24f35e1b516d23)
Start importing Assets/Imports/Hovl Studio/Magic effects pack/Demo scene/Demo fire 1Settings.lighting using Guid(cc583a507aec7d7468e37b31623c7b2d) Importer(2089858483,0ecaa5967403d082aa24f35e1b516d23) LightingSettings: switching bake backend from 1 to 0.
Generated GUIDs only implemented for interfaces!
 -> (artifact id: '05283de8e9ba5535d5e319394c974c9b') in 0.042842 seconds
Number of updated asset objects reloaded before import = 0
Number of asset objects unloaded after import = 1
========================================================================
Received Import Request.
  Time since last request: 0.000014 seconds.
  path: Assets/Imports/Hovl Studio/Magic effects pack/Prefabs/AoE effects/Snow AOE.prefab
  artifactKey: Guid(05ce920d629922a4eb4795ef7494ce5c) Importer(2089858483,0ecaa5967403d082aa24f35e1b516d23)
Start importing Assets/Imports/Hovl Studio/Magic effects pack/Prefabs/AoE effects/Snow AOE.prefab using Guid(05ce920d629922a4eb4795ef7494ce5c) Importer(2089858483,0ecaa5967403d082aa24f35e1b516d23) Generated GUIDs only implemented for interfaces!
 -> (artifact id: '6e23b3ae00a7cfa84229ad3ab3a7226b') in 0.067936 seconds
Number of updated asset objects reloaded before import = 0
Number of asset objects unloaded after import = 35
========================================================================
Received Import Request.
  Time since last request: 0.000014 seconds.
  path: Assets/Imports/Hovl Studio/Magic effects pack/Prefabs/Hits and explosions/Snow hit.prefab
  artifactKey: Guid(0edef91621bb6b34384ccc9dbb98729c) Importer(2089858483,0ecaa5967403d082aa24f35e1b516d23)
Start importing Assets/Imports/Hovl Studio/Magic effects pack/Prefabs/Hits and explosions/Snow hit.prefab using Guid(0edef91621bb6b34384ccc9dbb98729c) Importer(2089858483,0ecaa5967403d082aa24f35e1b516d23) Generated GUIDs only implemented for interfaces!
 -> (artifact id: '83752dce4f8cdba1208a4fc490a5bbed') in 0.050053 seconds
Number of updated asset objects reloaded before import = 0
Number of asset objects unloaded after import = 22
========================================================================
Received Import Request.
  Time since last request: 0.000018 seconds.
  path: Assets/Imports/Hovl Studio/Magic effects pack/Materials/MagicCircle2.mat
  artifactKey: Guid(b56ee68f36d76a648a742b6874f4d4a4) Importer(2089858483,0ecaa5967403d082aa24f35e1b516d23)
Start importing Assets/Imports/Hovl Studio/Magic effects pack/Materials/MagicCircle2.mat using Guid(b56ee68f36d76a648a742b6874f4d4a4) Importer(2089858483,0ecaa5967403d082aa24f35e1b516d23) Generated GUIDs only implemented for interfaces!
 -> (artifact id: 'eb7d75ca33bb4e03d0b14af6ee63259c') in 0.021061 seconds
Number of updated asset objects reloaded before import = 0
Number of asset objects unloaded after import = 2
========================================================================
Received Import Request.
  Time since last request: 0.000012 seconds.
  path: Assets/Imports/Hovl Studio/Magic effects pack/Prefabs/Character auras/Star aura.prefab
  artifactKey: Guid(354b6251e950209409c75ab984acf000) Importer(2089858483,0ecaa5967403d082aa24f35e1b516d23)
Start importing Assets/Imports/Hovl Studio/Magic effects pack/Prefabs/Character auras/Star aura.prefab using Guid(354b6251e950209409c75ab984acf000) Importer(2089858483,0ecaa5967403d082aa24f35e1b516d23) Generated GUIDs only implemented for interfaces!
 -> (artifact id: 'a20b9b5687fd476572ea920b6ffb32f7') in 0.055912 seconds
Number of updated asset objects reloaded before import = 0
Number of asset objects unloaded after import = 14
========================================================================
Received Import Request.
  Time since last request: 0.000012 seconds.
  path: Assets/Imports/Hovl Studio/Magic effects pack/Prefabs/AoE effects
  artifactKey: Guid(f0e78b2e61a2b2f40bf0a0be9e842772) Importer(2089858483,0ecaa5967403d082aa24f35e1b516d23)
Start importing Assets/Imports/Hovl Studio/Magic effects pack/Prefabs/AoE effects using Guid(f0e78b2e61a2b2f40bf0a0be9e842772) Importer(2089858483,0ecaa5967403d082aa24f35e1b516d23) Generated GUIDs only implemented for interfaces!
 -> (artifact id: 'a057437b550921b953c47110a0765b5e') in 0.009104 seconds
Number of updated asset objects reloaded before import = 0
Number of asset objects unloaded after import = 1
========================================================================
Received Import Request.
  Time since last request: 0.000011 seconds.
  path: Assets/Imports/Hovl Studio/Magic effects pack/Prefabs/AoE effects/Laser AOE.prefab
  artifactKey: Guid(4d3c8045dd8857a4b8d34c2361c61045) Importer(2089858483,0ecaa5967403d082aa24f35e1b516d23)
Start importing Assets/Imports/Hovl Studio/Magic effects pack/Prefabs/AoE effects/Laser AOE.prefab using Guid(4d3c8045dd8857a4b8d34c2361c61045) Importer(2089858483,0ecaa5967403d082aa24f35e1b516d23) Generated GUIDs only implemented for interfaces!
 -> (artifact id: 'ebfd337bb1bc68b8281d6c2cbdf3ec95') in 0.067454 seconds
Number of updated asset objects reloaded before import = 0
Number of asset objects unloaded after import = 48
========================================================================
Received Import Request.
  Time since last request: 0.000014 seconds.
  path: Assets/Imports/Hovl Studio/Resources/Settings
  artifactKey: Guid(f06604279c095ca4f9d12f8d8fca844f) Importer(2089858483,0ecaa5967403d082aa24f35e1b516d23)
Start importing Assets/Imports/Hovl Studio/Resources/Settings using Guid(f06604279c095ca4f9d12f8d8fca844f) Importer(2089858483,0ecaa5967403d082aa24f35e1b516d23) Generated GUIDs only implemented for interfaces!
 -> (artifact id: 'fa9b20e66638fc72462a4bbcc91fffe3') in 0.008315 seconds
Number of updated asset objects reloaded before import = 0
Number of asset objects unloaded after import = 1
========================================================================
Received Import Request.
  Time since last request: 0.000017 seconds.
  path: Assets/Imports/Hovl Studio/Magic effects pack/Prefabs/Magic shields/Magic shield blue.prefab
  artifactKey: Guid(b99922c2f59b1a542bdd06ae8bee47ae) Importer(2089858483,0ecaa5967403d082aa24f35e1b516d23)
Start importing Assets/Imports/Hovl Studio/Magic effects pack/Prefabs/Magic shields/Magic shield blue.prefab using Guid(b99922c2f59b1a542bdd06ae8bee47ae) Importer(2089858483,0ecaa5967403d082aa24f35e1b516d23) Generated GUIDs only implemented for interfaces!
 -> (artifact id: '6a10703912107a2dd4f6181b90df7f66') in 0.059423 seconds
Number of updated asset objects reloaded before import = 0
Number of asset objects unloaded after import = 18
========================================================================
Received Import Request.
  Time since last request: 0.000018 seconds.
  path: Assets/Imports/Hovl Studio/Magic effects pack/Materials/Gradient2.mat
  artifactKey: Guid(60b5f02ed06fd6c44a405760cd19e59a) Importer(2089858483,0ecaa5967403d082aa24f35e1b516d23)
Start importing Assets/Imports/Hovl Studio/Magic effects pack/Materials/Gradient2.mat using Guid(60b5f02ed06fd6c44a405760cd19e59a) Importer(2089858483,0ecaa5967403d082aa24f35e1b516d23) Generated GUIDs only implemented for interfaces!
 -> (artifact id: 'b9bb71612c88e9c3f679d56010e548ea') in 0.013392 seconds
Number of updated asset objects reloaded before import = 0
Number of asset objects unloaded after import = 2
========================================================================
Received Import Request.
  Time since last request: 0.000017 seconds.
  path: Assets/Imports/Hovl Studio/Magic effects pack/Materials/Gradient.mat
  artifactKey: Guid(2ae196836e3f6ce438e93e246a6ab900) Importer(2089858483,0ecaa5967403d082aa24f35e1b516d23)
Start importing Assets/Imports/Hovl Studio/Magic effects pack/Materials/Gradient.mat using Guid(2ae196836e3f6ce438e93e246a6ab900) Importer(2089858483,0ecaa5967403d082aa24f35e1b516d23) Generated GUIDs only implemented for interfaces!
 -> (artifact id: '093dcabaeefe0ee66a0d455418b06a3a') in 0.015199 seconds
Number of updated asset objects reloaded before import = 0
Number of asset objects unloaded after import = 2
========================================================================
Received Import Request.
  Time since last request: 0.000012 seconds.
  path: Assets/Imports/Hovl Studio/Magic effects pack/Prefabs/Slash effects/Snow slash.prefab
  artifactKey: Guid(ca6705a3f9070d14d819d179493bcfa0) Importer(2089858483,0ecaa5967403d082aa24f35e1b516d23)
Start importing Assets/Imports/Hovl Studio/Magic effects pack/Prefabs/Slash effects/Snow slash.prefab using Guid(ca6705a3f9070d14d819d179493bcfa0) Importer(2089858483,0ecaa5967403d082aa24f35e1b516d23) Generated GUIDs only implemented for interfaces!
 -> (artifact id: 'bab95eda61472b2bc79702c0097cfebe') in 0.056902 seconds
Number of updated asset objects reloaded before import = 0
Number of asset objects unloaded after import = 18
========================================================================
Received Import Request.
  Time since last request: 0.000013 seconds.
  path: Assets/Imports/Hovl Studio/Magic effects pack/Prefabs/AoE effects/Meteors AOE.prefab
  artifactKey: Guid(3355f6bfa6db8b24281b827de929694c) Importer(2089858483,0ecaa5967403d082aa24f35e1b516d23)
Start importing Assets/Imports/Hovl Studio/Magic effects pack/Prefabs/AoE effects/Meteors AOE.prefab using Guid(3355f6bfa6db8b24281b827de929694c) Importer(2089858483,0ecaa5967403d082aa24f35e1b516d23) Generated GUIDs only implemented for interfaces!
 -> (artifact id: 'beea9d15ebda6a462389003e0b427ba3') in 0.063581 seconds
Number of updated asset objects reloaded before import = 0
Number of asset objects unloaded after import = 35
========================================================================
Received Import Request.
  Time since last request: 0.000018 seconds.
  path: Assets/Imports/Hovl Studio/Magic effects pack/Materials
  artifactKey: Guid(a342b6520836d4e40bf3cae8acbccd18) Importer(2089858483,0ecaa5967403d082aa24f35e1b516d23)
Start importing Assets/Imports/Hovl Studio/Magic effects pack/Materials using Guid(a342b6520836d4e40bf3cae8acbccd18) Importer(2089858483,0ecaa5967403d082aa24f35e1b516d23) Generated GUIDs only implemented for interfaces!
 -> (artifact id: '11f74855b5cfe04bbee5fb90e5390ace') in 0.008980 seconds
Number of updated asset objects reloaded before import = 0
Number of asset objects unloaded after import = 1
========================================================================
Received Import Request.
  Time since last request: 0.000011 seconds.
  path: Assets/Imports/Hovl Studio/Magic effects pack/Textures/Concrete slab.png
  artifactKey: Guid(1b13dc101cf2ac7418019fd776161658) Importer(2089858483,0ecaa5967403d082aa24f35e1b516d23)
Start importing Assets/Imports/Hovl Studio/Magic effects pack/Textures/Concrete slab.png using Guid(1b13dc101cf2ac7418019fd776161658) Importer(2089858483,0ecaa5967403d082aa24f35e1b516d23) Generated GUIDs only implemented for interfaces!
 -> (artifact id: '2a27625eed148e3c0ebd1e97c03e64e7') in 0.071553 seconds
Number of updated asset objects reloaded before import = 0
Number of asset objects unloaded after import = 1
========================================================================
Received Import Request.
  Time since last request: 0.000013 seconds.
  path: Assets/Images/shield-icon-antivirus-icon-png.png
  artifactKey: Guid(5abb1df2dca19334583fe7015d455a50) Importer(2089858483,0ecaa5967403d082aa24f35e1b516d23)
Start importing Assets/Images/shield-icon-antivirus-icon-png.png using Guid(5abb1df2dca19334583fe7015d455a50) Importer(2089858483,0ecaa5967403d082aa24f35e1b516d23) Generated GUIDs only implemented for interfaces!
 -> (artifact id: 'e04f9732989bc79b5d1273be98aa39bf') in 0.028752 seconds
Number of updated asset objects reloaded before import = 0
Number of asset objects unloaded after import = 1
========================================================================
Received Import Request.
  Time since last request: 0.000014 seconds.
  path: Assets/Imports/Hovl Studio/Magic effects pack/Materials/Snowflake.mat
  artifactKey: Guid(110e8ef5ba5275f4c864c6b5190c7891) Importer(2089858483,0ecaa5967403d082aa24f35e1b516d23)
Start importing Assets/Imports/Hovl Studio/Magic effects pack/Materials/Snowflake.mat using Guid(110e8ef5ba5275f4c864c6b5190c7891) Importer(2089858483,0ecaa5967403d082aa24f35e1b516d23) Generated GUIDs only implemented for interfaces!
 -> (artifact id: '4d0f298466d6fb16ee4533535c579f00') in 0.028783 seconds
Number of updated asset objects reloaded before import = 0
Number of asset objects unloaded after import = 2
========================================================================
Received Import Request.
  Time since last request: 0.000642 seconds.
  path: Assets/Imports/Hovl Studio/Magic effects pack/Prefabs/Slash effects
  artifactKey: Guid(fafa6ed23af356445b9387cba7732fe2) Importer(2089858483,0ecaa5967403d082aa24f35e1b516d23)
Start importing Assets/Imports/Hovl Studio/Magic effects pack/Prefabs/Slash effects using Guid(fafa6ed23af356445b9387cba7732fe2) Importer(2089858483,0ecaa5967403d082aa24f35e1b516d23) Generated GUIDs only implemented for interfaces!
 -> (artifact id: 'fddb599e2bece9f278dff2e0e4685e69') in 0.011622 seconds
Number of updated asset objects reloaded before import = 0
Number of asset objects unloaded after import = 1
========================================================================
Received Import Request.
  Time since last request: 0.000011 seconds.
  path: Assets/Shaders/New Shader Graph.shadergraph
  artifactKey: Guid(6614165b1dbb4c147b876c8ed3528c65) Importer(2089858483,0ecaa5967403d082aa24f35e1b516d23)
Start importing Assets/Shaders/New Shader Graph.shadergraph using Guid(6614165b1dbb4c147b876c8ed3528c65) Importer(2089858483,0ecaa5967403d082aa24f35e1b516d23) Generated GUIDs only implemented for interfaces!
 -> (artifact id: 'd0f63b98baa02236804d8d825b649f90') in 0.027002 seconds
Number of updated asset objects reloaded before import = 0
Number of asset objects unloaded after import = 4
========================================================================
Received Import Request.
  Time since last request: 0.000012 seconds.
  path: Assets/Imports
  artifactKey: Guid(e019635b9bd1c8c44a309cb1d15c2549) Importer(2089858483,0ecaa5967403d082aa24f35e1b516d23)
Start importing Assets/Imports using Guid(e019635b9bd1c8c44a309cb1d15c2549) Importer(2089858483,0ecaa5967403d082aa24f35e1b516d23) Generated GUIDs only implemented for interfaces!
 -> (artifact id: 'b5a2896e2cde8f79fd2949ff6816ab4f') in 0.008680 seconds
Number of updated asset objects reloaded before import = 0
Number of asset objects unloaded after import = 1
========================================================================
Received Import Request.
  Time since last request: 0.000014 seconds.
  path: Assets/Imports/Hovl Studio/Magic effects pack/Prefabs/Sparks/Sparks flashing red.prefab
  artifactKey: Guid(6fec832863289f04a854167bc2650d9b) Importer(2089858483,0ecaa5967403d082aa24f35e1b516d23)
Start importing Assets/Imports/Hovl Studio/Magic effects pack/Prefabs/Sparks/Sparks flashing red.prefab using Guid(6fec832863289f04a854167bc2650d9b) Importer(2089858483,0ecaa5967403d082aa24f35e1b516d23) Generated GUIDs only implemented for interfaces!
 -> (artifact id: 'de5560cbde0d6c6583fdddb4484621db') in 0.059958 seconds
Number of updated asset objects reloaded before import = 0
Number of asset objects unloaded after import = 6
========================================================================
Received Import Request.
  Time since last request: 0.000014 seconds.
  path: Assets/Imports/Hovl Studio/Magic effects pack/Materials/Stone.mat
  artifactKey: Guid(5e01cbbef75a454468e5eb490ac64181) Importer(2089858483,0ecaa5967403d082aa24f35e1b516d23)
Start importing Assets/Imports/Hovl Studio/Magic effects pack/Materials/Stone.mat using Guid(5e01cbbef75a454468e5eb490ac64181) Importer(2089858483,0ecaa5967403d082aa24f35e1b516d23) Generated GUIDs only implemented for interfaces!
 -> (artifact id: '60510e7c9f2a90b1fd23ad5057273b1c') in 0.013275 seconds
Number of updated asset objects reloaded before import = 0
Number of asset objects unloaded after import = 2
========================================================================
Received Import Request.
  Time since last request: 0.000013 seconds.
  path: Assets/Imports/Hovl Studio/Magic effects pack/Prefabs/Sparks/Sparks explode blue.prefab
  artifactKey: Guid(1095a5c9f65bfbe4383f63d5d1886c65) Importer(2089858483,0ecaa5967403d082aa24f35e1b516d23)
Start importing Assets/Imports/Hovl Studio/Magic effects pack/Prefabs/Sparks/Sparks explode blue.prefab using Guid(1095a5c9f65bfbe4383f63d5d1886c65) Importer(2089858483,0ecaa5967403d082aa24f35e1b516d23) Generated GUIDs only implemented for interfaces!
 -> (artifact id: 'f582b69b9d4fa83b672a2025a3f72e37') in 0.048453 seconds
Number of updated asset objects reloaded before import = 0
Number of asset objects unloaded after import = 6
========================================================================
Received Import Request.
  Time since last request: 0.000017 seconds.
  path: Assets/Imports/Hovl Studio/Magic effects pack/Prefabs/Hits and explosions/Star hit.prefab
  artifactKey: Guid(98c4704d0fd7211449bcf5c451095a60) Importer(2089858483,0ecaa5967403d082aa24f35e1b516d23)
Start importing Assets/Imports/Hovl Studio/Magic effects pack/Prefabs/Hits and explosions/Star hit.prefab using Guid(98c4704d0fd7211449bcf5c451095a60) Importer(2089858483,0ecaa5967403d082aa24f35e1b516d23) Generated GUIDs only implemented for interfaces!
 -> (artifact id: 'fcb56db2061e18e6e558e2998ae1abd2') in 0.055754 seconds
Number of updated asset objects reloaded before import = 0
Number of asset objects unloaded after import = 18
========================================================================
Received Import Request.
  Time since last request: 0.000011 seconds.
  path: Assets/Imports/Hovl Studio/Magic effects pack/Textures/Flash2.png
  artifactKey: Guid(b80e2bf2e14ae37469c6a566da0c8c18) Importer(2089858483,0ecaa5967403d082aa24f35e1b516d23)
Start importing Assets/Imports/Hovl Studio/Magic effects pack/Textures/Flash2.png using Guid(b80e2bf2e14ae37469c6a566da0c8c18) Importer(2089858483,0ecaa5967403d082aa24f35e1b516d23) Generated GUIDs only implemented for interfaces!
 -> (artifact id: 'ed2abd9ac74cb55eb9b79fabbe5d829c') in 0.033009 seconds
Number of updated asset objects reloaded before import = 0
Number of asset objects unloaded after import = 1
========================================================================
Received Import Request.
  Time since last request: 0.000011 seconds.
  path: Assets/DuoDraconis Dungeon Set - Wizard Laboratory/Material/DS_WizLab_Arch_WindowF_Glass.mat
  artifactKey: Guid(5ce048687dc75ad43be6ade17b6044de) Importer(2089858483,0ecaa5967403d082aa24f35e1b516d23)
Start importing Assets/DuoDraconis Dungeon Set - Wizard Laboratory/Material/DS_WizLab_Arch_WindowF_Glass.mat using Guid(5ce048687dc75ad43be6ade17b6044de) Importer(2089858483,0ecaa5967403d082aa24f35e1b516d23) Generated GUIDs only implemented for interfaces!
 -> (artifact id: '1d0b937cece468b33894225cd3ae4fc1') in 0.030903 seconds
Number of updated asset objects reloaded before import = 0
Number of asset objects unloaded after import = 5
========================================================================
Received Import Request.
  Time since last request: 0.000011 seconds.
  path: Assets/DuoDraconis Dungeon Set - Wizard Laboratory/Prefab/DS_WizLab_Arch_FloorD.prefab
  artifactKey: Guid(a8fc792e5edd3d44d9edd7908207eed7) Importer(2089858483,0ecaa5967403d082aa24f35e1b516d23)
Start importing Assets/DuoDraconis Dungeon Set - Wizard Laboratory/Prefab/DS_WizLab_Arch_FloorD.prefab using Guid(a8fc792e5edd3d44d9edd7908207eed7) Importer(2089858483,0ecaa5967403d082aa24f35e1b516d23) Generated GUIDs only implemented for interfaces!
 -> (artifact id: '37d85561e265cbd4a4314c40785e86ee') in 0.012611 seconds
Number of updated asset objects reloaded before import = 0
Number of asset objects unloaded after import = 15
========================================================================
Received Import Request.
  Time since last request: 0.000015 seconds.
  path: Assets/Imports/FantasyEnvironments/Environments/Prefabs/Mushroom3.prefab
  artifactKey: Guid(1ceaf06647257394f8d75a1759c6be00) Importer(2089858483,0ecaa5967403d082aa24f35e1b516d23)
Start importing Assets/Imports/FantasyEnvironments/Environments/Prefabs/Mushroom3.prefab using Guid(1ceaf06647257394f8d75a1759c6be00) Importer(2089858483,0ecaa5967403d082aa24f35e1b516d23) Generated GUIDs only implemented for interfaces!
 -> (artifact id: '91dd3cb8cd2c06eb7a2af55ada5c1f9a') in 0.013174 seconds
Number of updated asset objects reloaded before import = 0
Number of asset objects unloaded after import = 13
========================================================================
Received Import Request.
  Time since last request: 0.000024 seconds.
  path: Assets/Imports/FantasyEnvironments/Environments/Ambient-Occlusion-Trees/Textures/Tree_bark1.png
  artifactKey: Guid(8c00b22648d9f3b4ab7eb8a3e41d57a9) Importer(2089858483,0ecaa5967403d082aa24f35e1b516d23)
Start importing Assets/Imports/FantasyEnvironments/Environments/Ambient-Occlusion-Trees/Textures/Tree_bark1.png using Guid(8c00b22648d9f3b4ab7eb8a3e41d57a9) Importer(2089858483,0ecaa5967403d082aa24f35e1b516d23) Generated GUIDs only implemented for interfaces!
 -> (artifact id: '3ae51bdaa45125a23289ad8b8363c6f6') in 0.042923 seconds
Number of updated asset objects reloaded before import = 0
Number of asset objects unloaded after import = 1
========================================================================
Received Import Request.
  Time since last request: 0.000012 seconds.
  path: Assets/DuoDraconis Dungeon Set - Wizard Laboratory/Material/DS_WizLab_Clut_MortarAndPestal.mat
  artifactKey: Guid(5a0b1d456e5086d4c9b2238492f15634) Importer(2089858483,0ecaa5967403d082aa24f35e1b516d23)
Start importing Assets/DuoDraconis Dungeon Set - Wizard Laboratory/Material/DS_WizLab_Clut_MortarAndPestal.mat using Guid(5a0b1d456e5086d4c9b2238492f15634) Importer(2089858483,0ecaa5967403d082aa24f35e1b516d23) Generated GUIDs only implemented for interfaces!
 -> (artifact id: '4b1994befc36a91a3e20fd43ea9b835a') in 0.039341 seconds
Number of updated asset objects reloaded before import = 0
Number of asset objects unloaded after import = 6
========================================================================
Received Import Request.
  Time since last request: 0.000016 seconds.
  path: Assets/DuoDraconis Dungeon Set - Wizard Laboratory/Meshes/DS_WizLab_Clut_BookPileB.fbx
  artifactKey: Guid(e9abc1c18b6e13945afbd4f236f46d38) Importer(2089858483,0ecaa5967403d082aa24f35e1b516d23)
Start importing Assets/DuoDraconis Dungeon Set - Wizard Laboratory/Meshes/DS_WizLab_Clut_BookPileB.fbx using Guid(e9abc1c18b6e13945afbd4f236f46d38) Importer(2089858483,0ecaa5967403d082aa24f35e1b516d23) Generated GUIDs only implemented for interfaces!
 -> (artifact id: '0fe53fba1e7264fda480ff9d0ce1d982') in 0.026273 seconds
Number of updated asset objects reloaded before import = 0
Number of asset objects unloaded after import = 7
========================================================================
Received Import Request.
  Time since last request: 0.000017 seconds.
  path: Assets/DuoDraconis Dungeon Set - Wizard Laboratory/Textures/DS_WizLab_Furn_Shelf_roughness.png
  artifactKey: Guid(ce7c7ed2687975243ada5f655befa776) Importer(2089858483,0ecaa5967403d082aa24f35e1b516d23)
Start importing Assets/DuoDraconis Dungeon Set - Wizard Laboratory/Textures/DS_WizLab_Furn_Shelf_roughness.png using Guid(ce7c7ed2687975243ada5f655befa776) Importer(2089858483,0ecaa5967403d082aa24f35e1b516d23) Generated GUIDs only implemented for interfaces!
 -> (artifact id: '7f2df200db7efc507629fea3b6184709') in 0.025139 seconds
Number of updated asset objects reloaded before import = 0
Number of asset objects unloaded after import = 1
========================================================================
Received Import Request.
  Time since last request: 0.000013 seconds.
  path: Assets/DuoDraconis Dungeon Set - Wizard Laboratory/Textures/DS_WizLab_Furn_FlatDrawerRack_roughness.png
  artifactKey: Guid(9001d8c4b665a51428005164b808a205) Importer(2089858483,0ecaa5967403d082aa24f35e1b516d23)
Start importing Assets/DuoDraconis Dungeon Set - Wizard Laboratory/Textures/DS_WizLab_Furn_FlatDrawerRack_roughness.png using Guid(9001d8c4b665a51428005164b808a205) Importer(2089858483,0ecaa5967403d082aa24f35e1b516d23) Generated GUIDs only implemented for interfaces!
 -> (artifact id: '9387f6959c2f79992040f10bb476b118') in 0.029198 seconds
Number of updated asset objects reloaded before import = 0
Number of asset objects unloaded after import = 1
========================================================================
Received Import Request.
  Time since last request: 0.000029 seconds.
  path: Assets/DuoDraconis Dungeon Set - Wizard Laboratory/DemoScene/Lightmap-0_comp_shadowmask.png
  artifactKey: Guid(16b746e3b832fe545958bdecdf78b744) Importer(2089858483,0ecaa5967403d082aa24f35e1b516d23)
Start importing Assets/DuoDraconis Dungeon Set - Wizard Laboratory/DemoScene/Lightmap-0_comp_shadowmask.png using Guid(16b746e3b832fe545958bdecdf78b744) Importer(2089858483,0ecaa5967403d082aa24f35e1b516d23) Generated GUIDs only implemented for interfaces!
 -> (artifact id: '21ff1940e7b3c70be2b98551fc36f441') in 0.034964 seconds
Number of updated asset objects reloaded before import = 0
Number of asset objects unloaded after import = 1
========================================================================
Received Import Request.
  Time since last request: 0.000015 seconds.
  path: Assets/DuoDraconis Dungeon Set - Wizard Laboratory/Prefab/DS_WizLab_Clut_ChalkBoard_00.prefab
  artifactKey: Guid(7b1d73a3f336f1747a04126d92d32194) Importer(2089858483,0ecaa5967403d082aa24f35e1b516d23)
Start importing Assets/DuoDraconis Dungeon Set - Wizard Laboratory/Prefab/DS_WizLab_Clut_ChalkBoard_00.prefab using Guid(7b1d73a3f336f1747a04126d92d32194) Importer(2089858483,0ecaa5967403d082aa24f35e1b516d23) Generated GUIDs only implemented for interfaces!
 -> (artifact id: 'e73911e3af68fed863d32d09a2b2d436') in 0.014098 seconds
Number of updated asset objects reloaded before import = 0
Number of asset objects unloaded after import = 9
========================================================================
Received Import Request.
  Time since last request: 0.000011 seconds.
  path: Assets/DuoDraconis Dungeon Set - Wizard Laboratory/DemoScene/Lightmap-0_comp_dir.png
  artifactKey: Guid(72ba66b92f3e70144b3bd9fcb4e99595) Importer(2089858483,0ecaa5967403d082aa24f35e1b516d23)
Start importing Assets/DuoDraconis Dungeon Set - Wizard Laboratory/DemoScene/Lightmap-0_comp_dir.png using Guid(72ba66b92f3e70144b3bd9fcb4e99595) Importer(2089858483,0ecaa5967403d082aa24f35e1b516d23) Generated GUIDs only implemented for interfaces!
 -> (artifact id: 'ec7535f605cb8b30c4a353d6581a72b5') in 0.035662 seconds
Number of updated asset objects reloaded before import = 0
Number of asset objects unloaded after import = 1
========================================================================
Received Import Request.
  Time since last request: 0.000011 seconds.
  path: Assets/DuoDraconis Dungeon Set - Wizard Laboratory/Textures/DS_WizLab_Furn_Shelf_metallic.png
  artifactKey: Guid(b5f524c1e08cab544aeb242defc73c8f) Importer(2089858483,0ecaa5967403d082aa24f35e1b516d23)
Start importing Assets/DuoDraconis Dungeon Set - Wizard Laboratory/Textures/DS_WizLab_Furn_Shelf_metallic.png using Guid(b5f524c1e08cab544aeb242defc73c8f) Importer(2089858483,0ecaa5967403d082aa24f35e1b516d23) Generated GUIDs only implemented for interfaces!
 -> (artifact id: 'b214ffa5779352f808ae3acdbc050f09') in 0.025700 seconds
Number of updated asset objects reloaded before import = 0
Number of asset objects unloaded after import = 1
========================================================================
Received Import Request.
  Time since last request: 0.000014 seconds.
  path: Assets/DuoDraconis Dungeon Set - Wizard Laboratory/Textures/DS_WizLab_Furn_Table_normal.png
  artifactKey: Guid(b9fae28b5911c024e83055cdb9220545) Importer(2089858483,0ecaa5967403d082aa24f35e1b516d23)
Start importing Assets/DuoDraconis Dungeon Set - Wizard Laboratory/Textures/DS_WizLab_Furn_Table_normal.png using Guid(b9fae28b5911c024e83055cdb9220545) Importer(2089858483,0ecaa5967403d082aa24f35e1b516d23) Generated GUIDs only implemented for interfaces!
 -> (artifact id: '218aa0e69cb481ba17d22289aaaac088') in 0.030192 seconds
Number of updated asset objects reloaded before import = 0
Number of asset objects unloaded after import = 1
========================================================================
Received Import Request.
  Time since last request: 0.000016 seconds.
  path: Assets/DuoDraconis Dungeon Set - Wizard Laboratory/Textures/DS_WizLab_Arch_Staircase_metallic.png
  artifactKey: Guid(2c4b38604b1ce934cb755187567b85f4) Importer(2089858483,0ecaa5967403d082aa24f35e1b516d23)
Start importing Assets/DuoDraconis Dungeon Set - Wizard Laboratory/Textures/DS_WizLab_Arch_Staircase_metallic.png using Guid(2c4b38604b1ce934cb755187567b85f4) Importer(2089858483,0ecaa5967403d082aa24f35e1b516d23) Generated GUIDs only implemented for interfaces!
 -> (artifact id: '6e4d119d2283de5dd34cf8c914e4b951') in 0.027087 seconds
Number of updated asset objects reloaded before import = 0
Number of asset objects unloaded after import = 1
========================================================================
Received Import Request.
  Time since last request: 0.000022 seconds.
  path: Assets/Scenes/MainWorkspace.unity
  artifactKey: Guid(99c9720ab356a0642a771bea13969a05) Importer(815301076,1909f56bfc062723c751e8b465ee728b)
Start importing Assets/Scenes/MainWorkspace.unity using Guid(99c9720ab356a0642a771bea13969a05) Importer(815301076,1909f56bfc062723c751e8b465ee728b)  -> (artifact id: '1ef5f459c9b929c60a5f777b4ee5b293') in 0.000979 seconds
Number of updated asset objects reloaded before import = 0
Number of asset objects unloaded after import = 0
========================================================================
Received Import Request.
  Time since last request: 0.000013 seconds.
  path: Assets/DuoDraconis Dungeon Set - Wizard Laboratory/Textures/DS_WizLab_Arch_WindowD_Glass_ambientocclusion.png
  artifactKey: Guid(8d14bcfd65ab8224fb450519cec07803) Importer(2089858483,0ecaa5967403d082aa24f35e1b516d23)
Start importing Assets/DuoDraconis Dungeon Set - Wizard Laboratory/Textures/DS_WizLab_Arch_WindowD_Glass_ambientocclusion.png using Guid(8d14bcfd65ab8224fb450519cec07803) Importer(2089858483,0ecaa5967403d082aa24f35e1b516d23) Generated GUIDs only implemented for interfaces!
 -> (artifact id: '8d3e62e4d32f90914bf3eed568e93c27') in 0.027379 seconds
Number of updated asset objects reloaded before import = 0
Number of asset objects unloaded after import = 1
========================================================================
Received Import Request.
  Time since last request: 0.000011 seconds.
  path: Assets/Imports/FantasyEnvironments/Environments/Scenes/DemoScene1
  artifactKey: Guid(8d1499513d065d041bc3c51dc560f2c6) Importer(2089858483,0ecaa5967403d082aa24f35e1b516d23)
Start importing Assets/Imports/FantasyEnvironments/Environments/Scenes/DemoScene1 using Guid(8d1499513d065d041bc3c51dc560f2c6) Importer(2089858483,0ecaa5967403d082aa24f35e1b516d23) Generated GUIDs only implemented for interfaces!
 -> (artifact id: '89bd39fbc55ffb081fa11da7686218a1') in 0.007993 seconds
Number of updated asset objects reloaded before import = 0
Number of asset objects unloaded after import = 1
========================================================================
Received Import Request.
  Time since last request: 0.000011 seconds.
  path: Assets/Imports/FantasyEnvironments/Environments/Ambient-Occlusion-Trees/Prefabs
  artifactKey: Guid(6647ba659f88c3c4a97591724029ae65) Importer(2089858483,0ecaa5967403d082aa24f35e1b516d23)
Start importing Assets/Imports/FantasyEnvironments/Environments/Ambient-Occlusion-Trees/Prefabs using Guid(6647ba659f88c3c4a97591724029ae65) Importer(2089858483,0ecaa5967403d082aa24f35e1b516d23) Generated GUIDs only implemented for interfaces!
 -> (artifact id: '2ccefe8f9026f80e36ce9c4a6ee647da') in 0.008537 seconds
Number of updated asset objects reloaded before import = 0
Number of asset objects unloaded after import = 1
========================================================================
Received Import Request.
  Time since last request: 0.000014 seconds.
  path: Assets/Imports/FantasyEnvironments/Environments/Town/FBXs/storage_barrel_small.fbx
  artifactKey: Guid(0d090e568c1f0ea4ba6abff04d31ac7d) Importer(2089858483,0ecaa5967403d082aa24f35e1b516d23)
Start importing Assets/Imports/FantasyEnvironments/Environments/Town/FBXs/storage_barrel_small.fbx using Guid(0d090e568c1f0ea4ba6abff04d31ac7d) Importer(2089858483,0ecaa5967403d082aa24f35e1b516d23) Generated GUIDs only implemented for interfaces!
 -> (artifact id: '2f4672a33e17ad7d8c88971ba33f9481') in 0.035617 seconds
Number of updated asset objects reloaded before import = 0
Number of asset objects unloaded after import = 14
========================================================================
Received Import Request.
  Time since last request: 0.000014 seconds.
  path: Assets/Imports/Hovl Studio/Magic effects pack/Textures/Smoke26.png
  artifactKey: Guid(08b3912bdc0a5ed4d9a27125425a97f4) Importer(2089858483,0ecaa5967403d082aa24f35e1b516d23)
Start importing Assets/Imports/Hovl Studio/Magic effects pack/Textures/Smoke26.png using Guid(08b3912bdc0a5ed4d9a27125425a97f4) Importer(2089858483,0ecaa5967403d082aa24f35e1b516d23) Generated GUIDs only implemented for interfaces!
 -> (artifact id: '07c8c207c53cfc1811c5cd60ae3e647c') in 0.061055 seconds
Number of updated asset objects reloaded before import = 0
Number of asset objects unloaded after import = 1
========================================================================
Received Import Request.
  Time since last request: 0.000031 seconds.
  path: Assets/Imports/FantasyEnvironments/Environments/Prefabs/Flower1.prefab
  artifactKey: Guid(7358ad30e7ab6be4b8cf21062d019675) Importer(2089858483,0ecaa5967403d082aa24f35e1b516d23)
Start importing Assets/Imports/FantasyEnvironments/Environments/Prefabs/Flower1.prefab using Guid(7358ad30e7ab6be4b8cf21062d019675) Importer(2089858483,0ecaa5967403d082aa24f35e1b516d23) Generated GUIDs only implemented for interfaces!
 -> (artifact id: '46e50ecae891ad63cac3d08a8b896800') in 0.021104 seconds
Number of updated asset objects reloaded before import = 0
Number of asset objects unloaded after import = 13
========================================================================
Received Import Request.
  Time since last request: 0.000013 seconds.
  path: Assets/Imports/FantasyEnvironments/Environments/FBX/Mushroom5.fbx
  artifactKey: Guid(42f444b29b33b59438c6975013d78d82) Importer(2089858483,0ecaa5967403d082aa24f35e1b516d23)
Start importing Assets/Imports/FantasyEnvironments/Environments/FBX/Mushroom5.fbx using Guid(42f444b29b33b59438c6975013d78d82) Importer(2089858483,0ecaa5967403d082aa24f35e1b516d23) Generated GUIDs only implemented for interfaces!
 -> (artifact id: '0715e771f00ce753602454a7895dc215') in 0.027829 seconds
Number of updated asset objects reloaded before import = 0
Number of asset objects unloaded after import = 7
========================================================================
Received Import Request.
  Time since last request: 0.000012 seconds.
  path: Assets/Imports/FantasyEnvironments/Environments/Prefabs/Plant1.prefab
  artifactKey: Guid(b33ce8376149eb040be6057eed2bd12f) Importer(2089858483,0ecaa5967403d082aa24f35e1b516d23)
Start importing Assets/Imports/FantasyEnvironments/Environments/Prefabs/Plant1.prefab using Guid(b33ce8376149eb040be6057eed2bd12f) Importer(2089858483,0ecaa5967403d082aa24f35e1b516d23) Generated GUIDs only implemented for interfaces!
 -> (artifact id: '60d3f0cffaa3f1c9c8135a54fcedb26c') in 0.018770 seconds
Number of updated asset objects reloaded before import = 0
Number of asset objects unloaded after import = 13
========================================================================
Received Import Request.
  Time since last request: 0.000011 seconds.
  path: Assets/Imports/TerrainSampleAssets/TerrainBrushes/Terrainstamp_Ridge05_Brush.brush
  artifactKey: Guid(014d61beb3975e849b26bc42fbf17b42) Importer(2089858483,0ecaa5967403d082aa24f35e1b516d23)
Start importing Assets/Imports/TerrainSampleAssets/TerrainBrushes/Terrainstamp_Ridge05_Brush.brush using Guid(014d61beb3975e849b26bc42fbf17b42) Importer(2089858483,0ecaa5967403d082aa24f35e1b516d23) Generated GUIDs only implemented for interfaces!
 -> (artifact id: '4277db8328b07ffb7e1dcd9fa661a0f9') in 0.018065 seconds
Number of updated asset objects reloaded before import = 0
Number of asset objects unloaded after import = 1
========================================================================
Received Import Request.
  Time since last request: 0.000011 seconds.
  path: Assets/Imports/FantasyEnvironments/Environments/Town/Prefabs/Furniture_book1.prefab
  artifactKey: Guid(2de94728c9689364d8cb8f0d515319c9) Importer(2089858483,0ecaa5967403d082aa24f35e1b516d23)
Start importing Assets/Imports/FantasyEnvironments/Environments/Town/Prefabs/Furniture_book1.prefab using Guid(2de94728c9689364d8cb8f0d515319c9) Importer(2089858483,0ecaa5967403d082aa24f35e1b516d23) Generated GUIDs only implemented for interfaces!
 -> (artifact id: '0462af2fcc9b4b3dffb9f7308b680971') in 0.012425 seconds
Number of updated asset objects reloaded before import = 0
Number of asset objects unloaded after import = 7
========================================================================
Received Import Request.
  Time since last request: 0.000017 seconds.
  path: Assets/Imports/FantasyEnvironments/Environments/Town/FBXs/storage_jug.fbx
  artifactKey: Guid(5a7bda7a7721c4547a1f2a5c453c46fb) Importer(2089858483,0ecaa5967403d082aa24f35e1b516d23)
Start importing Assets/Imports/FantasyEnvironments/Environments/Town/FBXs/storage_jug.fbx using Guid(5a7bda7a7721c4547a1f2a5c453c46fb) Importer(2089858483,0ecaa5967403d082aa24f35e1b516d23) Generated GUIDs only implemented for interfaces!
 -> (artifact id: '7052fee9267da9818fdb90b4c6fa7a0d') in 0.016137 seconds
Number of updated asset objects reloaded before import = 0
Number of asset objects unloaded after import = 7
========================================================================
Received Import Request.
  Time since last request: 0.000019 seconds.
  path: Assets/Imports/TerrainSampleAssets/Prefabs/Grass_B.prefab
  artifactKey: Guid(7b3e6db10d22f504dbc606110b2cb5e7) Importer(2089858483,0ecaa5967403d082aa24f35e1b516d23)
Start importing Assets/Imports/TerrainSampleAssets/Prefabs/Grass_B.prefab using Guid(7b3e6db10d22f504dbc606110b2cb5e7) Importer(2089858483,0ecaa5967403d082aa24f35e1b516d23) Generated GUIDs only implemented for interfaces!
 -> (artifact id: '76d74221c34bd7248d11c333f816f33d') in 0.012072 seconds
Number of updated asset objects reloaded before import = 0
Number of asset objects unloaded after import = 7
========================================================================
Received Import Request.
  Time since last request: 0.000012 seconds.
  path: Assets/Samples/XR Hands/1.5.0/Gestures/Debug Tools/Sprites
  artifactKey: Guid(558d9d2b11ba14644a984960a2d829a4) Importer(2089858483,0ecaa5967403d082aa24f35e1b516d23)
Start importing Assets/Samples/XR Hands/1.5.0/Gestures/Debug Tools/Sprites using Guid(558d9d2b11ba14644a984960a2d829a4) Importer(2089858483,0ecaa5967403d082aa24f35e1b516d23) Generated GUIDs only implemented for interfaces!
 -> (artifact id: '5bcb8b0c115f45472284e78b5723f7da') in 0.008529 seconds
Number of updated asset objects reloaded before import = 0
Number of asset objects unloaded after import = 1
========================================================================
Received Import Request.
  Time since last request: 0.000012 seconds.
  path: Assets/Imports/FantasyEnvironments/Environments/Town/FBXs/Furniture_cupboard3.fbx
  artifactKey: Guid(34db3bf2f2bfc4749bda43ce038f7cb8) Importer(2089858483,0ecaa5967403d082aa24f35e1b516d23)
Start importing Assets/Imports/FantasyEnvironments/Environments/Town/FBXs/Furniture_cupboard3.fbx using Guid(34db3bf2f2bfc4749bda43ce038f7cb8) Importer(2089858483,0ecaa5967403d082aa24f35e1b516d23) Generated GUIDs only implemented for interfaces!
 -> (artifact id: '84fcff2ae7e7018a86fc008c29a7ad99') in 0.016474 seconds
Number of updated asset objects reloaded before import = 0
Number of asset objects unloaded after import = 7
========================================================================
Received Import Request.
  Time since last request: 0.000012 seconds.
  path: Assets/Imports/FantasyEnvironments/Environments/Town/FBXs/Furniture_table_small.fbx
  artifactKey: Guid(0215ca5a28009dc41bf0acf5ede23837) Importer(2089858483,0ecaa5967403d082aa24f35e1b516d23)
Start importing Assets/Imports/FantasyEnvironments/Environments/Town/FBXs/Furniture_table_small.fbx using Guid(0215ca5a28009dc41bf0acf5ede23837) Importer(2089858483,0ecaa5967403d082aa24f35e1b516d23) Generated GUIDs only implemented for interfaces!
 -> (artifact id: 'b66dbc86a39864f09ad6d3ca34cd9ee6') in 0.033214 seconds
Number of updated asset objects reloaded before import = 0
Number of asset objects unloaded after import = 7
========================================================================
Received Import Request.
  Time since last request: 0.000014 seconds.
  path: Assets/DuoDraconis Dungeon Set - Wizard Laboratory/Material/DS_WizLab_Arch_FloorD.mat
  artifactKey: Guid(e8dfd3ddf54cdc74f9a48bf0fd55b6f4) Importer(2089858483,0ecaa5967403d082aa24f35e1b516d23)
Start importing Assets/DuoDraconis Dungeon Set - Wizard Laboratory/Material/DS_WizLab_Arch_FloorD.mat using Guid(e8dfd3ddf54cdc74f9a48bf0fd55b6f4) Importer(2089858483,0ecaa5967403d082aa24f35e1b516d23) Generated GUIDs only implemented for interfaces!
 -> (artifact id: '46d242ace7fd543c66288fdecc140b6a') in 0.028049 seconds
Number of updated asset objects reloaded before import = 0
Number of asset objects unloaded after import = 6
========================================================================
Received Import Request.
  Time since last request: 0.000019 seconds.
  path: Assets/DuoDraconis Dungeon Set - Wizard Laboratory/Textures/DS_WizLab_Furn_SideTable_normal.png
  artifactKey: Guid(327c2350ba9ae504892415bbe9754922) Importer(2089858483,0ecaa5967403d082aa24f35e1b516d23)
Start importing Assets/DuoDraconis Dungeon Set - Wizard Laboratory/Textures/DS_WizLab_Furn_SideTable_normal.png using Guid(327c2350ba9ae504892415bbe9754922) Importer(2089858483,0ecaa5967403d082aa24f35e1b516d23) Generated GUIDs only implemented for interfaces!
 -> (artifact id: 'ba40b55d044dfcef151cb7a220531169') in 0.033897 seconds
Number of updated asset objects reloaded before import = 0
Number of asset objects unloaded after import = 1
========================================================================
Received Import Request.
  Time since last request: 0.000018 seconds.
  path: Assets/DuoDraconis Dungeon Set - Wizard Laboratory/Textures/DS_WizLab_Arch_WindowE_Glass_diffuse.png
  artifactKey: Guid(ffe1ab202aae7804cbaab747c379ce5a) Importer(2089858483,0ecaa5967403d082aa24f35e1b516d23)
Start importing Assets/DuoDraconis Dungeon Set - Wizard Laboratory/Textures/DS_WizLab_Arch_WindowE_Glass_diffuse.png using Guid(ffe1ab202aae7804cbaab747c379ce5a) Importer(2089858483,0ecaa5967403d082aa24f35e1b516d23) Generated GUIDs only implemented for interfaces!
 -> (artifact id: '76690b43e0e30dd714dafcdd05d8df7d') in 0.025300 seconds
Number of updated asset objects reloaded before import = 0
Number of asset objects unloaded after import = 1
========================================================================
Received Import Request.
  Time since last request: 0.000014 seconds.
  path: Assets/DuoDraconis Dungeon Set - Wizard Laboratory/Textures/DS_WizLab_Arch_Column_ambientocclusion.png
  artifactKey: Guid(f35944ee58a240a41a38c24e8073a368) Importer(2089858483,0ecaa5967403d082aa24f35e1b516d23)
Start importing Assets/DuoDraconis Dungeon Set - Wizard Laboratory/Textures/DS_WizLab_Arch_Column_ambientocclusion.png using Guid(f35944ee58a240a41a38c24e8073a368) Importer(2089858483,0ecaa5967403d082aa24f35e1b516d23) Generated GUIDs only implemented for interfaces!
 -> (artifact id: '6910fa35f32f957c1c8db102645e85f9') in 0.031979 seconds
Number of updated asset objects reloaded before import = 0
Number of asset objects unloaded after import = 1
========================================================================
Received Import Request.
  Time since last request: 0.000014 seconds.
  path: Assets/DuoDraconis Dungeon Set - Wizard Laboratory/Material/DS_WizLab_Clut_FlaskBox.mat
  artifactKey: Guid(ec25192028e1f1447acd6557688ffe21) Importer(2089858483,0ecaa5967403d082aa24f35e1b516d23)
Start importing Assets/DuoDraconis Dungeon Set - Wizard Laboratory/Material/DS_WizLab_Clut_FlaskBox.mat using Guid(ec25192028e1f1447acd6557688ffe21) Importer(2089858483,0ecaa5967403d082aa24f35e1b516d23) Generated GUIDs only implemented for interfaces!
 -> (artifact id: '329ea790ad2112a4c5420adb88a45720') in 0.037280 seconds
Number of updated asset objects reloaded before import = 0
Number of asset objects unloaded after import = 6
========================================================================
Received Import Request.
  Time since last request: 0.000016 seconds.
  path: Assets/DuoDraconis Dungeon Set - Wizard Laboratory/Textures/DS_WizLab_Furn_SideTable_roughness.png
  artifactKey: Guid(c0d5e670de4c661469d49ee41fda462c) Importer(2089858483,0ecaa5967403d082aa24f35e1b516d23)
Start importing Assets/DuoDraconis Dungeon Set - Wizard Laboratory/Textures/DS_WizLab_Furn_SideTable_roughness.png using Guid(c0d5e670de4c661469d49ee41fda462c) Importer(2089858483,0ecaa5967403d082aa24f35e1b516d23) Generated GUIDs only implemented for interfaces!
 -> (artifact id: 'd0170155543264a20ca6d01b77e2214b') in 0.034954 seconds
Number of updated asset objects reloaded before import = 0
Number of asset objects unloaded after import = 1
========================================================================
Received Import Request.
  Time since last request: 0.000022 seconds.
  path: Assets/DuoDraconis Dungeon Set - Wizard Laboratory/Textures/DS_WizLab_Clut_ProbesHorns_metallic.png
  artifactKey: Guid(be7246f2c692ec64bbd599b3300ada52) Importer(2089858483,0ecaa5967403d082aa24f35e1b516d23)
Start importing Assets/DuoDraconis Dungeon Set - Wizard Laboratory/Textures/DS_WizLab_Clut_ProbesHorns_metallic.png using Guid(be7246f2c692ec64bbd599b3300ada52) Importer(2089858483,0ecaa5967403d082aa24f35e1b516d23) Generated GUIDs only implemented for interfaces!
 -> (artifact id: '26452bf4aa7696c4e27c336838121dd8') in 0.025965 seconds
Number of updated asset objects reloaded before import = 0
Number of asset objects unloaded after import = 1
========================================================================
Received Import Request.
  Time since last request: 0.000011 seconds.
  path: Assets/DuoDraconis Dungeon Set - Wizard Laboratory/Textures/DS_WizLab_Arch_WindowC_Glass_01_opactiy.png
  artifactKey: Guid(646f2987aed6d8f4dbcfef2509b8ee39) Importer(2089858483,0ecaa5967403d082aa24f35e1b516d23)
Start importing Assets/DuoDraconis Dungeon Set - Wizard Laboratory/Textures/DS_WizLab_Arch_WindowC_Glass_01_opactiy.png using Guid(646f2987aed6d8f4dbcfef2509b8ee39) Importer(2089858483,0ecaa5967403d082aa24f35e1b516d23) Generated GUIDs only implemented for interfaces!
 -> (artifact id: '122a899bde692d042855a21539db0d16') in 0.032126 seconds
Number of updated asset objects reloaded before import = 0
Number of asset objects unloaded after import = 1
========================================================================
Received Import Request.
  Time since last request: 0.000015 seconds.
  path: Assets/DuoDraconis Dungeon Set - Wizard Laboratory/Textures/DS_WizLab_Arch_FloorC_diffuse.png
  artifactKey: Guid(ed6aed80c81ae2d4a913b067172d06fe) Importer(2089858483,0ecaa5967403d082aa24f35e1b516d23)
Start importing Assets/DuoDraconis Dungeon Set - Wizard Laboratory/Textures/DS_WizLab_Arch_FloorC_diffuse.png using Guid(ed6aed80c81ae2d4a913b067172d06fe) Importer(2089858483,0ecaa5967403d082aa24f35e1b516d23) Generated GUIDs only implemented for interfaces!
 -> (artifact id: '8ce19f598b825279f02a417bf6ce0015') in 0.027127 seconds
Number of updated asset objects reloaded before import = 0
Number of asset objects unloaded after import = 1
========================================================================
Received Import Request.
  Time since last request: 0.000015 seconds.
  path: Assets/DuoDraconis Dungeon Set - Wizard Laboratory/Textures/DS_WizLab_Clut_ProbesCrystal_roughness.png
  artifactKey: Guid(d24a0cb3d6981e34ca3480e0a9efe846) Importer(2089858483,0ecaa5967403d082aa24f35e1b516d23)
Start importing Assets/DuoDraconis Dungeon Set - Wizard Laboratory/Textures/DS_WizLab_Clut_ProbesCrystal_roughness.png using Guid(d24a0cb3d6981e34ca3480e0a9efe846) Importer(2089858483,0ecaa5967403d082aa24f35e1b516d23) Generated GUIDs only implemented for interfaces!
 -> (artifact id: '3658af60129e00c244bede6adc510b6d') in 0.027948 seconds
Number of updated asset objects reloaded before import = 0
Number of asset objects unloaded after import = 1
========================================================================
Received Import Request.
  Time since last request: 0.000011 seconds.
  path: Assets/DuoDraconis Dungeon Set - Wizard Laboratory/Textures/DS_WizLab_Furn_Desk_diffuse.png
  artifactKey: Guid(671e841b2e36e5e4390e2cb1234e5d03) Importer(2089858483,0ecaa5967403d082aa24f35e1b516d23)
Start importing Assets/DuoDraconis Dungeon Set - Wizard Laboratory/Textures/DS_WizLab_Furn_Desk_diffuse.png using Guid(671e841b2e36e5e4390e2cb1234e5d03) Importer(2089858483,0ecaa5967403d082aa24f35e1b516d23) Generated GUIDs only implemented for interfaces!
 -> (artifact id: 'db929b343fe9fead3e5a8a7793e25f07') in 0.031236 seconds
Number of updated asset objects reloaded before import = 0
Number of asset objects unloaded after import = 1
========================================================================
Received Import Request.
  Time since last request: 0.000407 seconds.
  path: Assets/DuoDraconis Dungeon Set - Wizard Laboratory/Textures/DS_WizLab_Furn_Bookcase_metallic.png
  artifactKey: Guid(a08e8f17da6678740987e5b4472327aa) Importer(2089858483,0ecaa5967403d082aa24f35e1b516d23)
Start importing Assets/DuoDraconis Dungeon Set - Wizard Laboratory/Textures/DS_WizLab_Furn_Bookcase_metallic.png using Guid(a08e8f17da6678740987e5b4472327aa) Importer(2089858483,0ecaa5967403d082aa24f35e1b516d23) Generated GUIDs only implemented for interfaces!
 -> (artifact id: 'ee0ad3f5cce87f76cad232c406dfbaeb') in 0.038440 seconds
Number of updated asset objects reloaded before import = 0
Number of asset objects unloaded after import = 1
========================================================================
Received Import Request.
  Time since last request: 0.000014 seconds.
  path: Assets/DuoDraconis Dungeon Set - Wizard Laboratory/Meshes/DS_WizLab_Clut_SmallCauldron.fbx
  artifactKey: Guid(1a851a71953e4ed46a43f3ac010e5307) Importer(2089858483,0ecaa5967403d082aa24f35e1b516d23)
Start importing Assets/DuoDraconis Dungeon Set - Wizard Laboratory/Meshes/DS_WizLab_Clut_SmallCauldron.fbx using Guid(1a851a71953e4ed46a43f3ac010e5307) Importer(2089858483,0ecaa5967403d082aa24f35e1b516d23) Generated GUIDs only implemented for interfaces!
 -> (artifact id: '3fdf4590dbda60553791828f4916f852') in 0.017594 seconds
Number of updated asset objects reloaded before import = 0
Number of asset objects unloaded after import = 7
========================================================================
Received Import Request.
  Time since last request: 0.000013 seconds.
  path: Assets/DuoDraconis Dungeon Set - Wizard Laboratory/Prefab/DS_WizLab_Clut_Map.prefab
  artifactKey: Guid(beba5d357bce30f48b4efc3fcb9f8f69) Importer(2089858483,0ecaa5967403d082aa24f35e1b516d23)
Start importing Assets/DuoDraconis Dungeon Set - Wizard Laboratory/Prefab/DS_WizLab_Clut_Map.prefab using Guid(beba5d357bce30f48b4efc3fcb9f8f69) Importer(2089858483,0ecaa5967403d082aa24f35e1b516d23) Generated GUIDs only implemented for interfaces!
 -> (artifact id: '1fd21f7f683354cf7d9569b96b7745ec') in 0.020090 seconds
Number of updated asset objects reloaded before import = 0
Number of asset objects unloaded after import = 10
========================================================================
Received Import Request.
  Time since last request: 0.000012 seconds.
  path: Assets/DuoDraconis Dungeon Set - Wizard Laboratory/Textures/DS_WizLab_Clut_ScrollPile_normal.png
  artifactKey: Guid(968b6cc7a94aec94c958e2ef938784c9) Importer(2089858483,0ecaa5967403d082aa24f35e1b516d23)
Start importing Assets/DuoDraconis Dungeon Set - Wizard Laboratory/Textures/DS_WizLab_Clut_ScrollPile_normal.png using Guid(968b6cc7a94aec94c958e2ef938784c9) Importer(2089858483,0ecaa5967403d082aa24f35e1b516d23) Generated GUIDs only implemented for interfaces!
 -> (artifact id: 'cc8b97dbf4a433f3e4f6fc003002e7fe') in 0.039068 seconds
Number of updated asset objects reloaded before import = 0
Number of asset objects unloaded after import = 1
========================================================================
Received Import Request.
  Time since last request: 0.000017 seconds.
  path: Assets/DuoDraconis Dungeon Set - Wizard Laboratory/DemoScene/Lightmap-1_comp_shadowmask.png
  artifactKey: Guid(98ee43e9d65b6ea429b0cbc3c9d27428) Importer(2089858483,0ecaa5967403d082aa24f35e1b516d23)
Start importing Assets/DuoDraconis Dungeon Set - Wizard Laboratory/DemoScene/Lightmap-1_comp_shadowmask.png using Guid(98ee43e9d65b6ea429b0cbc3c9d27428) Importer(2089858483,0ecaa5967403d082aa24f35e1b516d23) Generated GUIDs only implemented for interfaces!
 -> (artifact id: 'c48f0a78461c82c4ae5e501b2c1e9497') in 0.026750 seconds
Number of updated asset objects reloaded before import = 0
Number of asset objects unloaded after import = 1
========================================================================
Received Import Request.
  Time since last request: 0.000019 seconds.
  path: Assets/DuoDraconis Dungeon Set - Wizard Laboratory/Textures/DS_WizLab_Arch_WindowE_diffuse.png
  artifactKey: Guid(b3d46e3ed07a97e4fbba0cb12b9b7d54) Importer(2089858483,0ecaa5967403d082aa24f35e1b516d23)
Start importing Assets/DuoDraconis Dungeon Set - Wizard Laboratory/Textures/DS_WizLab_Arch_WindowE_diffuse.png using Guid(b3d46e3ed07a97e4fbba0cb12b9b7d54) Importer(2089858483,0ecaa5967403d082aa24f35e1b516d23) Generated GUIDs only implemented for interfaces!
 -> (artifact id: '0b737a6f297a06de3a6fb2baa1b070d9') in 0.030565 seconds
Number of updated asset objects reloaded before import = 0
Number of asset objects unloaded after import = 1
========================================================================
Received Import Request.
  Time since last request: 0.000013 seconds.
  path: Assets/DuoDraconis Dungeon Set - Wizard Laboratory/Material/DS_WizLab_Arch_Door.mat
  artifactKey: Guid(487857752b3cd8d40b9b0ce22dfdc1d1) Importer(2089858483,0ecaa5967403d082aa24f35e1b516d23)
Start importing Assets/DuoDraconis Dungeon Set - Wizard Laboratory/Material/DS_WizLab_Arch_Door.mat using Guid(487857752b3cd8d40b9b0ce22dfdc1d1) Importer(2089858483,0ecaa5967403d082aa24f35e1b516d23) Generated GUIDs only implemented for interfaces!
 -> (artifact id: '304e3a70a37212f6888438ea33975d18') in 0.045297 seconds
Number of updated asset objects reloaded before import = 0
Number of asset objects unloaded after import = 6
========================================================================
Received Import Request.
  Time since last request: 0.000015 seconds.
  path: Assets/DuoDraconis Dungeon Set - Wizard Laboratory/Meshes/DS_WizLab_Arch_Chimney.fbx
  artifactKey: Guid(dbe3fc3e4d7af1c4eb049f02d1e1c7b6) Importer(2089858483,0ecaa5967403d082aa24f35e1b516d23)
Start importing Assets/DuoDraconis Dungeon Set - Wizard Laboratory/Meshes/DS_WizLab_Arch_Chimney.fbx using Guid(dbe3fc3e4d7af1c4eb049f02d1e1c7b6) Importer(2089858483,0ecaa5967403d082aa24f35e1b516d23) Generated GUIDs only implemented for interfaces!
 -> (artifact id: '45427b8a1eda43bfcc2e0eed60ae6419') in 0.019642 seconds
Number of updated asset objects reloaded before import = 0
Number of asset objects unloaded after import = 7
========================================================================
Received Import Request.
  Time since last request: 0.000013 seconds.
  path: Assets/DuoDraconis Dungeon Set - Wizard Laboratory/Prefab/DS_WizLab_Furn_Shelf.prefab
  artifactKey: Guid(ce91f1d60563738449cd5968fc74dad0) Importer(2089858483,0ecaa5967403d082aa24f35e1b516d23)
Start importing Assets/DuoDraconis Dungeon Set - Wizard Laboratory/Prefab/DS_WizLab_Furn_Shelf.prefab using Guid(ce91f1d60563738449cd5968fc74dad0) Importer(2089858483,0ecaa5967403d082aa24f35e1b516d23) Generated GUIDs only implemented for interfaces!
 -> (artifact id: '08342b65489c6bf4cc9586eb6903b3ee') in 0.017392 seconds
Number of updated asset objects reloaded before import = 0
Number of asset objects unloaded after import = 10
========================================================================
Received Import Request.
  Time since last request: 0.000019 seconds.
  path: Assets/DuoDraconis Dungeon Set - Wizard Laboratory/Meshes/DS_WizLab_Clut_SmallChest.fbx
  artifactKey: Guid(b8416770dbc93e742ad109a593058653) Importer(2089858483,0ecaa5967403d082aa24f35e1b516d23)
Start importing Assets/DuoDraconis Dungeon Set - Wizard Laboratory/Meshes/DS_WizLab_Clut_SmallChest.fbx using Guid(b8416770dbc93e742ad109a593058653) Importer(2089858483,0ecaa5967403d082aa24f35e1b516d23) Generated GUIDs only implemented for interfaces!
 -> (artifact id: '5d685f3ee37390e66155cfd7542473e8') in 0.019300 seconds
Number of updated asset objects reloaded before import = 0
Number of asset objects unloaded after import = 7
========================================================================
Received Import Request.
  Time since last request: 0.000018 seconds.
  path: Assets/DuoDraconis Dungeon Set - Wizard Laboratory/Textures/DS_WizLab_Furn_Console_diffuse.png
  artifactKey: Guid(fda0ba8ac104f63488acf95ea5e5df4c) Importer(2089858483,0ecaa5967403d082aa24f35e1b516d23)
Start importing Assets/DuoDraconis Dungeon Set - Wizard Laboratory/Textures/DS_WizLab_Furn_Console_diffuse.png using Guid(fda0ba8ac104f63488acf95ea5e5df4c) Importer(2089858483,0ecaa5967403d082aa24f35e1b516d23) Generated GUIDs only implemented for interfaces!
 -> (artifact id: 'f4d70a7f777dd471626294426310f459') in 0.040486 seconds
Number of updated asset objects reloaded before import = 0
Number of asset objects unloaded after import = 1
========================================================================
Received Import Request.
  Time since last request: 0.000013 seconds.
  path: Assets/DuoDraconis Dungeon Set - Wizard Laboratory/Textures/DS_WizLab_Arch_WindowE_roughness.png
  artifactKey: Guid(14705e60673588745976017d52ff99ed) Importer(2089858483,0ecaa5967403d082aa24f35e1b516d23)
Start importing Assets/DuoDraconis Dungeon Set - Wizard Laboratory/Textures/DS_WizLab_Arch_WindowE_roughness.png using Guid(14705e60673588745976017d52ff99ed) Importer(2089858483,0ecaa5967403d082aa24f35e1b516d23) Generated GUIDs only implemented for interfaces!
 -> (artifact id: '0676d7534f1dd94b21a1add0dd19df69') in 0.029821 seconds
Number of updated asset objects reloaded before import = 0
Number of asset objects unloaded after import = 1
========================================================================
Received Import Request.
  Time since last request: 0.000011 seconds.
  path: Assets/DuoDraconis Dungeon Set - Wizard Laboratory/Prefab/DS_WizLab_Arch_WindowE.prefab
  artifactKey: Guid(a7cf1b0797a694043acc50f6a9b69c06) Importer(2089858483,0ecaa5967403d082aa24f35e1b516d23)
Start importing Assets/DuoDraconis Dungeon Set - Wizard Laboratory/Prefab/DS_WizLab_Arch_WindowE.prefab using Guid(a7cf1b0797a694043acc50f6a9b69c06) Importer(2089858483,0ecaa5967403d082aa24f35e1b516d23) Generated GUIDs only implemented for interfaces!
 -> (artifact id: 'b62a7bf2fe45e5a0371be71073d9660a') in 0.019585 seconds
Number of updated asset objects reloaded before import = 0
Number of asset objects unloaded after import = 18
========================================================================
Received Import Request.
  Time since last request: 0.000016 seconds.
  path: Assets/DuoDraconis Dungeon Set - Wizard Laboratory/Material/DS_WizLab_Arch_WindowC_Glass_01.mat
  artifactKey: Guid(30307730ccb55ab45b3fcf077fa6d94f) Importer(2089858483,0ecaa5967403d082aa24f35e1b516d23)
Start importing Assets/DuoDraconis Dungeon Set - Wizard Laboratory/Material/DS_WizLab_Arch_WindowC_Glass_01.mat using Guid(30307730ccb55ab45b3fcf077fa6d94f) Importer(2089858483,0ecaa5967403d082aa24f35e1b516d23) Generated GUIDs only implemented for interfaces!
 -> (artifact id: '1be4d0f1cda466bf49e09913b9c8c0fc') in 0.027512 seconds
Number of updated asset objects reloaded before import = 0
Number of asset objects unloaded after import = 6
========================================================================
Received Import Request.
  Time since last request: 0.000015 seconds.
  path: Assets/DuoDraconis Dungeon Set - Wizard Laboratory/Textures/DS_WizLab_Arch_Staircase_Upper_roughness.png
  artifactKey: Guid(d46f347b97ea94d409df5e392dc33142) Importer(2089858483,0ecaa5967403d082aa24f35e1b516d23)
Start importing Assets/DuoDraconis Dungeon Set - Wizard Laboratory/Textures/DS_WizLab_Arch_Staircase_Upper_roughness.png using Guid(d46f347b97ea94d409df5e392dc33142) Importer(2089858483,0ecaa5967403d082aa24f35e1b516d23) Generated GUIDs only implemented for interfaces!
 -> (artifact id: '15bc0dde5962d2a3feedfd42462da0c5') in 0.034728 seconds
Number of updated asset objects reloaded before import = 0
Number of asset objects unloaded after import = 1
========================================================================
Received Import Request.
  Time since last request: 0.000018 seconds.
  path: Assets/DuoDraconis Dungeon Set - Wizard Laboratory/Textures/DS_WizLab_Arch_FloorA_metallic.png
  artifactKey: Guid(93efe958cf6a72649b642706a2ba53a9) Importer(2089858483,0ecaa5967403d082aa24f35e1b516d23)
Start importing Assets/DuoDraconis Dungeon Set - Wizard Laboratory/Textures/DS_WizLab_Arch_FloorA_metallic.png using Guid(93efe958cf6a72649b642706a2ba53a9) Importer(2089858483,0ecaa5967403d082aa24f35e1b516d23) Generated GUIDs only implemented for interfaces!
 -> (artifact id: '25499a2faa938bdcbe2ea9dfbd4c6f83') in 0.027300 seconds
Number of updated asset objects reloaded before import = 0
Number of asset objects unloaded after import = 1
========================================================================
Received Import Request.
  Time since last request: 0.000011 seconds.
  path: Assets/DuoDraconis Dungeon Set - Wizard Laboratory/Textures/DS_WizLab_Furn_SmallBookcase_diffuse.png
  artifactKey: Guid(390ff96d780cfc24688d44b353901e8d) Importer(2089858483,0ecaa5967403d082aa24f35e1b516d23)
Start importing Assets/DuoDraconis Dungeon Set - Wizard Laboratory/Textures/DS_WizLab_Furn_SmallBookcase_diffuse.png using Guid(390ff96d780cfc24688d44b353901e8d) Importer(2089858483,0ecaa5967403d082aa24f35e1b516d23) Generated GUIDs only implemented for interfaces!
 -> (artifact id: '6e27594d4de539cb5339ddacfd4be7cc') in 0.029393 seconds
Number of updated asset objects reloaded before import = 0
Number of asset objects unloaded after import = 1
========================================================================
Received Import Request.
  Time since last request: 0.000011 seconds.
  path: Assets/DuoDraconis Dungeon Set - Wizard Laboratory/Prefab/DS_WizLab_Arch_Chimney.prefab
  artifactKey: Guid(f33d19a36a1920a478a28c8923836934) Importer(2089858483,0ecaa5967403d082aa24f35e1b516d23)
Start importing Assets/DuoDraconis Dungeon Set - Wizard Laboratory/Prefab/DS_WizLab_Arch_Chimney.prefab using Guid(f33d19a36a1920a478a28c8923836934) Importer(2089858483,0ecaa5967403d082aa24f35e1b516d23) Generated GUIDs only implemented for interfaces!
 -> (artifact id: 'a52892a6e57390387833ad5960f94353') in 0.035749 seconds
Number of updated asset objects reloaded before import = 0
Number of asset objects unloaded after import = 11
========================================================================
Received Import Request.
  Time since last request: 0.000020 seconds.
  path: Assets/DuoDraconis Dungeon Set - Wizard Laboratory/Meshes/DS_WizLab_Clut_ProbesIngot.fbx
  artifactKey: Guid(26ea505401337f74cb1ba8ad94439763) Importer(2089858483,0ecaa5967403d082aa24f35e1b516d23)
Start importing Assets/DuoDraconis Dungeon Set - Wizard Laboratory/Meshes/DS_WizLab_Clut_ProbesIngot.fbx using Guid(26ea505401337f74cb1ba8ad94439763) Importer(2089858483,0ecaa5967403d082aa24f35e1b516d23) Generated GUIDs only implemented for interfaces!
 -> (artifact id: 'eb573ec1fb977652caa99d001f6f2d6d') in 0.024780 seconds
Number of updated asset objects reloaded before import = 0
Number of asset objects unloaded after import = 7
========================================================================
Received Import Request.
  Time since last request: 0.000020 seconds.
  path: Assets/DuoDraconis Dungeon Set - Wizard Laboratory/Textures/DS_WizLab_Clut_TestTubeStand_roughness.png
  artifactKey: Guid(162beb2983ba22140b6817f86fce54df) Importer(2089858483,0ecaa5967403d082aa24f35e1b516d23)
Start importing Assets/DuoDraconis Dungeon Set - Wizard Laboratory/Textures/DS_WizLab_Clut_TestTubeStand_roughness.png using Guid(162beb2983ba22140b6817f86fce54df) Importer(2089858483,0ecaa5967403d082aa24f35e1b516d23) Generated GUIDs only implemented for interfaces!
 -> (artifact id: '65fb2d816fae8b650fd77ebf4085d7ec') in 0.037110 seconds
Number of updated asset objects reloaded before import = 0
Number of asset objects unloaded after import = 1
========================================================================
Received Import Request.
  Time since last request: 0.000012 seconds.
  path: Assets/DuoDraconis Dungeon Set - Wizard Laboratory/Textures/DS_WizLab_Furn_DeskChair_normal.png
  artifactKey: Guid(ef2a64b2151b95543834a9e7e744b144) Importer(2089858483,0ecaa5967403d082aa24f35e1b516d23)
Start importing Assets/DuoDraconis Dungeon Set - Wizard Laboratory/Textures/DS_WizLab_Furn_DeskChair_normal.png using Guid(ef2a64b2151b95543834a9e7e744b144) Importer(2089858483,0ecaa5967403d082aa24f35e1b516d23) Generated GUIDs only implemented for interfaces!
 -> (artifact id: '653203014e56ac2286e70de2e05176d2') in 0.029312 seconds
Number of updated asset objects reloaded before import = 0
Number of asset objects unloaded after import = 1
========================================================================
Received Import Request.
  Time since last request: 0.000162 seconds.
  path: Assets/DuoDraconis Dungeon Set - Wizard Laboratory/Textures/DS_WizLab_Clut_ContraptionB_ambientocclusion.png
  artifactKey: Guid(d43b10a82cb9f5e42ab8de3d842d4e61) Importer(2089858483,0ecaa5967403d082aa24f35e1b516d23)
Start importing Assets/DuoDraconis Dungeon Set - Wizard Laboratory/Textures/DS_WizLab_Clut_ContraptionB_ambientocclusion.png using Guid(d43b10a82cb9f5e42ab8de3d842d4e61) Importer(2089858483,0ecaa5967403d082aa24f35e1b516d23) Generated GUIDs only implemented for interfaces!
 -> (artifact id: '6e2761aa20ec451a801f4194043f9276') in 0.033498 seconds
Number of updated asset objects reloaded before import = 0
Number of asset objects unloaded after import = 1
========================================================================
Received Import Request.
  Time since last request: 0.000011 seconds.
  path: Assets/DuoDraconis Dungeon Set - Wizard Laboratory/Textures/DS_WizLab_Clut_ChalkBoard_diffuse_1.png
  artifactKey: Guid(5f17192e66108764a87b6c14d5c92e28) Importer(2089858483,0ecaa5967403d082aa24f35e1b516d23)
Start importing Assets/DuoDraconis Dungeon Set - Wizard Laboratory/Textures/DS_WizLab_Clut_ChalkBoard_diffuse_1.png using Guid(5f17192e66108764a87b6c14d5c92e28) Importer(2089858483,0ecaa5967403d082aa24f35e1b516d23) Generated GUIDs only implemented for interfaces!
 -> (artifact id: 'a286437e61c093b48a3ca608f3b0eba1') in 0.031524 seconds
Number of updated asset objects reloaded before import = 0
Number of asset objects unloaded after import = 1
========================================================================
Received Import Request.
  Time since last request: 0.000016 seconds.
  path: Assets/DuoDraconis Dungeon Set - Wizard Laboratory/Textures/DS_WizLab_Arch_FloorB_metallic.png
  artifactKey: Guid(3e6691fd4465675458d2e763590a784d) Importer(2089858483,0ecaa5967403d082aa24f35e1b516d23)
Start importing Assets/DuoDraconis Dungeon Set - Wizard Laboratory/Textures/DS_WizLab_Arch_FloorB_metallic.png using Guid(3e6691fd4465675458d2e763590a784d) Importer(2089858483,0ecaa5967403d082aa24f35e1b516d23) Generated GUIDs only implemented for interfaces!
 -> (artifact id: 'd27f4c483e5108531b7ad8ae7cbec181') in 0.033745 seconds
Number of updated asset objects reloaded before import = 0
Number of asset objects unloaded after import = 1
========================================================================
Received Import Request.
  Time since last request: 0.000017 seconds.
  path: Assets/DuoDraconis Dungeon Set - Wizard Laboratory/Textures/DS_WizLab_Furn_Bookcase_roughness.png
  artifactKey: Guid(db6ffddf150c52643ba684a22005c8f8) Importer(2089858483,0ecaa5967403d082aa24f35e1b516d23)
Start importing Assets/DuoDraconis Dungeon Set - Wizard Laboratory/Textures/DS_WizLab_Furn_Bookcase_roughness.png using Guid(db6ffddf150c52643ba684a22005c8f8) Importer(2089858483,0ecaa5967403d082aa24f35e1b516d23) Generated GUIDs only implemented for interfaces!
 -> (artifact id: 'e1b8ff08323678641bf957175fce3b70') in 0.033772 seconds
Number of updated asset objects reloaded before import = 0
Number of asset objects unloaded after import = 1
========================================================================
Received Import Request.
  Time since last request: 0.000135 seconds.
  path: Assets/DuoDraconis Dungeon Set - Wizard Laboratory/Meshes/DS_WizLab_Furn_Bookcase.fbx
  artifactKey: Guid(69fa47efdd2239a4781a5f81ccf141d8) Importer(2089858483,0ecaa5967403d082aa24f35e1b516d23)
Start importing Assets/DuoDraconis Dungeon Set - Wizard Laboratory/Meshes/DS_WizLab_Furn_Bookcase.fbx using Guid(69fa47efdd2239a4781a5f81ccf141d8) Importer(2089858483,0ecaa5967403d082aa24f35e1b516d23) Generated GUIDs only implemented for interfaces!
 -> (artifact id: '32c5916a1630167a96fca126803e5550') in 0.017812 seconds
Number of updated asset objects reloaded before import = 0
Number of asset objects unloaded after import = 7
========================================================================
Received Import Request.
  Time since last request: 0.000012 seconds.
  path: Assets/DuoDraconis Dungeon Set - Wizard Laboratory/Textures/DS_WizLab_Arch_FloorA_diffuse.png
  artifactKey: Guid(0a08d9a7210c1c441b96d1ef0a2aaab5) Importer(2089858483,0ecaa5967403d082aa24f35e1b516d23)
Start importing Assets/DuoDraconis Dungeon Set - Wizard Laboratory/Textures/DS_WizLab_Arch_FloorA_diffuse.png using Guid(0a08d9a7210c1c441b96d1ef0a2aaab5) Importer(2089858483,0ecaa5967403d082aa24f35e1b516d23) Generated GUIDs only implemented for interfaces!
 -> (artifact id: 'a44cc2a7d8d22fa2b0227294dd2d977e') in 0.029442 seconds
Number of updated asset objects reloaded before import = 0
Number of asset objects unloaded after import = 1
========================================================================
Received Import Request.
  Time since last request: 0.000010 seconds.
  path: Assets/DuoDraconis Dungeon Set - Wizard Laboratory/Prefab/DS_WizLab_Arch_Column.prefab
  artifactKey: Guid(56b8c7f9b214360438634cece4b24cb3) Importer(2089858483,0ecaa5967403d082aa24f35e1b516d23)
Start importing Assets/DuoDraconis Dungeon Set - Wizard Laboratory/Prefab/DS_WizLab_Arch_Column.prefab using Guid(56b8c7f9b214360438634cece4b24cb3) Importer(2089858483,0ecaa5967403d082aa24f35e1b516d23) Generated GUIDs only implemented for interfaces!
 -> (artifact id: '7da14f3c20c1ca0d8188afff78ab6a56') in 0.015485 seconds
Number of updated asset objects reloaded before import = 0
Number of asset objects unloaded after import = 8
========================================================================
Received Import Request.
  Time since last request: 0.000012 seconds.
  path: Assets/DuoDraconis Dungeon Set - Wizard Laboratory/Textures/DS_WizLab_Arch_WindowA_metallic.png
  artifactKey: Guid(a40d55c72b1b56e4397e479b4eaf4a9b) Importer(2089858483,0ecaa5967403d082aa24f35e1b516d23)
Start importing Assets/DuoDraconis Dungeon Set - Wizard Laboratory/Textures/DS_WizLab_Arch_WindowA_metallic.png using Guid(a40d55c72b1b56e4397e479b4eaf4a9b) Importer(2089858483,0ecaa5967403d082aa24f35e1b516d23) Generated GUIDs only implemented for interfaces!
 -> (artifact id: '7769d0c231ea5fa3ade9786843290a82') in 0.038039 seconds
Number of updated asset objects reloaded before import = 0
Number of asset objects unloaded after import = 1
========================================================================
Received Import Request.
  Time since last request: 0.000013 seconds.
  path: Assets/DuoDraconis Dungeon Set - Wizard Laboratory/Textures/DS_WizLab_Arch_FloorK_roughness.png
  artifactKey: Guid(64b54795e5ccbf44fbf9d65a784fc02f) Importer(2089858483,0ecaa5967403d082aa24f35e1b516d23)
Start importing Assets/DuoDraconis Dungeon Set - Wizard Laboratory/Textures/DS_WizLab_Arch_FloorK_roughness.png using Guid(64b54795e5ccbf44fbf9d65a784fc02f) Importer(2089858483,0ecaa5967403d082aa24f35e1b516d23) Generated GUIDs only implemented for interfaces!
 -> (artifact id: 'a806ec0ef6f165dacd04a171b881187b') in 0.047605 seconds
Number of updated asset objects reloaded before import = 0
Number of asset objects unloaded after import = 1
========================================================================
Received Import Request.
  Time since last request: 0.000021 seconds.
  path: Assets/DuoDraconis Dungeon Set - Wizard Laboratory/Textures/DS_WizLab_Arch_FloorH_ambientocclusion.png
  artifactKey: Guid(a5ca7491b235e0b46bf06ca9964f0a3c) Importer(2089858483,0ecaa5967403d082aa24f35e1b516d23)
Start importing Assets/DuoDraconis Dungeon Set - Wizard Laboratory/Textures/DS_WizLab_Arch_FloorH_ambientocclusion.png using Guid(a5ca7491b235e0b46bf06ca9964f0a3c) Importer(2089858483,0ecaa5967403d082aa24f35e1b516d23) Generated GUIDs only implemented for interfaces!
 -> (artifact id: '8cd3bd2bd56a327a4f52cf756056c7b8') in 0.029185 seconds
Number of updated asset objects reloaded before import = 0
Number of asset objects unloaded after import = 1
========================================================================
Received Import Request.
  Time since last request: 0.000013 seconds.
  path: Assets/DuoDraconis Dungeon Set - Wizard Laboratory/Textures/DS_WizLab_Furn_WallLight_ambientocclusion.png
  artifactKey: Guid(761f54757decf2f459d02a075b3f05e0) Importer(2089858483,0ecaa5967403d082aa24f35e1b516d23)
Start importing Assets/DuoDraconis Dungeon Set - Wizard Laboratory/Textures/DS_WizLab_Furn_WallLight_ambientocclusion.png using Guid(761f54757decf2f459d02a075b3f05e0) Importer(2089858483,0ecaa5967403d082aa24f35e1b516d23) Generated GUIDs only implemented for interfaces!
 -> (artifact id: '0c42e3552416608bdf0900b30f0d3ce3') in 0.030691 seconds
Number of updated asset objects reloaded before import = 0
Number of asset objects unloaded after import = 1
========================================================================
Received Import Request.
  Time since last request: 0.000013 seconds.
  path: Assets/DuoDraconis Dungeon Set - Wizard Laboratory/Textures/DS_WizLab_Arch_WindowA_Glass_roughness.png
  artifactKey: Guid(f3834ab08dd1e5143827a3e8eec68877) Importer(2089858483,0ecaa5967403d082aa24f35e1b516d23)
Start importing Assets/DuoDraconis Dungeon Set - Wizard Laboratory/Textures/DS_WizLab_Arch_WindowA_Glass_roughness.png using Guid(f3834ab08dd1e5143827a3e8eec68877) Importer(2089858483,0ecaa5967403d082aa24f35e1b516d23) Generated GUIDs only implemented for interfaces!
 -> (artifact id: '5a023014b9c1228959ebe16afaf38ac7') in 0.023465 seconds
Number of updated asset objects reloaded before import = 0
Number of asset objects unloaded after import = 1
========================================================================
Received Import Request.
  Time since last request: 0.000012 seconds.
  path: Assets/DuoDraconis Dungeon Set - Wizard Laboratory/Prefab/DS_WizLab_Clut_ProbesIngot_01.prefab
  artifactKey: Guid(fb2f0c66901be88409e11b9129462db3) Importer(2089858483,0ecaa5967403d082aa24f35e1b516d23)
Start importing Assets/DuoDraconis Dungeon Set - Wizard Laboratory/Prefab/DS_WizLab_Clut_ProbesIngot_01.prefab using Guid(fb2f0c66901be88409e11b9129462db3) Importer(2089858483,0ecaa5967403d082aa24f35e1b516d23) Generated GUIDs only implemented for interfaces!
 -> (artifact id: 'c5b9040c1ab92b21f68e0e8201d82ce6') in 0.015271 seconds
Number of updated asset objects reloaded before import = 0
Number of asset objects unloaded after import = 19
========================================================================
Received Import Request.
  Time since last request: 0.000013 seconds.
  path: Assets/DuoDraconis Dungeon Set - Wizard Laboratory/Textures/DS_WizLab_Furn_ApothecaryRack_roughness.png
  artifactKey: Guid(c50041dcfb2785f44abe3ec838c1c573) Importer(2089858483,0ecaa5967403d082aa24f35e1b516d23)
Start importing Assets/DuoDraconis Dungeon Set - Wizard Laboratory/Textures/DS_WizLab_Furn_ApothecaryRack_roughness.png using Guid(c50041dcfb2785f44abe3ec838c1c573) Importer(2089858483,0ecaa5967403d082aa24f35e1b516d23) Generated GUIDs only implemented for interfaces!
 -> (artifact id: '0753ba45c37d5da61569346250a5a3da') in 0.040024 seconds
Number of updated asset objects reloaded before import = 0
Number of asset objects unloaded after import = 1
========================================================================
Received Import Request.
  Time since last request: 0.000014 seconds.
  path: Assets/DuoDraconis Dungeon Set - Wizard Laboratory/Meshes/DS_WizLab_Furn_Console.fbx
  artifactKey: Guid(15877d1fd8e55fc449dc9caa4017df44) Importer(2089858483,0ecaa5967403d082aa24f35e1b516d23)
Start importing Assets/DuoDraconis Dungeon Set - Wizard Laboratory/Meshes/DS_WizLab_Furn_Console.fbx using Guid(15877d1fd8e55fc449dc9caa4017df44) Importer(2089858483,0ecaa5967403d082aa24f35e1b516d23) Generated GUIDs only implemented for interfaces!
 -> (artifact id: '7950ae1a8dca6325a7a4fff85a5143a7') in 0.016605 seconds
Number of updated asset objects reloaded before import = 0
Number of asset objects unloaded after import = 7
========================================================================
Received Import Request.
  Time since last request: 0.000018 seconds.
  path: Assets/DuoDraconis Dungeon Set - Wizard Laboratory/Textures/DS_WizLab_Furn_SmallBookcase_roughness.png
  artifactKey: Guid(19646e48109ce5a4cb7d02e791a4af8a) Importer(2089858483,0ecaa5967403d082aa24f35e1b516d23)
Start importing Assets/DuoDraconis Dungeon Set - Wizard Laboratory/Textures/DS_WizLab_Furn_SmallBookcase_roughness.png using Guid(19646e48109ce5a4cb7d02e791a4af8a) Importer(2089858483,0ecaa5967403d082aa24f35e1b516d23) Generated GUIDs only implemented for interfaces!
 -> (artifact id: '6945c298bdafb534ddaf972c429baf94') in 0.026692 seconds
Number of updated asset objects reloaded before import = 0
Number of asset objects unloaded after import = 1
========================================================================
Received Import Request.
  Time since last request: 0.000011 seconds.
  path: Assets/DuoDraconis Dungeon Set - Wizard Laboratory/Material/DS_WizLab_Furn_Shelf.mat
  artifactKey: Guid(5cccb7cbbaf81c54787fe86a007677cb) Importer(2089858483,0ecaa5967403d082aa24f35e1b516d23)
Start importing Assets/DuoDraconis Dungeon Set - Wizard Laboratory/Material/DS_WizLab_Furn_Shelf.mat using Guid(5cccb7cbbaf81c54787fe86a007677cb) Importer(2089858483,0ecaa5967403d082aa24f35e1b516d23) Generated GUIDs only implemented for interfaces!
 -> (artifact id: '9466c11e6e9b61b603a553455603f67a') in 0.032883 seconds
Number of updated asset objects reloaded before import = 0
Number of asset objects unloaded after import = 6
========================================================================
Received Import Request.
  Time since last request: 0.000012 seconds.
  path: Assets/DuoDraconis Dungeon Set - Wizard Laboratory/Textures/DS_WizLab_Furn_FlatDrawerRack_normal.png
  artifactKey: Guid(277aa9fa16d2496448d6b3f0c9c9a085) Importer(2089858483,0ecaa5967403d082aa24f35e1b516d23)
Start importing Assets/DuoDraconis Dungeon Set - Wizard Laboratory/Textures/DS_WizLab_Furn_FlatDrawerRack_normal.png using Guid(277aa9fa16d2496448d6b3f0c9c9a085) Importer(2089858483,0ecaa5967403d082aa24f35e1b516d23) Generated GUIDs only implemented for interfaces!
 -> (artifact id: 'c5a086c58790a5ea9b8305b800619fe4') in 0.031485 seconds
Number of updated asset objects reloaded before import = 0
Number of asset objects unloaded after import = 1
========================================================================
Received Import Request.
  Time since last request: 0.000015 seconds.
  path: Assets/DuoDraconis Dungeon Set - Wizard Laboratory/Material/DS_WizLab_Arch_WindowB_Glass_00.mat
  artifactKey: Guid(eeee4488973aeb846826803b1c6efd3f) Importer(2089858483,0ecaa5967403d082aa24f35e1b516d23)
Start importing Assets/DuoDraconis Dungeon Set - Wizard Laboratory/Material/DS_WizLab_Arch_WindowB_Glass_00.mat using Guid(eeee4488973aeb846826803b1c6efd3f) Importer(2089858483,0ecaa5967403d082aa24f35e1b516d23) Generated GUIDs only implemented for interfaces!
 -> (artifact id: 'ce1ca4e28289e7324a49dccab667091b') in 0.025784 seconds
Number of updated asset objects reloaded before import = 0
Number of asset objects unloaded after import = 6
========================================================================
Received Import Request.
  Time since last request: 0.000014 seconds.
  path: Assets/DuoDraconis Dungeon Set - Wizard Laboratory/Prefab/DS_WizLab_Arch_WindowC_01.prefab
  artifactKey: Guid(75fe1b5d4be0ff44fa6cf5af5fa55af1) Importer(2089858483,0ecaa5967403d082aa24f35e1b516d23)
Start importing Assets/DuoDraconis Dungeon Set - Wizard Laboratory/Prefab/DS_WizLab_Arch_WindowC_01.prefab using Guid(75fe1b5d4be0ff44fa6cf5af5fa55af1) Importer(2089858483,0ecaa5967403d082aa24f35e1b516d23) Generated GUIDs only implemented for interfaces!
 -> (artifact id: '916dcc59a266eac35f8e2c95901f75ee') in 0.020264 seconds
Number of updated asset objects reloaded before import = 0
Number of asset objects unloaded after import = 33
========================================================================
Received Import Request.
  Time since last request: 0.000022 seconds.
  path: Assets/DuoDraconis Dungeon Set - Wizard Laboratory/DemoScene/LightingData.asset
  artifactKey: Guid(3cd7855f1992d3640b5404e579f2f865) Importer(2089858483,0ecaa5967403d082aa24f35e1b516d23)
Start importing Assets/DuoDraconis Dungeon Set - Wizard Laboratory/DemoScene/LightingData.asset using Guid(3cd7855f1992d3640b5404e579f2f865) Importer(2089858483,0ecaa5967403d082aa24f35e1b516d23) Generated GUIDs only implemented for interfaces!
 -> (artifact id: '3d4dfca0d1b5cc3a9e88540e3bce28cc') in 0.014952 seconds
Number of updated asset objects reloaded before import = 0
Number of asset objects unloaded after import = 2
========================================================================
Received Import Request.
  Time since last request: 0.000014 seconds.
  path: Assets/DuoDraconis Dungeon Set - Wizard Laboratory/Prefab/DS_WizLab_Clut_ProbesIngot_00.prefab
  artifactKey: Guid(1fbe03409c50b35479c4797324ca669e) Importer(2089858483,0ecaa5967403d082aa24f35e1b516d23)
Start importing Assets/DuoDraconis Dungeon Set - Wizard Laboratory/Prefab/DS_WizLab_Clut_ProbesIngot_00.prefab using Guid(1fbe03409c50b35479c4797324ca669e) Importer(2089858483,0ecaa5967403d082aa24f35e1b516d23) Generated GUIDs only implemented for interfaces!
 -> (artifact id: '0bd51dfcc437d261e2c2ee7e11df54e5') in 0.011750 seconds
Number of updated asset objects reloaded before import = 0
Number of asset objects unloaded after import = 10
========================================================================
Received Import Request.
  Time since last request: 0.000012 seconds.
  path: Assets/DuoDraconis Dungeon Set - Wizard Laboratory/Textures/DS_WizLab_Arch_Staircase_ambientocclusion.png
  artifactKey: Guid(97a1d96328f2c2644aaa092bdf04bcf3) Importer(2089858483,0ecaa5967403d082aa24f35e1b516d23)
Start importing Assets/DuoDraconis Dungeon Set - Wizard Laboratory/Textures/DS_WizLab_Arch_Staircase_ambientocclusion.png using Guid(97a1d96328f2c2644aaa092bdf04bcf3) Importer(2089858483,0ecaa5967403d082aa24f35e1b516d23) Generated GUIDs only implemented for interfaces!
 -> (artifact id: '3c57fa3bd2e7830bfe992a0b6b79397f') in 0.030954 seconds
Number of updated asset objects reloaded before import = 0
Number of asset objects unloaded after import = 1
========================================================================
Received Import Request.
  Time since last request: 0.000011 seconds.
  path: Assets/DuoDraconis Dungeon Set - Wizard Laboratory/Textures/DS_WizLab_Arch_Staircase_roughness.png
  artifactKey: Guid(3bffe051239ab4040b0202ad1ec7cf1f) Importer(2089858483,0ecaa5967403d082aa24f35e1b516d23)
Start importing Assets/DuoDraconis Dungeon Set - Wizard Laboratory/Textures/DS_WizLab_Arch_Staircase_roughness.png using Guid(3bffe051239ab4040b0202ad1ec7cf1f) Importer(2089858483,0ecaa5967403d082aa24f35e1b516d23) Generated GUIDs only implemented for interfaces!
 -> (artifact id: 'a66c365a1f32306ec5cb72a231878924') in 0.024650 seconds
Number of updated asset objects reloaded before import = 0
Number of asset objects unloaded after import = 1
========================================================================
Received Import Request.
  Time since last request: 0.000013 seconds.
  path: Assets/DuoDraconis Dungeon Set - Wizard Laboratory/Textures/DS_WizLab_Furn_Chimney_metallic.png
  artifactKey: Guid(5ab2e06509b343e4cb64efeb277b30f0) Importer(2089858483,0ecaa5967403d082aa24f35e1b516d23)
Start importing Assets/DuoDraconis Dungeon Set - Wizard Laboratory/Textures/DS_WizLab_Furn_Chimney_metallic.png using Guid(5ab2e06509b343e4cb64efeb277b30f0) Importer(2089858483,0ecaa5967403d082aa24f35e1b516d23) Generated GUIDs only implemented for interfaces!
 -> (artifact id: 'c3e676b376ff208aab14410e55885266') in 0.024662 seconds
Number of updated asset objects reloaded before import = 0
Number of asset objects unloaded after import = 1
========================================================================
Received Import Request.
  Time since last request: 0.000016 seconds.
  path: Assets/DuoDraconis Dungeon Set - Wizard Laboratory/Textures/DS_WizLab_Furn_Desk_normal.png
  artifactKey: Guid(53ebf2002483a1c43ab16e686c2ee385) Importer(2089858483,0ecaa5967403d082aa24f35e1b516d23)
Start importing Assets/DuoDraconis Dungeon Set - Wizard Laboratory/Textures/DS_WizLab_Furn_Desk_normal.png using Guid(53ebf2002483a1c43ab16e686c2ee385) Importer(2089858483,0ecaa5967403d082aa24f35e1b516d23) Generated GUIDs only implemented for interfaces!
 -> (artifact id: 'a345d744d8c5df5116c2db2f75e671f0') in 0.033438 seconds
Number of updated asset objects reloaded before import = 0
Number of asset objects unloaded after import = 1
========================================================================
Received Import Request.
  Time since last request: 0.000019 seconds.
  path: Assets/DuoDraconis Dungeon Set - Wizard Laboratory/Textures/DS_WizLab_Clut_Rug_metallic.png
  artifactKey: Guid(c7cd4c0c1d173e44097d3639855a8b86) Importer(2089858483,0ecaa5967403d082aa24f35e1b516d23)
Start importing Assets/DuoDraconis Dungeon Set - Wizard Laboratory/Textures/DS_WizLab_Clut_Rug_metallic.png using Guid(c7cd4c0c1d173e44097d3639855a8b86) Importer(2089858483,0ecaa5967403d082aa24f35e1b516d23) Generated GUIDs only implemented for interfaces!
 -> (artifact id: 'd7842c296878a96fb1b4af26cf105ea4') in 0.053731 seconds
Number of updated asset objects reloaded before import = 0
Number of asset objects unloaded after import = 1
========================================================================
Received Import Request.
  Time since last request: 0.000013 seconds.
  path: Assets/DuoDraconis Dungeon Set - Wizard Laboratory/Material
  artifactKey: Guid(e781855256e803945ab994e875091f29) Importer(2089858483,0ecaa5967403d082aa24f35e1b516d23)
Start importing Assets/DuoDraconis Dungeon Set - Wizard Laboratory/Material using Guid(e781855256e803945ab994e875091f29) Importer(2089858483,0ecaa5967403d082aa24f35e1b516d23) Generated GUIDs only implemented for interfaces!
 -> (artifact id: '8ef8264c604a3eff256a622b53cf4b12') in 0.025963 seconds
Number of updated asset objects reloaded before import = 0
Number of asset objects unloaded after import = 1
========================================================================
Received Import Request.
  Time since last request: 0.000082 seconds.
  path: Assets/DuoDraconis Dungeon Set - Wizard Laboratory/Textures/DS_WizLab_Arch_Door_roughness.png
  artifactKey: Guid(13c973d482486774b8fa25c55415805c) Importer(2089858483,0ecaa5967403d082aa24f35e1b516d23)
Start importing Assets/DuoDraconis Dungeon Set - Wizard Laboratory/Textures/DS_WizLab_Arch_Door_roughness.png using Guid(13c973d482486774b8fa25c55415805c) Importer(2089858483,0ecaa5967403d082aa24f35e1b516d23) Generated GUIDs only implemented for interfaces!
 -> (artifact id: '1524ae9be06027172eccc738f056e1a1') in 0.043603 seconds
Number of updated asset objects reloaded before import = 0
Number of asset objects unloaded after import = 1
========================================================================
Received Import Request.
  Time since last request: 0.000012 seconds.
  path: Assets/DuoDraconis Dungeon Set - Wizard Laboratory/DemoScene/DemoScene_Walls.mat
  artifactKey: Guid(7508e4df5f42e164090789a2ace8bfa5) Importer(2089858483,0ecaa5967403d082aa24f35e1b516d23)
Start importing Assets/DuoDraconis Dungeon Set - Wizard Laboratory/DemoScene/DemoScene_Walls.mat using Guid(7508e4df5f42e164090789a2ace8bfa5) Importer(2089858483,0ecaa5967403d082aa24f35e1b516d23) Generated GUIDs only implemented for interfaces!
 -> (artifact id: '0ba209056980149a23ba44c909900204') in 0.024776 seconds
Number of updated asset objects reloaded before import = 0
Number of asset objects unloaded after import = 1
========================================================================
Received Import Request.
  Time since last request: 0.000017 seconds.
  path: Assets/DuoDraconis Dungeon Set - Wizard Laboratory/Textures/DS_WizLab_Arch_Wall_Inside_diffuse.png
  artifactKey: Guid(8c9b25818958f1145999b64f37cfcb82) Importer(2089858483,0ecaa5967403d082aa24f35e1b516d23)
Start importing Assets/DuoDraconis Dungeon Set - Wizard Laboratory/Textures/DS_WizLab_Arch_Wall_Inside_diffuse.png using Guid(8c9b25818958f1145999b64f37cfcb82) Importer(2089858483,0ecaa5967403d082aa24f35e1b516d23) Generated GUIDs only implemented for interfaces!
 -> (artifact id: '79e31eb6e1a0dfc208044f22fc48c62f') in 0.028449 seconds
Number of updated asset objects reloaded before import = 0
Number of asset objects unloaded after import = 1
========================================================================
Received Import Request.
  Time since last request: 0.000019 seconds.
  path: Assets/DuoDraconis Dungeon Set - Wizard Laboratory/Material/DS_WizLab_Arch_FloorH.mat
  artifactKey: Guid(d35a9c2576f625c4bb30998584ede8d3) Importer(2089858483,0ecaa5967403d082aa24f35e1b516d23)
Start importing Assets/DuoDraconis Dungeon Set - Wizard Laboratory/Material/DS_WizLab_Arch_FloorH.mat using Guid(d35a9c2576f625c4bb30998584ede8d3) Importer(2089858483,0ecaa5967403d082aa24f35e1b516d23) Generated GUIDs only implemented for interfaces!
 -> (artifact id: '8d29a21eb79f04c6efc3ac2cdfc810ed') in 0.026250 seconds
Number of updated asset objects reloaded before import = 0
Number of asset objects unloaded after import = 6
========================================================================
Received Import Request.
  Time since last request: 0.000011 seconds.
  path: Assets/DuoDraconis Dungeon Set - Wizard Laboratory/Textures/DS_WizLab_Clut_ProbesHorns_ambientocclusion.png
  artifactKey: Guid(7c7c2fe9a5d64a24ea83712d6a550d86) Importer(2089858483,0ecaa5967403d082aa24f35e1b516d23)
Start importing Assets/DuoDraconis Dungeon Set - Wizard Laboratory/Textures/DS_WizLab_Clut_ProbesHorns_ambientocclusion.png using Guid(7c7c2fe9a5d64a24ea83712d6a550d86) Importer(2089858483,0ecaa5967403d082aa24f35e1b516d23) Generated GUIDs only implemented for interfaces!
 -> (artifact id: '63d7d01e3dcf084759b806489c8be2a8') in 0.037351 seconds
Number of updated asset objects reloaded before import = 0
Number of asset objects unloaded after import = 1
========================================================================
Received Import Request.
  Time since last request: 0.000011 seconds.
  path: Assets/DuoDraconis Dungeon Set - Wizard Laboratory/Textures/DS_WizLab_Clut_ChalkBoard_normal.png
  artifactKey: Guid(ee2b0cece862e3746b04b2694b1f173d) Importer(2089858483,0ecaa5967403d082aa24f35e1b516d23)
Start importing Assets/DuoDraconis Dungeon Set - Wizard Laboratory/Textures/DS_WizLab_Clut_ChalkBoard_normal.png using Guid(ee2b0cece862e3746b04b2694b1f173d) Importer(2089858483,0ecaa5967403d082aa24f35e1b516d23) Generated GUIDs only implemented for interfaces!
 -> (artifact id: 'd4476cea37bb692360210bfcd666e858') in 0.041568 seconds
Number of updated asset objects reloaded before import = 0
Number of asset objects unloaded after import = 1
========================================================================
Received Import Request.
  Time since last request: 0.000014 seconds.
  path: Assets/DuoDraconis Dungeon Set - Wizard Laboratory/Material/DS_WizLab_Furn_Chimney.mat
  artifactKey: Guid(bbc3abcd0ea0a3e4b8ca287ae4f994c8) Importer(2089858483,0ecaa5967403d082aa24f35e1b516d23)
Start importing Assets/DuoDraconis Dungeon Set - Wizard Laboratory/Material/DS_WizLab_Furn_Chimney.mat using Guid(bbc3abcd0ea0a3e4b8ca287ae4f994c8) Importer(2089858483,0ecaa5967403d082aa24f35e1b516d23) Generated GUIDs only implemented for interfaces!
 -> (artifact id: 'c80407542084981893d62caae5f5619f') in 0.057082 seconds
Number of updated asset objects reloaded before import = 0
Number of asset objects unloaded after import = 6
========================================================================
Received Import Request.
  Time since last request: 0.000015 seconds.
  path: Assets/DuoDraconis Dungeon Set - Wizard Laboratory/Textures/DS_WizLab_Arch_FloorG_normal.png
  artifactKey: Guid(3950c80803ef4924493e3d849426466b) Importer(2089858483,0ecaa5967403d082aa24f35e1b516d23)
Start importing Assets/DuoDraconis Dungeon Set - Wizard Laboratory/Textures/DS_WizLab_Arch_FloorG_normal.png using Guid(3950c80803ef4924493e3d849426466b) Importer(2089858483,0ecaa5967403d082aa24f35e1b516d23) Generated GUIDs only implemented for interfaces!
 -> (artifact id: 'd0514c2bd20212d788c68594f95eb58f') in 0.030319 seconds
Number of updated asset objects reloaded before import = 0
Number of asset objects unloaded after import = 1
========================================================================
Received Import Request.
  Time since last request: 0.000024 seconds.
  path: Assets/DuoDraconis Dungeon Set - Wizard Laboratory/DemoScene/Lightmap-0_comp_light.exr
  artifactKey: Guid(2b0e735cfd5542148a668705f4ecb068) Importer(2089858483,0ecaa5967403d082aa24f35e1b516d23)
Start importing Assets/DuoDraconis Dungeon Set - Wizard Laboratory/DemoScene/Lightmap-0_comp_light.exr using Guid(2b0e735cfd5542148a668705f4ecb068) Importer(2089858483,0ecaa5967403d082aa24f35e1b516d23) Generated GUIDs only implemented for interfaces!
 -> (artifact id: '942e381dd5ea8995f18549a64b7cee72') in 0.085825 seconds
Number of updated asset objects reloaded before import = 0
Number of asset objects unloaded after import = 1
========================================================================
Received Import Request.
  Time since last request: 0.000016 seconds.
  path: Assets/DuoDraconis Dungeon Set - Wizard Laboratory/Textures/DS_WizLab_Arch_FloorB_diffuse.png
  artifactKey: Guid(b6363267d3f4b2549b56204b3f36aa65) Importer(2089858483,0ecaa5967403d082aa24f35e1b516d23)
Start importing Assets/DuoDraconis Dungeon Set - Wizard Laboratory/Textures/DS_WizLab_Arch_FloorB_diffuse.png using Guid(b6363267d3f4b2549b56204b3f36aa65) Importer(2089858483,0ecaa5967403d082aa24f35e1b516d23) Generated GUIDs only implemented for interfaces!
 -> (artifact id: '40d09bcd9784604ccc0844fdba3d283d') in 0.042637 seconds
Number of updated asset objects reloaded before import = 0
Number of asset objects unloaded after import = 1
========================================================================
Received Import Request.
  Time since last request: 0.000017 seconds.
  path: Assets/DuoDraconis Dungeon Set - Wizard Laboratory/Textures/DS_WizLab_Clut_FlaskBox_roughness.png
  artifactKey: Guid(4be7a1b12ff18014083636b318d09373) Importer(2089858483,0ecaa5967403d082aa24f35e1b516d23)
Start importing Assets/DuoDraconis Dungeon Set - Wizard Laboratory/Textures/DS_WizLab_Clut_FlaskBox_roughness.png using Guid(4be7a1b12ff18014083636b318d09373) Importer(2089858483,0ecaa5967403d082aa24f35e1b516d23) Generated GUIDs only implemented for interfaces!
 -> (artifact id: '6312fb36b40f4c83b38467dd19a4f53c') in 0.032048 seconds
Number of updated asset objects reloaded before import = 0
Number of asset objects unloaded after import = 1
========================================================================
Received Import Request.
  Time since last request: 0.000021 seconds.
  path: Assets/DuoDraconis Dungeon Set - Wizard Laboratory/Textures/DS_WizLab_Arch_WindowB_Glass_00_opactiy.png
  artifactKey: Guid(8d8f7f76a259a8148b51824b3b5a1c16) Importer(2089858483,0ecaa5967403d082aa24f35e1b516d23)
Start importing Assets/DuoDraconis Dungeon Set - Wizard Laboratory/Textures/DS_WizLab_Arch_WindowB_Glass_00_opactiy.png using Guid(8d8f7f76a259a8148b51824b3b5a1c16) Importer(2089858483,0ecaa5967403d082aa24f35e1b516d23) Generated GUIDs only implemented for interfaces!
 -> (artifact id: 'cd8c075674fb8419ff6f689ee88cbb9b') in 0.035368 seconds
Number of updated asset objects reloaded before import = 0
Number of asset objects unloaded after import = 1
========================================================================
Received Import Request.
  Time since last request: 0.000011 seconds.
  path: Assets/DuoDraconis Dungeon Set - Wizard Laboratory/Textures/DS_WizLab_Clut_ProbesCrystal_diffuse.png
  artifactKey: Guid(125d48aea651aff41bcf8ba82b521d94) Importer(2089858483,0ecaa5967403d082aa24f35e1b516d23)
Start importing Assets/DuoDraconis Dungeon Set - Wizard Laboratory/Textures/DS_WizLab_Clut_ProbesCrystal_diffuse.png using Guid(125d48aea651aff41bcf8ba82b521d94) Importer(2089858483,0ecaa5967403d082aa24f35e1b516d23) Generated GUIDs only implemented for interfaces!
 -> (artifact id: 'e53e0643c5066cf7adf2536a5c468534') in 0.030879 seconds
Number of updated asset objects reloaded before import = 0
Number of asset objects unloaded after import = 1
========================================================================
Received Import Request.
  Time since last request: 0.000011 seconds.
  path: Assets/DuoDraconis Dungeon Set - Wizard Laboratory/Textures/DS_WizLab_Clut_MortarAndPestal_ambientocclusion.png
  artifactKey: Guid(1036262cd04898645bead968eaf7ce1e) Importer(2089858483,0ecaa5967403d082aa24f35e1b516d23)
Start importing Assets/DuoDraconis Dungeon Set - Wizard Laboratory/Textures/DS_WizLab_Clut_MortarAndPestal_ambientocclusion.png using Guid(1036262cd04898645bead968eaf7ce1e) Importer(2089858483,0ecaa5967403d082aa24f35e1b516d23) Generated GUIDs only implemented for interfaces!
 -> (artifact id: '6da39b3d66c2d5a5f553a984d921f45c') in 0.036347 seconds
Number of updated asset objects reloaded before import = 0
Number of asset objects unloaded after import = 1
========================================================================
Received Import Request.
  Time since last request: 0.000013 seconds.
  path: Assets/DuoDraconis Dungeon Set - Wizard Laboratory/Meshes/DS_WizLab_Arch_Floor.fbx
  artifactKey: Guid(14e77e1ea5cb33d43bda8e5835ff09ee) Importer(2089858483,0ecaa5967403d082aa24f35e1b516d23)
Start importing Assets/DuoDraconis Dungeon Set - Wizard Laboratory/Meshes/DS_WizLab_Arch_Floor.fbx using Guid(14e77e1ea5cb33d43bda8e5835ff09ee) Importer(2089858483,0ecaa5967403d082aa24f35e1b516d23) Generated GUIDs only implemented for interfaces!
 -> (artifact id: 'b79c92d30fc83f40a05b8dd61f0f40d3') in 0.023279 seconds
Number of updated asset objects reloaded before import = 0
Number of asset objects unloaded after import = 7
========================================================================
Received Import Request.
  Time since last request: 0.000016 seconds.
  path: Assets/DuoDraconis Dungeon Set - Wizard Laboratory/Textures/DS_WizLab_Arch_WindowB_Glass_01_opactiy.png
  artifactKey: Guid(f6dc3b3e140770f429ccf211e4140d38) Importer(2089858483,0ecaa5967403d082aa24f35e1b516d23)
Start importing Assets/DuoDraconis Dungeon Set - Wizard Laboratory/Textures/DS_WizLab_Arch_WindowB_Glass_01_opactiy.png using Guid(f6dc3b3e140770f429ccf211e4140d38) Importer(2089858483,0ecaa5967403d082aa24f35e1b516d23) Generated GUIDs only implemented for interfaces!
 -> (artifact id: '04e067baa1566d26e833872ea5db4176') in 0.032735 seconds
Number of updated asset objects reloaded before import = 0
Number of asset objects unloaded after import = 1
========================================================================
Received Import Request.
  Time since last request: 0.000058 seconds.
  path: Assets/DuoDraconis Dungeon Set - Wizard Laboratory/Material/DS_WizLab_Furn_FlatDrawerRack.mat
  artifactKey: Guid(a77d57f011bb7934dad146ebcef6cdec) Importer(2089858483,0ecaa5967403d082aa24f35e1b516d23)
Start importing Assets/DuoDraconis Dungeon Set - Wizard Laboratory/Material/DS_WizLab_Furn_FlatDrawerRack.mat using Guid(a77d57f011bb7934dad146ebcef6cdec) Importer(2089858483,0ecaa5967403d082aa24f35e1b516d23) Generated GUIDs only implemented for interfaces!
 -> (artifact id: '5cc1f506834f754da9cb37a50e2bf7e7') in 0.038785 seconds
Number of updated asset objects reloaded before import = 0
Number of asset objects unloaded after import = 6
========================================================================
Received Import Request.
  Time since last request: 0.000015 seconds.
  path: Assets/DuoDraconis Dungeon Set - Wizard Laboratory/DemoScene/Lightmap-2_comp_light.exr
  artifactKey: Guid(9db6af0c8cb016c43b495734283c8945) Importer(2089858483,0ecaa5967403d082aa24f35e1b516d23)
Start importing Assets/DuoDraconis Dungeon Set - Wizard Laboratory/DemoScene/Lightmap-2_comp_light.exr using Guid(9db6af0c8cb016c43b495734283c8945) Importer(2089858483,0ecaa5967403d082aa24f35e1b516d23) Generated GUIDs only implemented for interfaces!
 -> (artifact id: '0f9a8b6ebaaed93780f851e3a2385a85') in 0.044320 seconds
Number of updated asset objects reloaded before import = 0
Number of asset objects unloaded after import = 1
========================================================================
Received Import Request.
  Time since last request: 0.000012 seconds.
  path: Assets/DuoDraconis Dungeon Set - Wizard Laboratory/Prefab/DS_WizLab_Clut_GlassBottles.prefab
  artifactKey: Guid(18cc0fdaaebe94d47933d0ff4888bba2) Importer(2089858483,0ecaa5967403d082aa24f35e1b516d23)
Start importing Assets/DuoDraconis Dungeon Set - Wizard Laboratory/Prefab/DS_WizLab_Clut_GlassBottles.prefab using Guid(18cc0fdaaebe94d47933d0ff4888bba2) Importer(2089858483,0ecaa5967403d082aa24f35e1b516d23) Generated GUIDs only implemented for interfaces!
 -> (artifact id: '3a61c0ae152029f05bc9a7ce046144bd') in 0.015118 seconds
Number of updated asset objects reloaded before import = 0
Number of asset objects unloaded after import = 10
========================================================================
Received Import Request.
  Time since last request: 0.000015 seconds.
  path: Assets/DuoDraconis Dungeon Set - Wizard Laboratory/Textures/DS_WizLab_Furn_Bookcase_diffuse.png
  artifactKey: Guid(c7caa95fef6a1be4f98bb2e73de44d46) Importer(2089858483,0ecaa5967403d082aa24f35e1b516d23)
Start importing Assets/DuoDraconis Dungeon Set - Wizard Laboratory/Textures/DS_WizLab_Furn_Bookcase_diffuse.png using Guid(c7caa95fef6a1be4f98bb2e73de44d46) Importer(2089858483,0ecaa5967403d082aa24f35e1b516d23) Generated GUIDs only implemented for interfaces!
 -> (artifact id: '8925eb1cb401b7932dccf5b0b6998403') in 0.048442 seconds
Number of updated asset objects reloaded before import = 0
Number of asset objects unloaded after import = 1
========================================================================
Received Import Request.
  Time since last request: 0.000014 seconds.
  path: Assets/DuoDraconis Dungeon Set - Wizard Laboratory/Textures/DS_WizLab_Arch_FloorG_metallic.png
  artifactKey: Guid(098c59d31ccfae444b4d81e06abe5197) Importer(2089858483,0ecaa5967403d082aa24f35e1b516d23)
Start importing Assets/DuoDraconis Dungeon Set - Wizard Laboratory/Textures/DS_WizLab_Arch_FloorG_metallic.png using Guid(098c59d31ccfae444b4d81e06abe5197) Importer(2089858483,0ecaa5967403d082aa24f35e1b516d23) Generated GUIDs only implemented for interfaces!
 -> (artifact id: 'aeac1344a9b1761def95a59ccedcbc85') in 0.032186 seconds
Number of updated asset objects reloaded before import = 0
Number of asset objects unloaded after import = 1
========================================================================
Received Import Request.
  Time since last request: 0.000019 seconds.
  path: Assets/DuoDraconis Dungeon Set - Wizard Laboratory/Prefab/DS_WizLab_Arch_WindowD_00.prefab
  artifactKey: Guid(453e860b539429c468fe192fa5b1b973) Importer(2089858483,0ecaa5967403d082aa24f35e1b516d23)
Start importing Assets/DuoDraconis Dungeon Set - Wizard Laboratory/Prefab/DS_WizLab_Arch_WindowD_00.prefab using Guid(453e860b539429c468fe192fa5b1b973) Importer(2089858483,0ecaa5967403d082aa24f35e1b516d23) Generated GUIDs only implemented for interfaces!
 -> (artifact id: 'e0d5fbe78f1cc572e002daf75d1d7dde') in 0.013912 seconds
Number of updated asset objects reloaded before import = 0
Number of asset objects unloaded after import = 33
========================================================================
Received Import Request.
  Time since last request: 0.000014 seconds.
  path: Assets/DuoDraconis Dungeon Set - Wizard Laboratory/Material/DS_WizLab_Arch_WindowA.mat
  artifactKey: Guid(38c8e5a36f17b2b4dacad740704c7312) Importer(2089858483,0ecaa5967403d082aa24f35e1b516d23)
Start importing Assets/DuoDraconis Dungeon Set - Wizard Laboratory/Material/DS_WizLab_Arch_WindowA.mat using Guid(38c8e5a36f17b2b4dacad740704c7312) Importer(2089858483,0ecaa5967403d082aa24f35e1b516d23) Generated GUIDs only implemented for interfaces!
 -> (artifact id: '024ba3cf3c37613b2ec0ad741f4aa4d8') in 0.034139 seconds
Number of updated asset objects reloaded before import = 0
Number of asset objects unloaded after import = 6
========================================================================
Received Import Request.
  Time since last request: 0.000012 seconds.
  path: Assets/DuoDraconis Dungeon Set - Wizard Laboratory/Textures/DS_WizLab_Arch_Wall_diffuse.png
  artifactKey: Guid(9d43fa00883bf224697e3959b12beebe) Importer(2089858483,0ecaa5967403d082aa24f35e1b516d23)
Start importing Assets/DuoDraconis Dungeon Set - Wizard Laboratory/Textures/DS_WizLab_Arch_Wall_diffuse.png using Guid(9d43fa00883bf224697e3959b12beebe) Importer(2089858483,0ecaa5967403d082aa24f35e1b516d23) Generated GUIDs only implemented for interfaces!
 -> (artifact id: '1c50827324fb8ed97010db239eac4710') in 0.032448 seconds
Number of updated asset objects reloaded before import = 0
Number of asset objects unloaded after import = 1
========================================================================
Received Import Request.
  Time since last request: 0.000014 seconds.
  path: Assets/DuoDraconis Dungeon Set - Wizard Laboratory/Textures/DS_WizLab_Clut_ChalkBoard_roughness.png
  artifactKey: Guid(44502cc772649674a8102929eca824b6) Importer(2089858483,0ecaa5967403d082aa24f35e1b516d23)
Start importing Assets/DuoDraconis Dungeon Set - Wizard Laboratory/Textures/DS_WizLab_Clut_ChalkBoard_roughness.png using Guid(44502cc772649674a8102929eca824b6) Importer(2089858483,0ecaa5967403d082aa24f35e1b516d23) Generated GUIDs only implemented for interfaces!
 -> (artifact id: '0761e9b38bc67052728ffdd5c64c8a66') in 0.026251 seconds
Number of updated asset objects reloaded before import = 0
Number of asset objects unloaded after import = 1
========================================================================
Received Import Request.
  Time since last request: 0.000012 seconds.
  path: Assets/DuoDraconis Dungeon Set - Wizard Laboratory/Textures/DS_WizLab_Arch_Staircase_Upper_ambientocclusion.png
  artifactKey: Guid(1dee6ccee33aa3b46807d1e14813d921) Importer(2089858483,0ecaa5967403d082aa24f35e1b516d23)
Start importing Assets/DuoDraconis Dungeon Set - Wizard Laboratory/Textures/DS_WizLab_Arch_Staircase_Upper_ambientocclusion.png using Guid(1dee6ccee33aa3b46807d1e14813d921) Importer(2089858483,0ecaa5967403d082aa24f35e1b516d23) Generated GUIDs only implemented for interfaces!
 -> (artifact id: '7e2fc82f81ab18bb8269314d65ec4750') in 0.031725 seconds
Number of updated asset objects reloaded before import = 0
Number of asset objects unloaded after import = 1
========================================================================
Received Import Request.
  Time since last request: 0.000014 seconds.
  path: Assets/DuoDraconis Dungeon Set - Wizard Laboratory/Textures/DS_WizLab_Arch_WindowE_normal.png
  artifactKey: Guid(e52654105e61e6342a13d2c523970a14) Importer(2089858483,0ecaa5967403d082aa24f35e1b516d23)
Start importing Assets/DuoDraconis Dungeon Set - Wizard Laboratory/Textures/DS_WizLab_Arch_WindowE_normal.png using Guid(e52654105e61e6342a13d2c523970a14) Importer(2089858483,0ecaa5967403d082aa24f35e1b516d23) Generated GUIDs only implemented for interfaces!
 -> (artifact id: '409b382acd2c7b94b2f35933ea29c892') in 0.029807 seconds
Number of updated asset objects reloaded before import = 0
Number of asset objects unloaded after import = 1
========================================================================
Received Import Request.
  Time since last request: 0.000018 seconds.
  path: Assets/DuoDraconis Dungeon Set - Wizard Laboratory/Meshes/DS_WizLab_Furn_Desk.fbx
  artifactKey: Guid(43cf3373027f33d428855789b7b38891) Importer(2089858483,0ecaa5967403d082aa24f35e1b516d23)
Start importing Assets/DuoDraconis Dungeon Set - Wizard Laboratory/Meshes/DS_WizLab_Furn_Desk.fbx using Guid(43cf3373027f33d428855789b7b38891) Importer(2089858483,0ecaa5967403d082aa24f35e1b516d23) Generated GUIDs only implemented for interfaces!
 -> (artifact id: 'ed2df7852a44e11201278ecfa556a988') in 0.033105 seconds
Number of updated asset objects reloaded before import = 0
Number of asset objects unloaded after import = 7
========================================================================
Received Import Request.
  Time since last request: 0.000012 seconds.
  path: Assets/DuoDraconis Dungeon Set - Wizard Laboratory/Material/DS_WizLab_Arch_WindowE.mat
  artifactKey: Guid(7a3ce8ea8528c1047b26ca7889088a84) Importer(2089858483,0ecaa5967403d082aa24f35e1b516d23)
Start importing Assets/DuoDraconis Dungeon Set - Wizard Laboratory/Material/DS_WizLab_Arch_WindowE.mat using Guid(7a3ce8ea8528c1047b26ca7889088a84) Importer(2089858483,0ecaa5967403d082aa24f35e1b516d23) Generated GUIDs only implemented for interfaces!
 -> (artifact id: 'c20eb101d3304adb3293296d1c2e4cfe') in 0.038684 seconds
Number of updated asset objects reloaded before import = 0
Number of asset objects unloaded after import = 6
========================================================================
Received Import Request.
  Time since last request: 0.001117 seconds.
  path: Assets/DuoDraconis Dungeon Set - Wizard Laboratory/DemoScene_Content.unity
  artifactKey: Guid(940e6238d481e9847a6a7d9ea2e5daee) Importer(2089858483,0ecaa5967403d082aa24f35e1b516d23)
Start importing Assets/DuoDraconis Dungeon Set - Wizard Laboratory/DemoScene_Content.unity using Guid(940e6238d481e9847a6a7d9ea2e5daee) Importer(2089858483,0ecaa5967403d082aa24f35e1b516d23) Generated GUIDs only implemented for interfaces!
 -> (artifact id: '9d01c95edc77ac73cc3b30e2b08237ab') in 0.011851 seconds
Number of updated asset objects reloaded before import = 0
Number of asset objects unloaded after import = 1
========================================================================
Received Import Request.
  Time since last request: 0.000021 seconds.
  path: Assets/DuoDraconis Dungeon Set - Wizard Laboratory/Textures/DS_WizLab_Clut_BookPile_metallic.png
  artifactKey: Guid(48461e8b251596144af5bfca3dbe8983) Importer(2089858483,0ecaa5967403d082aa24f35e1b516d23)
Start importing Assets/DuoDraconis Dungeon Set - Wizard Laboratory/Textures/DS_WizLab_Clut_BookPile_metallic.png using Guid(48461e8b251596144af5bfca3dbe8983) Importer(2089858483,0ecaa5967403d082aa24f35e1b516d23) Generated GUIDs only implemented for interfaces!
 -> (artifact id: 'd0e6e1c4a26bc445b8d2dd697c28e421') in 0.032896 seconds
Number of updated asset objects reloaded before import = 0
Number of asset objects unloaded after import = 1
========================================================================
Received Import Request.
  Time since last request: 0.000014 seconds.
  path: Assets/DuoDraconis Dungeon Set - Wizard Laboratory/Textures/DS_WizLab_Clut_ProbesIngot_diffuse_2.png
  artifactKey: Guid(8f17c466937e56d41a90a1e444722e89) Importer(2089858483,0ecaa5967403d082aa24f35e1b516d23)
Start importing Assets/DuoDraconis Dungeon Set - Wizard Laboratory/Textures/DS_WizLab_Clut_ProbesIngot_diffuse_2.png using Guid(8f17c466937e56d41a90a1e444722e89) Importer(2089858483,0ecaa5967403d082aa24f35e1b516d23) Generated GUIDs only implemented for interfaces!
 -> (artifact id: '5e332cabbe4cfe385398367445ea3d5f') in 0.034946 seconds
Number of updated asset objects reloaded before import = 0
Number of asset objects unloaded after import = 1
========================================================================
Received Import Request.
  Time since last request: 0.000022 seconds.
  path: Assets/DuoDraconis Dungeon Set - Wizard Laboratory/Textures/DS_WizLab_Furn_Shelf_normal.png
  artifactKey: Guid(d0c72705d12c1554d9ca81b871d55c60) Importer(2089858483,0ecaa5967403d082aa24f35e1b516d23)
Start importing Assets/DuoDraconis Dungeon Set - Wizard Laboratory/Textures/DS_WizLab_Furn_Shelf_normal.png using Guid(d0c72705d12c1554d9ca81b871d55c60) Importer(2089858483,0ecaa5967403d082aa24f35e1b516d23) Generated GUIDs only implemented for interfaces!
 -> (artifact id: '7afc6fc5c40baf54eb1550f346e1a13e') in 0.040316 seconds
Number of updated asset objects reloaded before import = 0
Number of asset objects unloaded after import = 1
========================================================================
Received Import Request.
  Time since last request: 0.000011 seconds.
  path: Assets/DuoDraconis Dungeon Set - Wizard Laboratory/Textures/DS_WizLab_Arch_FloorI_roughness.png
  artifactKey: Guid(0c10dcde77966d141a412b2db508a964) Importer(2089858483,0ecaa5967403d082aa24f35e1b516d23)
Start importing Assets/DuoDraconis Dungeon Set - Wizard Laboratory/Textures/DS_WizLab_Arch_FloorI_roughness.png using Guid(0c10dcde77966d141a412b2db508a964) Importer(2089858483,0ecaa5967403d082aa24f35e1b516d23) Generated GUIDs only implemented for interfaces!
 -> (artifact id: 'c5b8b52041c54bbc9d2b28792efbc796') in 0.027647 seconds
Number of updated asset objects reloaded before import = 0
Number of asset objects unloaded after import = 1
========================================================================
Received Import Request.
  Time since last request: 0.000012 seconds.
  path: Assets/DuoDraconis Dungeon Set - Wizard Laboratory/Textures/DS_WizLab_Furn_Table_roughness.png
  artifactKey: Guid(f1ba194721270be489d8cf8a9a5afe80) Importer(2089858483,0ecaa5967403d082aa24f35e1b516d23)
Start importing Assets/DuoDraconis Dungeon Set - Wizard Laboratory/Textures/DS_WizLab_Furn_Table_roughness.png using Guid(f1ba194721270be489d8cf8a9a5afe80) Importer(2089858483,0ecaa5967403d082aa24f35e1b516d23) Generated GUIDs only implemented for interfaces!
 -> (artifact id: '7f2c61ad355bf9225548b362998eb73a') in 0.033790 seconds
Number of updated asset objects reloaded before import = 0
Number of asset objects unloaded after import = 1
========================================================================
Received Import Request.
  Time since last request: 0.000017 seconds.
  path: Assets/DuoDraconis Dungeon Set - Wizard Laboratory/Prefab/DS_WizLab_Clut_BookStand.prefab
  artifactKey: Guid(f28c571a47002c447a43547404ed5d54) Importer(2089858483,0ecaa5967403d082aa24f35e1b516d23)
Start importing Assets/DuoDraconis Dungeon Set - Wizard Laboratory/Prefab/DS_WizLab_Clut_BookStand.prefab using Guid(f28c571a47002c447a43547404ed5d54) Importer(2089858483,0ecaa5967403d082aa24f35e1b516d23) Generated GUIDs only implemented for interfaces!
 -> (artifact id: 'fdce2f19ff627813f327e26968514b62') in 0.023037 seconds
Number of updated asset objects reloaded before import = 0
Number of asset objects unloaded after import = 8
========================================================================
Received Import Request.
  Time since last request: 0.000016 seconds.
  path: Assets/DuoDraconis Dungeon Set - Wizard Laboratory/Textures/DS_WizLab_Clut_ContraptionA_roughness.png
  artifactKey: Guid(c62da5e7f7b88dd46a42e50835aa5b80) Importer(2089858483,0ecaa5967403d082aa24f35e1b516d23)
Start importing Assets/DuoDraconis Dungeon Set - Wizard Laboratory/Textures/DS_WizLab_Clut_ContraptionA_roughness.png using Guid(c62da5e7f7b88dd46a42e50835aa5b80) Importer(2089858483,0ecaa5967403d082aa24f35e1b516d23) Generated GUIDs only implemented for interfaces!
 -> (artifact id: 'f741c97317e4c34969426ca344ecec15') in 0.035020 seconds
Number of updated asset objects reloaded before import = 0
Number of asset objects unloaded after import = 1
========================================================================
Received Import Request.
  Time since last request: 0.000017 seconds.
  path: Assets/DuoDraconis Dungeon Set - Wizard Laboratory/Textures/DS_WizLab_Arch_FloorJ_ambientocclusion.png
  artifactKey: Guid(fdd42d6f5e0211748b302014b65cd350) Importer(2089858483,0ecaa5967403d082aa24f35e1b516d23)
Start importing Assets/DuoDraconis Dungeon Set - Wizard Laboratory/Textures/DS_WizLab_Arch_FloorJ_ambientocclusion.png using Guid(fdd42d6f5e0211748b302014b65cd350) Importer(2089858483,0ecaa5967403d082aa24f35e1b516d23) Generated GUIDs only implemented for interfaces!
 -> (artifact id: '4e6b0b651d86e0349d40ef1030c95449') in 0.023476 seconds
Number of updated asset objects reloaded before import = 0
Number of asset objects unloaded after import = 1
========================================================================
Received Import Request.
  Time since last request: 0.000011 seconds.
  path: Assets/DuoDraconis Dungeon Set - Wizard Laboratory/Textures/DS_WizLab_Clut_ProbesHorns_diffuse.png
  artifactKey: Guid(ca62c59a298ee3b47934d44ec87a544c) Importer(2089858483,0ecaa5967403d082aa24f35e1b516d23)
Start importing Assets/DuoDraconis Dungeon Set - Wizard Laboratory/Textures/DS_WizLab_Clut_ProbesHorns_diffuse.png using Guid(ca62c59a298ee3b47934d44ec87a544c) Importer(2089858483,0ecaa5967403d082aa24f35e1b516d23) Generated GUIDs only implemented for interfaces!
 -> (artifact id: 'bbc9e2d32513ef832ee420b0db20e953') in 0.034888 seconds
Number of updated asset objects reloaded before import = 0
Number of asset objects unloaded after import = 1
========================================================================
Received Import Request.
  Time since last request: 0.000012 seconds.
  path: Assets/DuoDraconis Dungeon Set - Wizard Laboratory/Material/DS_WizLab_Arch_WindowC_Glass_00.mat
  artifactKey: Guid(02b96a464d052ee40b2ea33f50f7323b) Importer(2089858483,0ecaa5967403d082aa24f35e1b516d23)
Start importing Assets/DuoDraconis Dungeon Set - Wizard Laboratory/Material/DS_WizLab_Arch_WindowC_Glass_00.mat using Guid(02b96a464d052ee40b2ea33f50f7323b) Importer(2089858483,0ecaa5967403d082aa24f35e1b516d23) Generated GUIDs only implemented for interfaces!
 -> (artifact id: 'd7cf4f7617f013c16e0ae8cca54fcccd') in 0.025644 seconds
Number of updated asset objects reloaded before import = 0
Number of asset objects unloaded after import = 6
========================================================================
Received Import Request.
  Time since last request: 0.000013 seconds.
  path: Assets/DuoDraconis Dungeon Set - Wizard Laboratory/Material/DS_WizLab_Clut_Rug.mat
  artifactKey: Guid(acfd6f0b2c78b9c469c111bba72a5d5c) Importer(2089858483,0ecaa5967403d082aa24f35e1b516d23)
Start importing Assets/DuoDraconis Dungeon Set - Wizard Laboratory/Material/DS_WizLab_Clut_Rug.mat using Guid(acfd6f0b2c78b9c469c111bba72a5d5c) Importer(2089858483,0ecaa5967403d082aa24f35e1b516d23) Generated GUIDs only implemented for interfaces!
 -> (artifact id: '13e21327446156c23fbca627d5cd6b70') in 0.026459 seconds
Number of updated asset objects reloaded before import = 0
Number of asset objects unloaded after import = 6
========================================================================
Received Import Request.
  Time since last request: 0.000014 seconds.
  path: Assets/DuoDraconis Dungeon Set - Wizard Laboratory/Material/DS_WizLab_Furn_DeskChair.mat
  artifactKey: Guid(3d4b738c2d4cf2d419926d0cc7d4f4f4) Importer(2089858483,0ecaa5967403d082aa24f35e1b516d23)
Start importing Assets/DuoDraconis Dungeon Set - Wizard Laboratory/Material/DS_WizLab_Furn_DeskChair.mat using Guid(3d4b738c2d4cf2d419926d0cc7d4f4f4) Importer(2089858483,0ecaa5967403d082aa24f35e1b516d23) Generated GUIDs only implemented for interfaces!
 -> (artifact id: '7dac6712c509df9d7d5063200083260a') in 0.040330 seconds
Number of updated asset objects reloaded before import = 0
Number of asset objects unloaded after import = 6
========================================================================
Received Import Request.
  Time since last request: 0.000014 seconds.
  path: Assets/DuoDraconis Dungeon Set - Wizard Laboratory/Textures/DS_WizLab_Arch_Staircase_Upper_diffuse.png
  artifactKey: Guid(be4bd51c966ef234084624cf19e937a0) Importer(2089858483,0ecaa5967403d082aa24f35e1b516d23)
Start importing Assets/DuoDraconis Dungeon Set - Wizard Laboratory/Textures/DS_WizLab_Arch_Staircase_Upper_diffuse.png using Guid(be4bd51c966ef234084624cf19e937a0) Importer(2089858483,0ecaa5967403d082aa24f35e1b516d23) Generated GUIDs only implemented for interfaces!
 -> (artifact id: 'aed7d54ec17c0af350ba4af24d2d0749') in 0.039130 seconds
Number of updated asset objects reloaded before import = 0
Number of asset objects unloaded after import = 1
========================================================================
Received Import Request.
  Time since last request: 0.000018 seconds.
  path: Assets/DuoDraconis Dungeon Set - Wizard Laboratory/Textures/DS_WizLab_Arch_FloorD_ambientocclusion.png
  artifactKey: Guid(0658b251980a24d40965b7609d7cda8f) Importer(2089858483,0ecaa5967403d082aa24f35e1b516d23)
Start importing Assets/DuoDraconis Dungeon Set - Wizard Laboratory/Textures/DS_WizLab_Arch_FloorD_ambientocclusion.png using Guid(0658b251980a24d40965b7609d7cda8f) Importer(2089858483,0ecaa5967403d082aa24f35e1b516d23) Generated GUIDs only implemented for interfaces!
 -> (artifact id: '40488ad59e9285715c3fb76d87291952') in 0.029828 seconds
Number of updated asset objects reloaded before import = 0
Number of asset objects unloaded after import = 1
========================================================================
Received Import Request.
  Time since last request: 0.000014 seconds.
  path: Assets/Imports/FantasyEnvironments/Environments/Town/Prefabs/Tavern_doorL.prefab
  artifactKey: Guid(699d74b9574e3df4398144511a060916) Importer(2089858483,0ecaa5967403d082aa24f35e1b516d23)
Start importing Assets/Imports/FantasyEnvironments/Environments/Town/Prefabs/Tavern_doorL.prefab using Guid(699d74b9574e3df4398144511a060916) Importer(2089858483,0ecaa5967403d082aa24f35e1b516d23) Generated GUIDs only implemented for interfaces!
 -> (artifact id: '16a0b0e88176593dd742ab42c9f00827') in 0.013497 seconds
Number of updated asset objects reloaded before import = 0
Number of asset objects unloaded after import = 8
========================================================================
Received Import Request.
  Time since last request: 0.000012 seconds.
  path: Assets/Samples/XR Hands/1.5.0/Gestures/Debug Tools/Sprites/FingerStateUI/Finger_State_UI_Background_Wide.png
  artifactKey: Guid(d9c85dc0fd744db40937a2550d789aa8) Importer(2089858483,0ecaa5967403d082aa24f35e1b516d23)
Start importing Assets/Samples/XR Hands/1.5.0/Gestures/Debug Tools/Sprites/FingerStateUI/Finger_State_UI_Background_Wide.png using Guid(d9c85dc0fd744db40937a2550d789aa8) Importer(2089858483,0ecaa5967403d082aa24f35e1b516d23) Generated GUIDs only implemented for interfaces!
 -> (artifact id: 'f1ebbc05eaae435b6f972a8d4e90052f') in 0.030614 seconds
Number of updated asset objects reloaded before import = 0
Number of asset objects unloaded after import = 3
========================================================================
Received Import Request.
  Time since last request: 0.000012 seconds.
  path: Assets/Imports/FantasyEnvironments/Environments/Town/FBXs/Food_spoon.fbx
  artifactKey: Guid(0fd84e385828a524d9ec270ee2f6d370) Importer(2089858483,0ecaa5967403d082aa24f35e1b516d23)
Start importing Assets/Imports/FantasyEnvironments/Environments/Town/FBXs/Food_spoon.fbx using Guid(0fd84e385828a524d9ec270ee2f6d370) Importer(2089858483,0ecaa5967403d082aa24f35e1b516d23) Generated GUIDs only implemented for interfaces!
 -> (artifact id: '5b4a5319feb4bf4f3dd89bca7558e438') in 0.040610 seconds
Number of updated asset objects reloaded before import = 0
Number of asset objects unloaded after import = 7
========================================================================
Received Import Request.
  Time since last request: 0.000018 seconds.
  path: Assets/Imports/FantasyEnvironments/Environments/Prefabs/Flower6.prefab
  artifactKey: Guid(0b6bd30c5d303194db3c59feae69ab39) Importer(2089858483,0ecaa5967403d082aa24f35e1b516d23)
Start importing Assets/Imports/FantasyEnvironments/Environments/Prefabs/Flower6.prefab using Guid(0b6bd30c5d303194db3c59feae69ab39) Importer(2089858483,0ecaa5967403d082aa24f35e1b516d23) Generated GUIDs only implemented for interfaces!
 -> (artifact id: '94e0d058918cb4233598fad840fe84f6') in 0.015913 seconds
Number of updated asset objects reloaded before import = 0
Number of asset objects unloaded after import = 13
========================================================================
Received Import Request.
  Time since last request: 0.000015 seconds.
  path: Assets/Imports/Fantasy Skybox FREE/Panoramics/FS017/FS017_Sunrise.png
  artifactKey: Guid(5e24d3ca061bf2b48a3e334c5cc4eab1) Importer(2089858483,0ecaa5967403d082aa24f35e1b516d23)
Start importing Assets/Imports/Fantasy Skybox FREE/Panoramics/FS017/FS017_Sunrise.png using Guid(5e24d3ca061bf2b48a3e334c5cc4eab1) Importer(2089858483,0ecaa5967403d082aa24f35e1b516d23) Generated GUIDs only implemented for interfaces!
 -> (artifact id: 'b227749f60399495060bb7dcbeae9c12') in 0.035645 seconds
Number of updated asset objects reloaded before import = 0
Number of asset objects unloaded after import = 1
========================================================================
Received Import Request.
  Time since last request: 0.000018 seconds.
  path: Assets/Imports/FantasyEnvironments/Environments/Town/Animations/Door.controller
  artifactKey: Guid(2d5f7720aaff1ee4ea406f4a53eee095) Importer(2089858483,0ecaa5967403d082aa24f35e1b516d23)
Start importing Assets/Imports/FantasyEnvironments/Environments/Town/Animations/Door.controller using Guid(2d5f7720aaff1ee4ea406f4a53eee095) Importer(2089858483,0ecaa5967403d082aa24f35e1b516d23) Generated GUIDs only implemented for interfaces!
 -> (artifact id: '361d417c4042fba9127be35505e4aa52') in 0.012473 seconds
Number of updated asset objects reloaded before import = 0
Number of asset objects unloaded after import = 9
========================================================================
Received Import Request.
  Time since last request: 0.000012 seconds.
  path: Assets/Imports/FantasyEnvironments/Environments/Town/FBXs/Furniture_chair3.fbx
  artifactKey: Guid(8614d9647b3ef194b842b0acd8f97cd9) Importer(2089858483,0ecaa5967403d082aa24f35e1b516d23)
Start importing Assets/Imports/FantasyEnvironments/Environments/Town/FBXs/Furniture_chair3.fbx using Guid(8614d9647b3ef194b842b0acd8f97cd9) Importer(2089858483,0ecaa5967403d082aa24f35e1b516d23) Generated GUIDs only implemented for interfaces!
 -> (artifact id: '63dbdd1da296bbd56d24b2da8391e746') in 0.018441 seconds
Number of updated asset objects reloaded before import = 0
Number of asset objects unloaded after import = 7
========================================================================
Received Import Request.
  Time since last request: 0.000011 seconds.
  path: Assets/DuoDraconis Dungeon Set - Wizard Laboratory/Prefab/DS_WizLab_Arch_WindowF.prefab
  artifactKey: Guid(59b5ee35bc5289e4892c185b5a0becf0) Importer(2089858483,0ecaa5967403d082aa24f35e1b516d23)
Start importing Assets/DuoDraconis Dungeon Set - Wizard Laboratory/Prefab/DS_WizLab_Arch_WindowF.prefab using Guid(59b5ee35bc5289e4892c185b5a0becf0) Importer(2089858483,0ecaa5967403d082aa24f35e1b516d23) Generated GUIDs only implemented for interfaces!
 -> (artifact id: '9c0e38bee1195b5d8c79e7ea6ccfe187') in 0.012447 seconds
Number of updated asset objects reloaded before import = 0
Number of asset objects unloaded after import = 18
========================================================================
Received Import Request.
  Time since last request: 0.000013 seconds.
  path: Assets/DuoDraconis Dungeon Set - Wizard Laboratory/Textures/DS_WizLab_Furn_Console_ambientocclusion.png
  artifactKey: Guid(a5385a94484bae942b8287baad15cb32) Importer(2089858483,0ecaa5967403d082aa24f35e1b516d23)
Start importing Assets/DuoDraconis Dungeon Set - Wizard Laboratory/Textures/DS_WizLab_Furn_Console_ambientocclusion.png using Guid(a5385a94484bae942b8287baad15cb32) Importer(2089858483,0ecaa5967403d082aa24f35e1b516d23) Generated GUIDs only implemented for interfaces!
 -> (artifact id: 'ffcc080c279448baed6a86b0ff3346d7') in 0.031663 seconds
Number of updated asset objects reloaded before import = 0
Number of asset objects unloaded after import = 1
========================================================================
Received Import Request.
  Time since last request: 0.000012 seconds.
  path: Assets/Imports/TerrainSampleAssets/ShaderGraphs/Subgraphs
  artifactKey: Guid(5e864c6e9bba9a14aa96edaada749bd0) Importer(2089858483,0ecaa5967403d082aa24f35e1b516d23)
Start importing Assets/Imports/TerrainSampleAssets/ShaderGraphs/Subgraphs using Guid(5e864c6e9bba9a14aa96edaada749bd0) Importer(2089858483,0ecaa5967403d082aa24f35e1b516d23) Generated GUIDs only implemented for interfaces!
 -> (artifact id: '4f21f716609bf7aa27a9781dcb4bdf4b') in 0.009410 seconds
Number of updated asset objects reloaded before import = 0
Number of asset objects unloaded after import = 1
========================================================================
Received Import Request.
  Time since last request: 0.000011 seconds.
  path: Assets/Imports/FantasyEnvironments/Environments/Town/FBXs/Windmill_blade.fbx
  artifactKey: Guid(32b1f4d4a0d2bd94dbe1d5079e571646) Importer(2089858483,0ecaa5967403d082aa24f35e1b516d23)
Start importing Assets/Imports/FantasyEnvironments/Environments/Town/FBXs/Windmill_blade.fbx using Guid(32b1f4d4a0d2bd94dbe1d5079e571646) Importer(2089858483,0ecaa5967403d082aa24f35e1b516d23) Generated GUIDs only implemented for interfaces!
 -> (artifact id: '0a36ef6ac89cfa36892d4bd0fc73a0f5') in 0.028600 seconds
Number of updated asset objects reloaded before import = 0
Number of asset objects unloaded after import = 25
========================================================================
Received Import Request.
  Time since last request: 0.000013 seconds.
  path: Assets/Imports/Hovl Studio/Magic effects pack/Prefabs/Character auras/Healing.prefab
  artifactKey: Guid(1245b8d2997d5b34fb1637be70a7eb05) Importer(2089858483,0ecaa5967403d082aa24f35e1b516d23)
Start importing Assets/Imports/Hovl Studio/Magic effects pack/Prefabs/Character auras/Healing.prefab using Guid(1245b8d2997d5b34fb1637be70a7eb05) Importer(2089858483,0ecaa5967403d082aa24f35e1b516d23) Generated GUIDs only implemented for interfaces!
 -> (artifact id: 'fff945dfd2ea01b4c3db686f93f6a1ce') in 0.063264 seconds
Number of updated asset objects reloaded before import = 0
Number of asset objects unloaded after import = 14
========================================================================
Received Import Request.
  Time since last request: 0.000023 seconds.
  path: Assets/Imports/FantasyEnvironments/Environments/Prefabs/Mushroom4.prefab
  artifactKey: Guid(f8b92e99d9eca054e95b618e5ed82ea9) Importer(2089858483,0ecaa5967403d082aa24f35e1b516d23)
Start importing Assets/Imports/FantasyEnvironments/Environments/Prefabs/Mushroom4.prefab using Guid(f8b92e99d9eca054e95b618e5ed82ea9) Importer(2089858483,0ecaa5967403d082aa24f35e1b516d23) Generated GUIDs only implemented for interfaces!
 -> (artifact id: 'c33d5d9175e83e6add56eb2cc3384f00') in 0.016231 seconds
Number of updated asset objects reloaded before import = 0
Number of asset objects unloaded after import = 13
========================================================================
Received Import Request.
  Time since last request: 0.000331 seconds.
  path: Assets/Imports/Hovl Studio/Magic effects pack/Textures/Trail67.png
  artifactKey: Guid(c4f655f5d01f55547a23a546b58afd04) Importer(2089858483,0ecaa5967403d082aa24f35e1b516d23)
Start importing Assets/Imports/Hovl Studio/Magic effects pack/Textures/Trail67.png using Guid(c4f655f5d01f55547a23a546b58afd04) Importer(2089858483,0ecaa5967403d082aa24f35e1b516d23) Generated GUIDs only implemented for interfaces!
 -> (artifact id: 'cddc7bd7e1b65a3b999ebe2862bf094d') in 0.027100 seconds
Number of updated asset objects reloaded before import = 0
Number of asset objects unloaded after import = 1
========================================================================
Received Import Request.
  Time since last request: 0.000013 seconds.
  path: Assets/Imports/Fantasy Skybox FREE/Panoramics/FS003/FS003_Sunrise.png
  artifactKey: Guid(c15e36d3819e8d14ab21ab119e3fd4a7) Importer(2089858483,0ecaa5967403d082aa24f35e1b516d23)
Start importing Assets/Imports/Fantasy Skybox FREE/Panoramics/FS003/FS003_Sunrise.png using Guid(c15e36d3819e8d14ab21ab119e3fd4a7) Importer(2089858483,0ecaa5967403d082aa24f35e1b516d23) Generated GUIDs only implemented for interfaces!
 -> (artifact id: '9032f0955da20db81b963ea096b753dc') in 0.036241 seconds
Number of updated asset objects reloaded before import = 0
Number of asset objects unloaded after import = 1
========================================================================
Received Import Request.
  Time since last request: 0.000014 seconds.
  path: Assets/Imports/Fantasy Skybox FREE/Panoramics/FS013/FS013_Day_Sunless.mat
  artifactKey: Guid(97fca95f33987e548be9dd7c03cb1a96) Importer(2089858483,0ecaa5967403d082aa24f35e1b516d23)
Start importing Assets/Imports/Fantasy Skybox FREE/Panoramics/FS013/FS013_Day_Sunless.mat using Guid(97fca95f33987e548be9dd7c03cb1a96) Importer(2089858483,0ecaa5967403d082aa24f35e1b516d23) Generated GUIDs only implemented for interfaces!
 -> (artifact id: '74e41e259d5334f8861ff988f020dd82') in 0.035807 seconds
Number of updated asset objects reloaded before import = 0
Number of asset objects unloaded after import = 2
========================================================================
Received Import Request.
  Time since last request: 0.000012 seconds.
  path: Assets/Imports/FantasyEnvironments/Environments/Town/FBXs/WoodenWall_1.fbx
  artifactKey: Guid(72caf2d0e5ef4b446b67dd0017d0e0b7) Importer(2089858483,0ecaa5967403d082aa24f35e1b516d23)
Start importing Assets/Imports/FantasyEnvironments/Environments/Town/FBXs/WoodenWall_1.fbx using Guid(72caf2d0e5ef4b446b67dd0017d0e0b7) Importer(2089858483,0ecaa5967403d082aa24f35e1b516d23) Generated GUIDs only implemented for interfaces!
 -> (artifact id: '703709cb001dda793d2b6c3b98d48038') in 0.022723 seconds
Number of updated asset objects reloaded before import = 0
Number of asset objects unloaded after import = 14
========================================================================
Received Import Request.
  Time since last request: 0.000014 seconds.
  path: Assets/Imports/Fantasy Skybox FREE/Panoramics/FS002/FS002_Sunrise.mat
  artifactKey: Guid(7c86d4abbd33b564b9e773aceadb8572) Importer(2089858483,0ecaa5967403d082aa24f35e1b516d23)
Start importing Assets/Imports/Fantasy Skybox FREE/Panoramics/FS002/FS002_Sunrise.mat using Guid(7c86d4abbd33b564b9e773aceadb8572) Importer(2089858483,0ecaa5967403d082aa24f35e1b516d23) Generated GUIDs only implemented for interfaces!
 -> (artifact id: '20237e88f8f1e14174d75b0fd234f525') in 0.052824 seconds
Number of updated asset objects reloaded before import = 0
Number of asset objects unloaded after import = 2
========================================================================
Received Import Request.
  Time since last request: 0.000020 seconds.
  path: Assets/Imports/FantasyEnvironments/Environments/Textures/ground_rock.png
  artifactKey: Guid(67dc751397e1b75439a91891c5142b92) Importer(2089858483,0ecaa5967403d082aa24f35e1b516d23)
Start importing Assets/Imports/FantasyEnvironments/Environments/Textures/ground_rock.png using Guid(67dc751397e1b75439a91891c5142b92) Importer(2089858483,0ecaa5967403d082aa24f35e1b516d23) Generated GUIDs only implemented for interfaces!
 -> (artifact id: '7fe54adcd230b9a8303c768849927acd') in 0.042457 seconds
Number of updated asset objects reloaded before import = 0
Number of asset objects unloaded after import = 1
========================================================================
Received Import Request.
  Time since last request: 0.000014 seconds.
  path: Assets/Imports/FantasyEnvironments/Environments/Town/FBXs/Food_cup1.fbx
  artifactKey: Guid(cb063e835546c0349906488c5789719b) Importer(2089858483,0ecaa5967403d082aa24f35e1b516d23)
Start importing Assets/Imports/FantasyEnvironments/Environments/Town/FBXs/Food_cup1.fbx using Guid(cb063e835546c0349906488c5789719b) Importer(2089858483,0ecaa5967403d082aa24f35e1b516d23) Generated GUIDs only implemented for interfaces!
 -> (artifact id: '8ebb3a43ffdde388fe94aa9bd0bb44ed') in 0.016733 seconds
Number of updated asset objects reloaded before import = 0
Number of asset objects unloaded after import = 7
========================================================================
Received Import Request.
  Time since last request: 0.000012 seconds.
  path: Assets/DuoDraconis Dungeon Set - Wizard Laboratory/Textures/DS_WizLab_Clut_ProbesIngot_ambientocclusion.png
  artifactKey: Guid(f1f90477772b2a34f969156fad71ac65) Importer(2089858483,0ecaa5967403d082aa24f35e1b516d23)
Start importing Assets/DuoDraconis Dungeon Set - Wizard Laboratory/Textures/DS_WizLab_Clut_ProbesIngot_ambientocclusion.png using Guid(f1f90477772b2a34f969156fad71ac65) Importer(2089858483,0ecaa5967403d082aa24f35e1b516d23) Generated GUIDs only implemented for interfaces!
 -> (artifact id: 'ab9e059bcfeafe1fc640695f3e16bb26') in 0.031452 seconds
Number of updated asset objects reloaded before import = 0
Number of asset objects unloaded after import = 1
========================================================================
Received Import Request.
  Time since last request: 0.000012 seconds.
  path: Assets/Imports/Hovl Studio/Magic effects pack/Prefabs/Hits and explosions/Explosion.prefab
  artifactKey: Guid(8eb503696b886e04faff8fc0f480d473) Importer(2089858483,0ecaa5967403d082aa24f35e1b516d23)
Start importing Assets/Imports/Hovl Studio/Magic effects pack/Prefabs/Hits and explosions/Explosion.prefab using Guid(8eb503696b886e04faff8fc0f480d473) Importer(2089858483,0ecaa5967403d082aa24f35e1b516d23) Generated GUIDs only implemented for interfaces!
 -> (artifact id: 'f5facc523e16f970c7b9c92b43cae70e') in 0.092032 seconds
Number of updated asset objects reloaded before import = 0
Number of asset objects unloaded after import = 18
========================================================================
Received Import Request.
  Time since last request: 0.000017 seconds.
  path: Assets/Imports/FantasyEnvironments/Environments/Town/FBXs
  artifactKey: Guid(4dab26b517270d2439a600e063ce8796) Importer(2089858483,0ecaa5967403d082aa24f35e1b516d23)
Start importing Assets/Imports/FantasyEnvironments/Environments/Town/FBXs using Guid(4dab26b517270d2439a600e063ce8796) Importer(2089858483,0ecaa5967403d082aa24f35e1b516d23) Generated GUIDs only implemented for interfaces!
 -> (artifact id: '83da957787744eec6c1a015e888b5255') in 0.008189 seconds
Number of updated asset objects reloaded before import = 0
Number of asset objects unloaded after import = 1
========================================================================
Received Import Request.
  Time since last request: 0.000018 seconds.
  path: Assets/Imports/Fantasy Skybox FREE/Cubemaps/Classic/FS000_Day_03.mat
  artifactKey: Guid(33ab377b49aa14f6fae6e5bac230a5d4) Importer(2089858483,0ecaa5967403d082aa24f35e1b516d23)
Start importing Assets/Imports/Fantasy Skybox FREE/Cubemaps/Classic/FS000_Day_03.mat using Guid(33ab377b49aa14f6fae6e5bac230a5d4) Importer(2089858483,0ecaa5967403d082aa24f35e1b516d23) Generated GUIDs only implemented for interfaces!
 -> (artifact id: '9d84e2b14d3dca8a3abc002e4db87efa') in 0.025461 seconds
Number of updated asset objects reloaded before import = 0
Number of asset objects unloaded after import = 2
========================================================================
Received Import Request.
  Time since last request: 0.000012 seconds.
  path: Assets/Imports/FantasyEnvironments/Environments/Town/FBXs/storage_jug_small.fbx
  artifactKey: Guid(4404a80fb397bf340b7e7271748d666b) Importer(2089858483,0ecaa5967403d082aa24f35e1b516d23)
Start importing Assets/Imports/FantasyEnvironments/Environments/Town/FBXs/storage_jug_small.fbx using Guid(4404a80fb397bf340b7e7271748d666b) Importer(2089858483,0ecaa5967403d082aa24f35e1b516d23) Generated GUIDs only implemented for interfaces!
 -> (artifact id: 'f9167533b1661336c164c5a7a99f8c03') in 0.036251 seconds
Number of updated asset objects reloaded before import = 0
Number of asset objects unloaded after import = 7
========================================================================
Received Import Request.
  Time since last request: 0.000016 seconds.
  path: Assets/Samples/XR Hands/1.5.0/Gestures/Debug Tools/Scripts/XRAllFingerShapesDebugUI.cs
  artifactKey: Guid(2ff34dc1f6664bb981a9c41141706430) Importer(2089858483,0ecaa5967403d082aa24f35e1b516d23)
Start importing Assets/Samples/XR Hands/1.5.0/Gestures/Debug Tools/Scripts/XRAllFingerShapesDebugUI.cs using Guid(2ff34dc1f6664bb981a9c41141706430) Importer(2089858483,0ecaa5967403d082aa24f35e1b516d23) Generated GUIDs only implemented for interfaces!
 -> (artifact id: '6cba1ada4818b7b0ca4654d8d7713a45') in 0.012039 seconds
Number of updated asset objects reloaded before import = 0
Number of asset objects unloaded after import = 1
========================================================================
Received Import Request.
  Time since last request: 0.000013 seconds.
  path: Assets/Imports/Hovl Studio/Magic effects pack/Materials/Flash.mat
  artifactKey: Guid(db3488de871721d4f83250ff2af716b7) Importer(2089858483,0ecaa5967403d082aa24f35e1b516d23)
Start importing Assets/Imports/Hovl Studio/Magic effects pack/Materials/Flash.mat using Guid(db3488de871721d4f83250ff2af716b7) Importer(2089858483,0ecaa5967403d082aa24f35e1b516d23) Generated GUIDs only implemented for interfaces!
 -> (artifact id: '70c7a4a6d6659a2e8e319b7f2c775730') in 0.017351 seconds
Number of updated asset objects reloaded before import = 0
Number of asset objects unloaded after import = 2
========================================================================
Received Import Request.
  Time since last request: 0.000012 seconds.
  path: Assets/Imports/FantasyEnvironments/Environments/Prefabs/Plant4.prefab
  artifactKey: Guid(5bc68b98108d78a418afb40cc75e2a81) Importer(2089858483,0ecaa5967403d082aa24f35e1b516d23)
Start importing Assets/Imports/FantasyEnvironments/Environments/Prefabs/Plant4.prefab using Guid(5bc68b98108d78a418afb40cc75e2a81) Importer(2089858483,0ecaa5967403d082aa24f35e1b516d23) Generated GUIDs only implemented for interfaces!
 -> (artifact id: 'e407ca7c267ceaad4bce1e6c82c249cf') in 0.013976 seconds
Number of updated asset objects reloaded before import = 0
Number of asset objects unloaded after import = 13
========================================================================
Received Import Request.
  Time since last request: 0.000013 seconds.
  path: Assets/DuoDraconis Dungeon Set - Wizard Laboratory/Textures/DS_WizLab_Arch_Wall_roughness.png
  artifactKey: Guid(4271254260ba04b438d076ace3e85d2b) Importer(2089858483,0ecaa5967403d082aa24f35e1b516d23)
Start importing Assets/DuoDraconis Dungeon Set - Wizard Laboratory/Textures/DS_WizLab_Arch_Wall_roughness.png using Guid(4271254260ba04b438d076ace3e85d2b) Importer(2089858483,0ecaa5967403d082aa24f35e1b516d23) Generated GUIDs only implemented for interfaces!
 -> (artifact id: 'cf93e9ee377219a8b5f1b629eec62f9d') in 0.026355 seconds
Number of updated asset objects reloaded before import = 0
Number of asset objects unloaded after import = 1
========================================================================
Received Import Request.
  Time since last request: 0.000020 seconds.
  path: Assets/Imports/FantasyEnvironments/Environments/Scenes
  artifactKey: Guid(e929daf10fde9624a8a38d0df3ff3dea) Importer(2089858483,0ecaa5967403d082aa24f35e1b516d23)
Start importing Assets/Imports/FantasyEnvironments/Environments/Scenes using Guid(e929daf10fde9624a8a38d0df3ff3dea) Importer(2089858483,0ecaa5967403d082aa24f35e1b516d23) Generated GUIDs only implemented for interfaces!
 -> (artifact id: '2d4d417fd9eb82a85a842e5d2c9ea765') in 0.015675 seconds
Number of updated asset objects reloaded before import = 0
Number of asset objects unloaded after import = 1
========================================================================
Received Import Request.
  Time since last request: 0.000027 seconds.
  path: Assets/Imports/Hovl Studio/Magic effects pack/Textures/Star.png
  artifactKey: Guid(5cc658114b5abae49bce56d6c4ae3105) Importer(2089858483,0ecaa5967403d082aa24f35e1b516d23)
Start importing Assets/Imports/Hovl Studio/Magic effects pack/Textures/Star.png using Guid(5cc658114b5abae49bce56d6c4ae3105) Importer(2089858483,0ecaa5967403d082aa24f35e1b516d23) Generated GUIDs only implemented for interfaces!
 -> (artifact id: '88fbecb91ea79e47640780d1d39278fc') in 0.032641 seconds
Number of updated asset objects reloaded before import = 0
Number of asset objects unloaded after import = 1
========================================================================
Received Import Request.
  Time since last request: 0.000015 seconds.
  path: Assets/Imports/Hovl Studio/Magic effects pack/Materials/Crack.mat
  artifactKey: Guid(d8bfd8e382dd58d4c8367e59434e8dd6) Importer(2089858483,0ecaa5967403d082aa24f35e1b516d23)
Start importing Assets/Imports/Hovl Studio/Magic effects pack/Materials/Crack.mat using Guid(d8bfd8e382dd58d4c8367e59434e8dd6) Importer(2089858483,0ecaa5967403d082aa24f35e1b516d23) Generated GUIDs only implemented for interfaces!
 -> (artifact id: '986f7ecd9970c47036f9b5092e1aa5a7') in 0.018005 seconds
Number of updated asset objects reloaded before import = 0
Number of asset objects unloaded after import = 2
========================================================================
Received Import Request.
  Time since last request: 5.960643 seconds.
  path: Assets/TextMesh Pro/Examples & Extras/Scenes/02 - Multi-line TextMesh Pro.unity
  artifactKey: Guid(251716609f634449bfe8ce75c0ed78fe) Importer(2089858483,0ecaa5967403d082aa24f35e1b516d23)
Start importing Assets/TextMesh Pro/Examples & Extras/Scenes/02 - Multi-line TextMesh Pro.unity using Guid(251716609f634449bfe8ce75c0ed78fe) Importer(2089858483,0ecaa5967403d082aa24f35e1b516d23) Generated GUIDs only implemented for interfaces!
 -> (artifact id: 'ef6dd22c10c1af57588eeb8abedb5dc1') in 0.013255 seconds
Number of updated asset objects reloaded before import = 0
Number of asset objects unloaded after import = 1
========================================================================
Received Import Request.
  Time since last request: 0.491099 seconds.
  path: Assets/DuoDraconis Dungeon Set - Wizard Laboratory
  artifactKey: Guid(b1f10e85fa571d348908050469ac21f1) Importer(815301076,1909f56bfc062723c751e8b465ee728b)
Start importing Assets/DuoDraconis Dungeon Set - Wizard Laboratory using Guid(b1f10e85fa571d348908050469ac21f1) Importer(815301076,1909f56bfc062723c751e8b465ee728b)  -> (artifact id: '3ebb15dcac9e65cdc27cad04a5d254ba') in 0.000464 seconds
Number of updated asset objects reloaded before import = 0
Number of asset objects unloaded after import = 0
========================================================================
Received Import Request.
  Time since last request: 126.108441 seconds.
  path: Assets/DuoDraconis Dungeon Set - Wizard Laboratory/Material/DS_WizLab_Arch_WindowF_Glass.mat
  artifactKey: Guid(5ce048687dc75ad43be6ade17b6044de) Importer(2089858483,0ecaa5967403d082aa24f35e1b516d23)
Start importing Assets/DuoDraconis Dungeon Set - Wizard Laboratory/Material/DS_WizLab_Arch_WindowF_Glass.mat using Guid(5ce048687dc75ad43be6ade17b6044de) Importer(2089858483,0ecaa5967403d082aa24f35e1b516d23) Generated GUIDs only implemented for interfaces!
 -> (artifact id: 'b2b0f7f54d44416acd327cb8ccfc942d') in 0.033411 seconds
Number of updated asset objects reloaded before import = 0
Number of asset objects unloaded after import = 6
========================================================================
Received Import Request.
  Time since last request: 0.000019 seconds.
  path: Assets/DuoDraconis Dungeon Set - Wizard Laboratory/Material/DS_WizLab_Clut_BookPile.mat
  artifactKey: Guid(e33215d51ca934d4c83b6443930b9b5f) Importer(2089858483,0ecaa5967403d082aa24f35e1b516d23)
Start importing Assets/DuoDraconis Dungeon Set - Wizard Laboratory/Material/DS_WizLab_Clut_BookPile.mat using Guid(e33215d51ca934d4c83b6443930b9b5f) Importer(2089858483,0ecaa5967403d082aa24f35e1b516d23) Generated GUIDs only implemented for interfaces!
 -> (artifact id: 'a9738ddde3bd98d2049c5caaa252b6cb') in 0.051914 seconds
Number of updated asset objects reloaded before import = 0
Number of asset objects unloaded after import = 6
========================================================================
Received Import Request.
  Time since last request: 0.000020 seconds.
  path: Assets/DuoDraconis Dungeon Set - Wizard Laboratory/Material/DS_WizLab_Clut_ProbesIngot_00.mat
  artifactKey: Guid(4bc732b68fcd08946aa4d676feda5d0a) Importer(2089858483,0ecaa5967403d082aa24f35e1b516d23)
Start importing Assets/DuoDraconis Dungeon Set - Wizard Laboratory/Material/DS_WizLab_Clut_ProbesIngot_00.mat using Guid(4bc732b68fcd08946aa4d676feda5d0a) Importer(2089858483,0ecaa5967403d082aa24f35e1b516d23) Generated GUIDs only implemented for interfaces!
 -> (artifact id: 'cd55ea23ea09b8c0c22e8e528189080d') in 0.037273 seconds
Number of updated asset objects reloaded before import = 0
Number of asset objects unloaded after import = 6
========================================================================
Received Import Request.
  Time since last request: 0.000012 seconds.
  path: Assets/DuoDraconis Dungeon Set - Wizard Laboratory/Material/DS_WizLab_Arch_Floor.mat
  artifactKey: Guid(eaf4aacaf3aee3043824a2e0013dadb5) Importer(2089858483,0ecaa5967403d082aa24f35e1b516d23)
Start importing Assets/DuoDraconis Dungeon Set - Wizard Laboratory/Material/DS_WizLab_Arch_Floor.mat using Guid(eaf4aacaf3aee3043824a2e0013dadb5) Importer(2089858483,0ecaa5967403d082aa24f35e1b516d23) Generated GUIDs only implemented for interfaces!
 -> (artifact id: '7fdaee4150775e18999b7c7e03670390') in 0.028089 seconds
Number of updated asset objects reloaded before import = 0
Number of asset objects unloaded after import = 6
========================================================================
Received Import Request.
  Time since last request: 0.000014 seconds.
  path: Assets/DuoDraconis Dungeon Set - Wizard Laboratory/Material/DS_WizLab_Arch_WindowA.mat
  artifactKey: Guid(38c8e5a36f17b2b4dacad740704c7312) Importer(2089858483,0ecaa5967403d082aa24f35e1b516d23)
Start importing Assets/DuoDraconis Dungeon Set - Wizard Laboratory/Material/DS_WizLab_Arch_WindowA.mat using Guid(38c8e5a36f17b2b4dacad740704c7312) Importer(2089858483,0ecaa5967403d082aa24f35e1b516d23) Generated GUIDs only implemented for interfaces!
 -> (artifact id: '3021c7aa1304855f9e12df8f516c62eb') in 0.035878 seconds
Number of updated asset objects reloaded before import = 0
Number of asset objects unloaded after import = 6
========================================================================
Received Import Request.
  Time since last request: 0.000015 seconds.
  path: Assets/DuoDraconis Dungeon Set - Wizard Laboratory/Material/DS_WizLab_Clut_FlaskBox.mat
  artifactKey: Guid(ec25192028e1f1447acd6557688ffe21) Importer(2089858483,0ecaa5967403d082aa24f35e1b516d23)
Start importing Assets/DuoDraconis Dungeon Set - Wizard Laboratory/Material/DS_WizLab_Clut_FlaskBox.mat using Guid(ec25192028e1f1447acd6557688ffe21) Importer(2089858483,0ecaa5967403d082aa24f35e1b516d23) Generated GUIDs only implemented for interfaces!
 -> (artifact id: '768f45d0d51cc6d342a517671c881014') in 0.038456 seconds
Number of updated asset objects reloaded before import = 0
Number of asset objects unloaded after import = 6
========================================================================
Received Import Request.
  Time since last request: 0.000014 seconds.
  path: Assets/DuoDraconis Dungeon Set - Wizard Laboratory/Material/DS_WizLab_Clut_Map.mat
  artifactKey: Guid(3f10423cecf773b488d39d65eae0c8a4) Importer(2089858483,0ecaa5967403d082aa24f35e1b516d23)
Start importing Assets/DuoDraconis Dungeon Set - Wizard Laboratory/Material/DS_WizLab_Clut_Map.mat using Guid(3f10423cecf773b488d39d65eae0c8a4) Importer(2089858483,0ecaa5967403d082aa24f35e1b516d23) Generated GUIDs only implemented for interfaces!
 -> (artifact id: '69866f392dccefb0512a29771e11e1b1') in 0.040213 seconds
Number of updated asset objects reloaded before import = 0
Number of asset objects unloaded after import = 6
========================================================================
Received Import Request.
  Time since last request: 0.000029 seconds.
  path: Assets/DuoDraconis Dungeon Set - Wizard Laboratory/Material/DS_WizLab_Arch_FloorJ.mat
  artifactKey: Guid(66e7992783fc1084aa1df7da37adac69) Importer(2089858483,0ecaa5967403d082aa24f35e1b516d23)
Start importing Assets/DuoDraconis Dungeon Set - Wizard Laboratory/Material/DS_WizLab_Arch_FloorJ.mat using Guid(66e7992783fc1084aa1df7da37adac69) Importer(2089858483,0ecaa5967403d082aa24f35e1b516d23) Generated GUIDs only implemented for interfaces!
 -> (artifact id: 'd209bccc4cc0ddc6ea23dd2855e67440') in 0.023744 seconds
Number of updated asset objects reloaded before import = 0
Number of asset objects unloaded after import = 6
========================================================================
Received Import Request.
  Time since last request: 0.000018 seconds.
  path: Assets/DuoDraconis Dungeon Set - Wizard Laboratory/Material/DS_WizLab_Furn_Console.mat
  artifactKey: Guid(2c16e99c9296eb942945ebcffed26ad7) Importer(2089858483,0ecaa5967403d082aa24f35e1b516d23)
Start importing Assets/DuoDraconis Dungeon Set - Wizard Laboratory/Material/DS_WizLab_Furn_Console.mat using Guid(2c16e99c9296eb942945ebcffed26ad7) Importer(2089858483,0ecaa5967403d082aa24f35e1b516d23) Generated GUIDs only implemented for interfaces!
 -> (artifact id: 'e1d50e1b01c62fda5b4397573d80cfed') in 0.029981 seconds
Number of updated asset objects reloaded before import = 0
Number of asset objects unloaded after import = 6
========================================================================
Received Import Request.
  Time since last request: 0.000011 seconds.
  path: Assets/DuoDraconis Dungeon Set - Wizard Laboratory/Material/DS_WizLab_Arch_Wall_Inside.mat
  artifactKey: Guid(47695456b7f17924887e282cb25fdfb3) Importer(2089858483,0ecaa5967403d082aa24f35e1b516d23)
Start importing Assets/DuoDraconis Dungeon Set - Wizard Laboratory/Material/DS_WizLab_Arch_Wall_Inside.mat using Guid(47695456b7f17924887e282cb25fdfb3) Importer(2089858483,0ecaa5967403d082aa24f35e1b516d23) Generated GUIDs only implemented for interfaces!
 -> (artifact id: '273df393f19deea764d5bd19fad546aa') in 0.049263 seconds
Number of updated asset objects reloaded before import = 0
Number of asset objects unloaded after import = 6
========================================================================
Received Import Request.
  Time since last request: 0.000014 seconds.
  path: Assets/DuoDraconis Dungeon Set - Wizard Laboratory/Material/DS_WizLab_Arch_WindowC_Glass_01.mat
  artifactKey: Guid(30307730ccb55ab45b3fcf077fa6d94f) Importer(2089858483,0ecaa5967403d082aa24f35e1b516d23)
Start importing Assets/DuoDraconis Dungeon Set - Wizard Laboratory/Material/DS_WizLab_Arch_WindowC_Glass_01.mat using Guid(30307730ccb55ab45b3fcf077fa6d94f) Importer(2089858483,0ecaa5967403d082aa24f35e1b516d23) Generated GUIDs only implemented for interfaces!
 -> (artifact id: '18670ca6692d761729cb471657505d37') in 0.029129 seconds
Number of updated asset objects reloaded before import = 0
Number of asset objects unloaded after import = 6
========================================================================
Received Import Request.
  Time since last request: 0.000017 seconds.
  path: Assets/DuoDraconis Dungeon Set - Wizard Laboratory/Material/DS_WizLab_Clut_ProbesIngot_01.mat
  artifactKey: Guid(8522e162b20e7dc449d1e8aae7223e87) Importer(2089858483,0ecaa5967403d082aa24f35e1b516d23)
Start importing Assets/DuoDraconis Dungeon Set - Wizard Laboratory/Material/DS_WizLab_Clut_ProbesIngot_01.mat using Guid(8522e162b20e7dc449d1e8aae7223e87) Importer(2089858483,0ecaa5967403d082aa24f35e1b516d23) Generated GUIDs only implemented for interfaces!
 -> (artifact id: 'b3d936e940526ed08077d116a1ba14ec') in 0.032547 seconds
Number of updated asset objects reloaded before import = 0
Number of asset objects unloaded after import = 6
========================================================================
Received Import Request.
  Time since last request: 0.000602 seconds.
  path: Assets/DuoDraconis Dungeon Set - Wizard Laboratory/Material/DS_WizLab_Arch_FloorG.mat
  artifactKey: Guid(dadd1636d8b2a8245933dc55e9097f5a) Importer(2089858483,0ecaa5967403d082aa24f35e1b516d23)
Start importing Assets/DuoDraconis Dungeon Set - Wizard Laboratory/Material/DS_WizLab_Arch_FloorG.mat using Guid(dadd1636d8b2a8245933dc55e9097f5a) Importer(2089858483,0ecaa5967403d082aa24f35e1b516d23) Generated GUIDs only implemented for interfaces!
 -> (artifact id: 'ea3cd566709b75922867039fbf46c111') in 0.020782 seconds
Number of updated asset objects reloaded before import = 0
Number of asset objects unloaded after import = 6
========================================================================
Received Import Request.
  Time since last request: 0.000013 seconds.
  path: Assets/DuoDraconis Dungeon Set - Wizard Laboratory/Material/DS_WizLab_Arch_FloorA.mat
  artifactKey: Guid(a89a6617194016445a3ed7abe9f06b01) Importer(2089858483,0ecaa5967403d082aa24f35e1b516d23)
Start importing Assets/DuoDraconis Dungeon Set - Wizard Laboratory/Material/DS_WizLab_Arch_FloorA.mat using Guid(a89a6617194016445a3ed7abe9f06b01) Importer(2089858483,0ecaa5967403d082aa24f35e1b516d23) Generated GUIDs only implemented for interfaces!
 -> (artifact id: '3907b2a3528b56203af3cfb813a1ccc0') in 0.022227 seconds
Number of updated asset objects reloaded before import = 0
Number of asset objects unloaded after import = 6
========================================================================
Received Import Request.
  Time since last request: 0.000012 seconds.
  path: Assets/DuoDraconis Dungeon Set - Wizard Laboratory/Material/DS_WizLab_Furn_SmallBookcase.mat
  artifactKey: Guid(5d23dddd42f73a548810b009f1e0e4ca) Importer(2089858483,0ecaa5967403d082aa24f35e1b516d23)
Start importing Assets/DuoDraconis Dungeon Set - Wizard Laboratory/Material/DS_WizLab_Furn_SmallBookcase.mat using Guid(5d23dddd42f73a548810b009f1e0e4ca) Importer(2089858483,0ecaa5967403d082aa24f35e1b516d23) Generated GUIDs only implemented for interfaces!
 -> (artifact id: 'e6023652dbf0484b53e49f1e0609dc56') in 0.028967 seconds
Number of updated asset objects reloaded before import = 0
Number of asset objects unloaded after import = 6
========================================================================
Received Import Request.
  Time since last request: 0.000011 seconds.
  path: Assets/DuoDraconis Dungeon Set - Wizard Laboratory/Material/DS_WizLab_Clut_SmallChest.mat
  artifactKey: Guid(133f86fda2465dc4a9cd23670bf3907d) Importer(2089858483,0ecaa5967403d082aa24f35e1b516d23)
Start importing Assets/DuoDraconis Dungeon Set - Wizard Laboratory/Material/DS_WizLab_Clut_SmallChest.mat using Guid(133f86fda2465dc4a9cd23670bf3907d) Importer(2089858483,0ecaa5967403d082aa24f35e1b516d23) Generated GUIDs only implemented for interfaces!
 -> (artifact id: '6ff9d2070f9e11530a445e6b2015896c') in 0.034049 seconds
Number of updated asset objects reloaded before import = 0
Number of asset objects unloaded after import = 6
========================================================================
Received Import Request.
  Time since last request: 0.000019 seconds.
  path: Assets/DuoDraconis Dungeon Set - Wizard Laboratory/Material/DS_WizLab_Furn_Table.mat
  artifactKey: Guid(4da1ebeaf38500a4cb264de6f329da72) Importer(2089858483,0ecaa5967403d082aa24f35e1b516d23)
Start importing Assets/DuoDraconis Dungeon Set - Wizard Laboratory/Material/DS_WizLab_Furn_Table.mat using Guid(4da1ebeaf38500a4cb264de6f329da72) Importer(2089858483,0ecaa5967403d082aa24f35e1b516d23) Generated GUIDs only implemented for interfaces!
 -> (artifact id: 'c18ddc0c19daefe5d4371740a0b9ae58') in 0.060541 seconds
Number of updated asset objects reloaded before import = 0
Number of asset objects unloaded after import = 6
========================================================================
Received Import Request.
  Time since last request: 0.000027 seconds.
  path: Assets/DuoDraconis Dungeon Set - Wizard Laboratory/Material/DS_WizLab_Clut_ChalkBoard_01.mat
  artifactKey: Guid(58a9d524b4defad42bed438f824f4ed8) Importer(2089858483,0ecaa5967403d082aa24f35e1b516d23)
Start importing Assets/DuoDraconis Dungeon Set - Wizard Laboratory/Material/DS_WizLab_Clut_ChalkBoard_01.mat using Guid(58a9d524b4defad42bed438f824f4ed8) Importer(2089858483,0ecaa5967403d082aa24f35e1b516d23) Generated GUIDs only implemented for interfaces!
 -> (artifact id: 'ca5867dee816fcc95268cc96319b4bce') in 0.025030 seconds
Number of updated asset objects reloaded before import = 0
Number of asset objects unloaded after import = 5
========================================================================
Received Import Request.
  Time since last request: 0.000012 seconds.
  path: Assets/DuoDraconis Dungeon Set - Wizard Laboratory/Material/DS_WizLab_Arch_FloorK.mat
  artifactKey: Guid(2deb79da8c975714eb30614203db2f75) Importer(2089858483,0ecaa5967403d082aa24f35e1b516d23)
Start importing Assets/DuoDraconis Dungeon Set - Wizard Laboratory/Material/DS_WizLab_Arch_FloorK.mat using Guid(2deb79da8c975714eb30614203db2f75) Importer(2089858483,0ecaa5967403d082aa24f35e1b516d23) Generated GUIDs only implemented for interfaces!
 -> (artifact id: '6a6a8399a7b64502c39eddd699e263c9') in 0.029755 seconds
Number of updated asset objects reloaded before import = 0
Number of asset objects unloaded after import = 6
========================================================================
Received Import Request.
  Time since last request: 0.000069 seconds.
  path: Assets/DuoDraconis Dungeon Set - Wizard Laboratory/Material/DS_WizLab_Clut_ScrollPile.mat
  artifactKey: Guid(18964a556d6e2da4fb38a6738d679453) Importer(2089858483,0ecaa5967403d082aa24f35e1b516d23)
Start importing Assets/DuoDraconis Dungeon Set - Wizard Laboratory/Material/DS_WizLab_Clut_ScrollPile.mat using Guid(18964a556d6e2da4fb38a6738d679453) Importer(2089858483,0ecaa5967403d082aa24f35e1b516d23) Generated GUIDs only implemented for interfaces!
 -> (artifact id: '387d784ba969496f28669c822fa913d5') in 0.042992 seconds
Number of updated asset objects reloaded before import = 0
Number of asset objects unloaded after import = 6
========================================================================
Received Import Request.
  Time since last request: 0.000018 seconds.
  path: Assets/DuoDraconis Dungeon Set - Wizard Laboratory/Material/DS_WizLab_Furn_FlatDrawerRack.mat
  artifactKey: Guid(a77d57f011bb7934dad146ebcef6cdec) Importer(2089858483,0ecaa5967403d082aa24f35e1b516d23)
Start importing Assets/DuoDraconis Dungeon Set - Wizard Laboratory/Material/DS_WizLab_Furn_FlatDrawerRack.mat using Guid(a77d57f011bb7934dad146ebcef6cdec) Importer(2089858483,0ecaa5967403d082aa24f35e1b516d23) Generated GUIDs only implemented for interfaces!
 -> (artifact id: 'd8f3673f8ea89f3317cd0a4f3e4bb709') in 0.034053 seconds
Number of updated asset objects reloaded before import = 0
Number of asset objects unloaded after import = 6
========================================================================
Received Import Request.
  Time since last request: 0.000013 seconds.
  path: Assets/DuoDraconis Dungeon Set - Wizard Laboratory/DemoScene.unity
  artifactKey: Guid(3156da10c4d31e3449334747a0f47f21) Importer(2089858483,0ecaa5967403d082aa24f35e1b516d23)
Start importing Assets/DuoDraconis Dungeon Set - Wizard Laboratory/DemoScene.unity using Guid(3156da10c4d31e3449334747a0f47f21) Importer(2089858483,0ecaa5967403d082aa24f35e1b516d23) Generated GUIDs only implemented for interfaces!
 -> (artifact id: '193aab397e277b0a359eca8b3c235669') in 0.014174 seconds
Number of updated asset objects reloaded before import = 0
Number of asset objects unloaded after import = 1
========================================================================
Received Import Request.
  Time since last request: 0.000021 seconds.
  path: Assets/DuoDraconis Dungeon Set - Wizard Laboratory/Material/DS_WizLab_Arch_FloorH.mat
  artifactKey: Guid(d35a9c2576f625c4bb30998584ede8d3) Importer(2089858483,0ecaa5967403d082aa24f35e1b516d23)
Start importing Assets/DuoDraconis Dungeon Set - Wizard Laboratory/Material/DS_WizLab_Arch_FloorH.mat using Guid(d35a9c2576f625c4bb30998584ede8d3) Importer(2089858483,0ecaa5967403d082aa24f35e1b516d23) Generated GUIDs only implemented for interfaces!
 -> (artifact id: '38d1e1de7a99cdbf72be03d057f48d8d') in 0.029771 seconds
Number of updated asset objects reloaded before import = 0
Number of asset objects unloaded after import = 6
========================================================================
Received Import Request.
  Time since last request: 0.000015 seconds.
  path: Assets/DuoDraconis Dungeon Set - Wizard Laboratory/Material/DS_WizLab_Arch_FloorB.mat
  artifactKey: Guid(dd6c160861eb1254d966ab926839662a) Importer(2089858483,0ecaa5967403d082aa24f35e1b516d23)
Start importing Assets/DuoDraconis Dungeon Set - Wizard Laboratory/Material/DS_WizLab_Arch_FloorB.mat using Guid(dd6c160861eb1254d966ab926839662a) Importer(2089858483,0ecaa5967403d082aa24f35e1b516d23) Generated GUIDs only implemented for interfaces!
 -> (artifact id: '021c66b2a17810b2a9ca83255df39836') in 0.026673 seconds
Number of updated asset objects reloaded before import = 0
Number of asset objects unloaded after import = 6
========================================================================
Received Import Request.
  Time since last request: 0.000016 seconds.
  path: Assets/DuoDraconis Dungeon Set - Wizard Laboratory/Material/DS_WizLab_Arch_WindowE.mat
  artifactKey: Guid(7a3ce8ea8528c1047b26ca7889088a84) Importer(2089858483,0ecaa5967403d082aa24f35e1b516d23)
Start importing Assets/DuoDraconis Dungeon Set - Wizard Laboratory/Material/DS_WizLab_Arch_WindowE.mat using Guid(7a3ce8ea8528c1047b26ca7889088a84) Importer(2089858483,0ecaa5967403d082aa24f35e1b516d23) Generated GUIDs only implemented for interfaces!
 -> (artifact id: '217aadfbf5053aeb4e13878bb4ab8898') in 0.035110 seconds
Number of updated asset objects reloaded before import = 0
Number of asset objects unloaded after import = 6
========================================================================
Received Import Request.
  Time since last request: 0.000017 seconds.
  path: Assets/DuoDraconis Dungeon Set - Wizard Laboratory/Material/DS_WizLab_Arch_Staircase_Upper.mat
  artifactKey: Guid(2b543562852ffd3498c2c37267ef8b5a) Importer(2089858483,0ecaa5967403d082aa24f35e1b516d23)
Start importing Assets/DuoDraconis Dungeon Set - Wizard Laboratory/Material/DS_WizLab_Arch_Staircase_Upper.mat using Guid(2b543562852ffd3498c2c37267ef8b5a) Importer(2089858483,0ecaa5967403d082aa24f35e1b516d23) Generated GUIDs only implemented for interfaces!
 -> (artifact id: '9b2bf26a7731d20b9a61e4dc731c8155') in 0.034482 seconds
Number of updated asset objects reloaded before import = 0
Number of asset objects unloaded after import = 6
========================================================================
Received Import Request.
  Time since last request: 0.000017 seconds.
  path: Assets/DuoDraconis Dungeon Set - Wizard Laboratory/Material/DS_WizLab_Arch_WindowD_Glass_01.mat
  artifactKey: Guid(5d345a94b68570343a61ac7eebde204f) Importer(2089858483,0ecaa5967403d082aa24f35e1b516d23)
Start importing Assets/DuoDraconis Dungeon Set - Wizard Laboratory/Material/DS_WizLab_Arch_WindowD_Glass_01.mat using Guid(5d345a94b68570343a61ac7eebde204f) Importer(2089858483,0ecaa5967403d082aa24f35e1b516d23) Generated GUIDs only implemented for interfaces!
 -> (artifact id: 'b9b23dc7002cd8402a71ec0000d051a3') in 0.024017 seconds
Number of updated asset objects reloaded before import = 0
Number of asset objects unloaded after import = 6
========================================================================
Received Import Request.
  Time since last request: 0.000643 seconds.
  path: Assets/DuoDraconis Dungeon Set - Wizard Laboratory/Material/DS_WizLab_Arch_WindowC_Glass_00.mat
  artifactKey: Guid(02b96a464d052ee40b2ea33f50f7323b) Importer(2089858483,0ecaa5967403d082aa24f35e1b516d23)
Start importing Assets/DuoDraconis Dungeon Set - Wizard Laboratory/Material/DS_WizLab_Arch_WindowC_Glass_00.mat using Guid(02b96a464d052ee40b2ea33f50f7323b) Importer(2089858483,0ecaa5967403d082aa24f35e1b516d23) Generated GUIDs only implemented for interfaces!
 -> (artifact id: '602b0d228be38eca24a3057b0d9e8f1c') in 0.023705 seconds
Number of updated asset objects reloaded before import = 0
Number of asset objects unloaded after import = 6
========================================================================
Received Import Request.
  Time since last request: 0.000014 seconds.
  path: Assets/DuoDraconis Dungeon Set - Wizard Laboratory/Material/DS_WizLab_Furn_DeskChair.mat
  artifactKey: Guid(3d4b738c2d4cf2d419926d0cc7d4f4f4) Importer(2089858483,0ecaa5967403d082aa24f35e1b516d23)
Start importing Assets/DuoDraconis Dungeon Set - Wizard Laboratory/Material/DS_WizLab_Furn_DeskChair.mat using Guid(3d4b738c2d4cf2d419926d0cc7d4f4f4) Importer(2089858483,0ecaa5967403d082aa24f35e1b516d23) Generated GUIDs only implemented for interfaces!
 -> (artifact id: '09f9183453e9827f7b51ad431c4c9cd0') in 0.030564 seconds
Number of updated asset objects reloaded before import = 0
Number of asset objects unloaded after import = 6
========================================================================
Received Import Request.
  Time since last request: 0.000018 seconds.
  path: Assets/DuoDraconis Dungeon Set - Wizard Laboratory/Material/DS_WizLab_Furn_ApothecaryRack.mat
  artifactKey: Guid(dc4805081fcafe748a4e5c6eaff57b15) Importer(2089858483,0ecaa5967403d082aa24f35e1b516d23)
Start importing Assets/DuoDraconis Dungeon Set - Wizard Laboratory/Material/DS_WizLab_Furn_ApothecaryRack.mat using Guid(dc4805081fcafe748a4e5c6eaff57b15) Importer(2089858483,0ecaa5967403d082aa24f35e1b516d23) Generated GUIDs only implemented for interfaces!
 -> (artifact id: 'af51433496ee0b31fa0d6b4c28132ef1') in 0.029056 seconds
Number of updated asset objects reloaded before import = 0
Number of asset objects unloaded after import = 6
========================================================================
Received Import Request.
  Time since last request: 0.000013 seconds.
  path: Assets/DuoDraconis Dungeon Set - Wizard Laboratory/Material/DS_WizLab_Clut_ProbesIngot_03.mat
  artifactKey: Guid(233ca46ecf69da94e889aac4e7637384) Importer(2089858483,0ecaa5967403d082aa24f35e1b516d23)
Start importing Assets/DuoDraconis Dungeon Set - Wizard Laboratory/Material/DS_WizLab_Clut_ProbesIngot_03.mat using Guid(233ca46ecf69da94e889aac4e7637384) Importer(2089858483,0ecaa5967403d082aa24f35e1b516d23) Generated GUIDs only implemented for interfaces!
 -> (artifact id: 'bdf5c51a160dd97abbf584614bce24dd') in 0.032246 seconds
Number of updated asset objects reloaded before import = 0
Number of asset objects unloaded after import = 6
========================================================================
Received Import Request.
  Time since last request: 0.000013 seconds.
  path: Assets/DuoDraconis Dungeon Set - Wizard Laboratory/Material/DS_WizLab_Arch_FloorE.mat
  artifactKey: Guid(bf2ccecfe7f85114395ca6402adb7599) Importer(2089858483,0ecaa5967403d082aa24f35e1b516d23)
Start importing Assets/DuoDraconis Dungeon Set - Wizard Laboratory/Material/DS_WizLab_Arch_FloorE.mat using Guid(bf2ccecfe7f85114395ca6402adb7599) Importer(2089858483,0ecaa5967403d082aa24f35e1b516d23) Generated GUIDs only implemented for interfaces!
 -> (artifact id: 'd36889ac2111e98f1fd59a7138e28091') in 0.022477 seconds
Number of updated asset objects reloaded before import = 0
Number of asset objects unloaded after import = 6
========================================================================
Received Import Request.
  Time since last request: 0.000130 seconds.
  path: Assets/DuoDraconis Dungeon Set - Wizard Laboratory/Material/DS_WizLab_Arch_WindowE_Glass.mat
  artifactKey: Guid(06e230bd235cb9c4397890b673e3fc95) Importer(2089858483,0ecaa5967403d082aa24f35e1b516d23)
Start importing Assets/DuoDraconis Dungeon Set - Wizard Laboratory/Material/DS_WizLab_Arch_WindowE_Glass.mat using Guid(06e230bd235cb9c4397890b673e3fc95) Importer(2089858483,0ecaa5967403d082aa24f35e1b516d23) Generated GUIDs only implemented for interfaces!
 -> (artifact id: 'fa3eeac86dfb7b3b1e8c208697145bad') in 0.027418 seconds
Number of updated asset objects reloaded before import = 0
Number of asset objects unloaded after import = 6
Editor requested this worker to shutdown with reason: Scaling down because of idle timeout
TcpMessagingSession - receive error: operation aborted. errorcode: 995, details: The I/O operation has been aborted because of either a thread exit or an application request.
AssetImportWorker is now disconnected from the server
Process exiting
Exiting without the bug reporter. Application will terminate with return code 0